fixture_order_desc,fixture_id,sm_fixture_id,season,date_label,date,league_id,league_name,venue_code,venue,opponent,score_text,score_label,player_id,player,player_full_name,player_join_key,xg,minutes,played,position,source_cell_text,source_url
56,1193039,19464492,2025/2026,25/26 10 Aug,2025-08-10,7,Community Shield,a,Away,Crystal Palace,2-2,a 2-2 P,34053,A. Isak,Alexander Isak,alexander_isak,0.0,0,0,,,https://playerstats.football/premier-league/liverpool/xg
55,1378727,19427455,2025/2026,25/26 15 Aug,2025-08-15,1,Premier League,h,Home,AFC Bournemouth,4-2,h 4-2,34053,A. Isak,Alexander Isak,alexander_isak,0.0,0,0,,,https://playerstats.football/premier-league/liverpool/xg
54,1378725,19427473,2025/2026,25/26 25 Aug,2025-08-25,1,Premier League,a,Away,Newcastle United,2-3,a 2-3,34053,A. Isak,Alexander Isak,alexander_isak,0.0,0,0,,,https://playerstats.football/premier-league/liverpool/xg
53,1378820,19427479,2025/2026,25/26 31 Aug,2025-08-31,1,Premier League,h,Home,Arsenal,1-0,h 1-0,34053,A. Isak,Alexander Isak,alexander_isak,0.0,0,0,,,https://playerstats.football/premier-league/liverpool/xg
52,1378793,19427488,2025/2026,25/26 14 Sep,2025-09-14,1,Premier League,a,Away,Burnley,0-1,a 0-1,34053,A. Isak,Alexander Isak,alexander_isak,0.0,0,0,,,https://playerstats.football/premier-league/liverpool/xg
51,1397014,19568539,2025/2026,25/26 17 Sep,2025-09-17,5,Champions League,h,Home,Atlético Madrid,3-2,h 3-2,34053,A. Isak,Alexander Isak,alexander_isak,0.18,58,1,ST,0.18 58' 1.64 +1.46 H. Ekitiké ST,https://playerstats.football/premier-league/liverpool/xg
50,1379121,19427500,2025/2026,25/26 20 Sep,2025-09-20,1,Premier League,h,Home,Everton,2-1,h 2-1,34053,A. Isak,Alexander Isak,alexander_isak,0.0,23,1,,23',https://playerstats.football/premier-league/liverpool/xg
49,1218466,19572904,2025/2026,25/26 23 Sep,2025-09-23,8,Carabao Cup,h,Home,Southampton,2-1,h 2-1,34053,A. Isak,Alexander Isak,alexander_isak,0.34,46,1,ST,0.34 46' 0.89 +0.55 H. Ekitiké ST,https://playerstats.football/premier-league/liverpool/xg
48,1379139,19427508,2025/2026,25/26 27 Sep,2025-09-27,1,Premier League,a,Away,Crystal Palace,2-1,a 2-1,34053,A. Isak,Alexander Isak,alexander_isak,0.46,84,1,ST,0.46 84' ST,https://playerstats.football/premier-league/liverpool/xg
47,1396787,19568522,2025/2026,25/26 30 Sep,2025-09-30,5,Champions League,a,Away,Galatasaray,1-0,a 1-0,34053,A. Isak,Alexander Isak,alexander_isak,0.07,28,1,,0.07 28',https://playerstats.football/premier-league/liverpool/xg
46,1378908,19427519,2025/2026,25/26 04 Oct,2025-10-04,1,Premier League,a,Away,Chelsea,2-1,a 2-1,34053,A. Isak,Alexander Isak,alexander_isak,0.16,74,1,ST,0.16 74' 0.29 +0.13 H. Ekitiké ST,https://playerstats.football/premier-league/liverpool/xg
45,1378881,19427529,2025/2026,25/26 19 Oct,2025-10-19,1,Premier League,h,Home,Manchester United,1-2,h 1-2,34053,A. Isak,Alexander Isak,alexander_isak,0.22,72,1,ST,0.22 72' 0.29 +0.07 F. Chiesa ST,https://playerstats.football/premier-league/liverpool/xg
44,1397134,19568510,2025/2026,25/26 22 Oct,2025-10-22,5,Champions League,a,Away,Eintracht Frankfurt,1-5,a 1-5,34053,A. Isak,Alexander Isak,alexander_isak,0.3,46,1,ST,0.30 46' 0.44 +0.14 F. Chiesa ST,https://playerstats.football/premier-league/liverpool/xg
43,1378639,19427539,2025/2026,25/26 25 Oct,2025-10-25,1,Premier League,a,Away,Brentford,3-2,a 3-2,34053,A. Isak,Alexander Isak,alexander_isak,0.0,0,0,,,https://playerstats.football/premier-league/liverpool/xg
42,1290118,19585905,2025/2026,25/26 29 Oct,2025-10-29,8,Carabao Cup,h,Home,Crystal Palace,0-3,h 0-3,34053,A. Isak,Alexander Isak,alexander_isak,0.0,0,0,,,https://playerstats.football/premier-league/liverpool/xg
41,1378744,19427550,2025/2026,25/26 01 Nov,2025-11-01,1,Premier League,h,Home,Aston Villa,2-0,h 2-0,34053,A. Isak,Alexander Isak,alexander_isak,0.0,0,0,,,https://playerstats.football/premier-league/liverpool/xg
40,1397140,19568538,2025/2026,25/26 04 Nov,2025-11-04,5,Champions League,h,Home,Real Madrid,1-0,h 1-0,34053,A. Isak,Alexander Isak,alexander_isak,0.0,0,0,,,https://playerstats.football/premier-league/liverpool/xg
39,1378930,19427561,2025/2026,25/26 09 Nov,2025-11-09,1,Premier League,a,Away,Manchester City,3-0,a 3-0,34053,A. Isak,Alexander Isak,alexander_isak,0.0,0,0,,,https://playerstats.football/premier-league/liverpool/xg
38,1378974,19427572,2025/2026,25/26 22 Nov,2025-11-22,1,Premier League,h,Home,Nottingham Forest,0-3,h 0-3,34053,A. Isak,Alexander Isak,alexander_isak,0.17,68,1,ST,0.17 68' 0.49 +0.32 F. Chiesa ST,https://playerstats.football/premier-league/liverpool/xg
37,1396979,19568540,2025/2026,25/26 26 Nov,2025-11-26,5,Champions League,h,Home,PSV,1-4,h 1-4,34053,A. Isak,Alexander Isak,alexander_isak,0.21,29,1,,0.21 29',https://playerstats.football/premier-league/liverpool/xg
36,1378854,19427585,2025/2026,25/26 30 Nov,2025-11-30,1,Premier League,a,Away,West Ham United,0-2,a 0-2,34053,A. Isak,Alexander Isak,alexander_isak,0.78,68,1,ST,0.78 68' 0.83 +0.05 H. Ekitiké ST,https://playerstats.football/premier-league/liverpool/xg
35,1378637,19427592,2025/2026,25/26 03 Dec,2025-12-03,1,Premier League,h,Home,Sunderland,1-1,h 1-1,34053,A. Isak,Alexander Isak,alexander_isak,0.12,86,1,ST,0.12 86' 0.24 +0.12 F. Chiesa ST,https://playerstats.football/premier-league/liverpool/xg
34,1378928,19427601,2025/2026,25/26 06 Dec,2025-12-06,1,Premier League,a,Away,Leeds United,3-3,a 3-3,34053,A. Isak,Alexander Isak,alexander_isak,0.04,6,1,,0.04 6',https://playerstats.football/premier-league/liverpool/xg
33,1396884,19568526,2025/2026,25/26 09 Dec,2025-12-09,5,Champions League,a,Away,Inter,0-1,a 0-1,34053,A. Isak,Alexander Isak,alexander_isak,0.02,68,1,ST,0.02 68' 0.04 +0.02 F. Wirtz ST,https://playerstats.football/premier-league/liverpool/xg
32,1378936,19427611,2025/2026,25/26 13 Dec,2025-12-13,1,Premier League,h,Home,Brighton & Hove Albion,2-0,h 2-0,34053,A. Isak,Alexander Isak,alexander_isak,0.0,12,1,,12',https://playerstats.football/premier-league/liverpool/xg
31,1378949,19427624,2025/2026,25/26 20 Dec,2025-12-20,1,Premier League,a,Away,Tottenham Hotspur,1-2,a 1-2,34053,A. Isak,Alexander Isak,alexander_isak,0.22,14,1,,0.22 14',https://playerstats.football/premier-league/liverpool/xg
30,1379105,19427631,2025/2026,25/26 27 Dec,2025-12-27,1,Premier League,h,Home,Wolverhampton Wanderers,2-1,h 2-1,34053,A. Isak,Alexander Isak,alexander_isak,0.0,0,0,,,https://playerstats.football/premier-league/liverpool/xg
29,1378612,19427641,2025/2026,25/26 01 Jan,2026-01-01,1,Premier League,h,Home,Leeds United,0-0,h 0-0,34053,A. Isak,Alexander Isak,alexander_isak,0.0,0,0,,,https://playerstats.football/premier-league/liverpool/xg
28,1379083,19427650,2025/2026,25/26 04 Jan,2026-01-04,1,Premier League,a,Away,Fulham,2-2,a 2-2,34053,A. Isak,Alexander Isak,alexander_isak,0.0,0,0,,,https://playerstats.football/premier-league/liverpool/xg
27,1378873,19427656,2025/2026,25/26 08 Jan,2026-01-08,1,Premier League,a,Away,Arsenal,0-0,a 0-0,34053,A. Isak,Alexander Isak,alexander_isak,0.0,0,0,,,https://playerstats.football/premier-league/liverpool/xg
26,1344436,19615693,2025/2026,25/26 12 Jan,2026-01-12,300,FA Cup,h,Home,Barnsley,4-1,h 4-1,34053,A. Isak,Alexander Isak,alexander_isak,0.0,0,0,,,https://playerstats.football/premier-league/liverpool/xg
25,1378764,19427670,2025/2026,25/26 17 Jan,2026-01-17,1,Premier League,h,Home,Burnley,1-1,h 1-1,34053,A. Isak,Alexander Isak,alexander_isak,0.0,0,0,,,https://playerstats.football/premier-league/liverpool/xg
24,1397227,19568558,2025/2026,25/26 21 Jan,2026-01-21,5,Champions League,a,Away,Olympique Marseille,0-3,a 0-3,34053,A. Isak,Alexander Isak,alexander_isak,0.0,0,0,,,https://playerstats.football/premier-league/liverpool/xg
23,1378641,19427677,2025/2026,25/26 24 Jan,2026-01-24,1,Premier League,a,Away,AFC Bournemouth,3-2,a 3-2,34053,A. Isak,Alexander Isak,alexander_isak,0.0,0,0,,,https://playerstats.football/premier-league/liverpool/xg
22,1396913,19568541,2025/2026,25/26 28 Jan,2026-01-28,5,Champions League,h,Home,Qarabağ,6-0,h 6-0,34053,A. Isak,Alexander Isak,alexander_isak,0.0,0,0,,,https://playerstats.football/premier-league/liverpool/xg
21,1378995,19427690,2025/2026,25/26 31 Jan,2026-01-31,1,Premier League,h,Home,Newcastle United,4-1,h 4-1,34053,A. Isak,Alexander Isak,alexander_isak,0.0,0,0,,,https://playerstats.football/premier-league/liverpool/xg
20,1378700,19427702,2025/2026,25/26 08 Feb,2026-02-08,1,Premier League,h,Home,Manchester City,1-2,h 1-2,34053,A. Isak,Alexander Isak,alexander_isak,0.0,0,0,,,https://playerstats.football/premier-league/liverpool/xg
19,1378607,19427713,2025/2026,25/26 11 Feb,2026-02-11,1,Premier League,a,Away,Sunderland,0-1,a 0-1,34053,A. Isak,Alexander Isak,alexander_isak,0.0,0,0,,,https://playerstats.football/premier-league/liverpool/xg
18,1374766,19645325,2025/2026,25/26 14 Feb,2026-02-14,300,FA Cup,h,Home,Brighton & Hove Albion,3-0,h 3-0,34053,A. Isak,Alexander Isak,alexander_isak,0.0,0,0,,,https://playerstats.football/premier-league/liverpool/xg
17,1398004,19427151,2025/2026,25/26 22 Feb,2026-02-22,1,Premier League,a,Away,Nottingham Forest,0-1,a 0-1,34053,A. Isak,Alexander Isak,alexander_isak,0.0,0,0,,,https://playerstats.football/premier-league/liverpool/xg
16,1405260,19427161,2025/2026,25/26 28 Feb,2026-02-28,1,Premier League,h,Home,West Ham United,5-2,h 5-2,34053,A. Isak,Alexander Isak,alexander_isak,0.0,0,0,,,https://playerstats.football/premier-league/liverpool/xg
15,1407609,19427174,2025/2026,25/26 03 Mar,2026-03-03,1,Premier League,a,Away,Wolverhampton Wanderers,2-1,a 2-1,34053,A. Isak,Alexander Isak,alexander_isak,0.0,0,0,,,https://playerstats.football/premier-league/liverpool/xg
14,1413001,19676918,2025/2026,25/26 06 Mar,2026-03-06,300,FA Cup,a,Away,Wolverhampton Wanderers,1-3,a 1-3,34053,A. Isak,Alexander Isak,alexander_isak,0.0,0,0,,,https://playerstats.football/premier-league/liverpool/xg
13,1415031,19662568,2025/2026,25/26 10 Mar,2026-03-10,5,Champions League,a,Away,Galatasaray,1-0,a 1-0,34053,A. Isak,Alexander Isak,alexander_isak,0.0,0,0,,,https://playerstats.football/premier-league/liverpool/xg
12,1422066,19427180,2025/2026,25/26 15 Mar,2026-03-15,1,Premier League,h,Home,Tottenham Hotspur,1-1,h 1-1,34053,A. Isak,Alexander Isak,alexander_isak,0.0,0,0,,,https://playerstats.football/premier-league/liverpool/xg
11,1426145,19662560,2025/2026,25/26 18 Mar,2026-03-18,5,Champions League,h,Home,Galatasaray,4-0,h 4-0,34053,A. Isak,Alexander Isak,alexander_isak,0.0,0,0,,,https://playerstats.football/premier-league/liverpool/xg
10,1429079,19427187,2025/2026,25/26 21 Mar,2026-03-21,1,Premier League,a,Away,Brighton & Hove Albion,2-1,a 2-1,34053,A. Isak,Alexander Isak,alexander_isak,0.0,0,0,,,https://playerstats.football/premier-league/liverpool/xg
9,1443072,19687560,2025/2026,25/26 04 Apr,2026-04-04,300,FA Cup,a,Away,Manchester City,4-0,a 4-0,34053,A. Isak,Alexander Isak,alexander_isak,0.0,0,0,,,https://playerstats.football/premier-league/liverpool/xg
8,1447863,19683236,2025/2026,25/26 08 Apr,2026-04-08,5,Champions League,a,Away,Paris Saint Germain,2-0,a 2-0,34053,A. Isak,Alexander Isak,alexander_isak,0.0,12,1,,12',https://playerstats.football/premier-league/liverpool/xg
7,1451031,19427197,2025/2026,25/26 11 Apr,2026-04-11,1,Premier League,h,Home,Fulham,2-0,h 2-0,34053,A. Isak,Alexander Isak,alexander_isak,0.0,21,1,,21',https://playerstats.football/premier-league/liverpool/xg
6,1452845,19683229,2025/2026,25/26 14 Apr,2026-04-14,5,Champions League,h,Home,Paris Saint Germain,0-2,h 0-2,34053,A. Isak,Alexander Isak,alexander_isak,0.05,46,1,ST,0.05 46' 0.12 +0.07 C. Gakpo ST,https://playerstats.football/premier-league/liverpool/xg
5,1458937,19427732,2025/2026,25/26 19 Apr,2026-04-19,1,Premier League,a,Away,Everton,1-2,a 1-2,34053,A. Isak,Alexander Isak,alexander_isak,0.12,72,1,ST,0.12 72' 0.22 +0.10 R. Ngumoha ST,https://playerstats.football/premier-league/liverpool/xg
4,1466441,19427201,2025/2026,25/26 25 Apr,2026-04-25,1,Premier League,h,Home,Crystal Palace,3-1,h 3-1,34053,A. Isak,Alexander Isak,alexander_isak,0.07,79,1,ST,0.07 79' ST,https://playerstats.football/premier-league/liverpool/xg
3,1475068,19427213,2025/2026,25/26 03 May,2026-05-03,1,Premier League,a,Away,Manchester United,3-2,a 3-2,34053,A. Isak,Alexander Isak,alexander_isak,0.0,0,0,,,https://playerstats.football/premier-league/liverpool/xg
2,1480645,19427220,2025/2026,25/26 09 May,2026-05-09,1,Premier League,h,Home,Chelsea,1-1,h 1-1,34053,A. Isak,Alexander Isak,alexander_isak,0.0,23,1,,23',https://playerstats.football/premier-league/liverpool/xg
1,1487202,19427227,2025/2026,25/26 15 May,2026-05-15,1,Premier League,a,Away,Aston Villa,4-2,a 4-2,34053,A. Isak,Alexander Isak,alexander_isak,0.0,0,0,,,https://playerstats.football/premier-league/liverpool/xg
56,1193039,19464492,2025/2026,25/26 10 Aug,2025-08-10,7,Community Shield,a,Away,Crystal Palace,2-2,a 2-2 P,216612,A. Mac Allister,Alexis Mac Allister,alexis_mac_allister,0.0,49,1,,49',https://playerstats.football/premier-league/liverpool/xg
55,1378727,19427455,2025/2026,25/26 15 Aug,2025-08-15,1,Premier League,h,Home,AFC Bournemouth,4-2,h 4-2,216612,A. Mac Allister,Alexis Mac Allister,alexis_mac_allister,0.03,72,1,LDM,0.03 72' LDM,https://playerstats.football/premier-league/liverpool/xg
54,1378725,19427473,2025/2026,25/26 25 Aug,2025-08-25,1,Premier League,a,Away,Newcastle United,2-3,a 2-3,216612,A. Mac Allister,Alexis Mac Allister,alexis_mac_allister,0.0,0,0,,,https://playerstats.football/premier-league/liverpool/xg
53,1378820,19427479,2025/2026,25/26 31 Aug,2025-08-31,1,Premier League,h,Home,Arsenal,1-0,h 1-0,216612,A. Mac Allister,Alexis Mac Allister,alexis_mac_allister,0.11,61,1,LDM,0.11 61' LDM,https://playerstats.football/premier-league/liverpool/xg
52,1378793,19427488,2025/2026,25/26 14 Sep,2025-09-14,1,Premier League,a,Away,Burnley,0-1,a 0-1,216612,A. Mac Allister,Alexis Mac Allister,alexis_mac_allister,0.0,46,1,LDM,46' 0.04 +0.04 C. Bradley LDM,https://playerstats.football/premier-league/liverpool/xg
51,1397014,19568539,2025/2026,25/26 17 Sep,2025-09-17,5,Champions League,h,Home,Atlético Madrid,3-2,h 3-2,216612,A. Mac Allister,Alexis Mac Allister,alexis_mac_allister,0.0,32,1,,32',https://playerstats.football/premier-league/liverpool/xg
50,1379121,19427500,2025/2026,25/26 20 Sep,2025-09-20,1,Premier League,h,Home,Everton,2-1,h 2-1,216612,A. Mac Allister,Alexis Mac Allister,alexis_mac_allister,0.12,61,1,LDM,0.12 61' LDM,https://playerstats.football/premier-league/liverpool/xg
49,1218466,19572904,2025/2026,25/26 23 Sep,2025-09-23,8,Carabao Cup,h,Home,Southampton,2-1,h 2-1,216612,A. Mac Allister,Alexis Mac Allister,alexis_mac_allister,0.0,0,0,,,https://playerstats.football/premier-league/liverpool/xg
48,1379139,19427508,2025/2026,25/26 27 Sep,2025-09-27,1,Premier League,a,Away,Crystal Palace,2-1,a 2-1,216612,A. Mac Allister,Alexis Mac Allister,alexis_mac_allister,0.11,65,1,LDM,0.11 65' 0.16 +0.05 C. Jones LDM,https://playerstats.football/premier-league/liverpool/xg
47,1396787,19568522,2025/2026,25/26 30 Sep,2025-09-30,5,Champions League,a,Away,Galatasaray,1-0,a 1-0,216612,A. Mac Allister,Alexis Mac Allister,alexis_mac_allister,0.05,22,1,,0.05 22',https://playerstats.football/premier-league/liverpool/xg
46,1378908,19427519,2025/2026,25/26 04 Oct,2025-10-04,1,Premier League,a,Away,Chelsea,2-1,a 2-1,216612,A. Mac Allister,Alexis Mac Allister,alexis_mac_allister,0.04,86,1,LDM,0.04 86' LDM,https://playerstats.football/premier-league/liverpool/xg
45,1378881,19427529,2025/2026,25/26 19 Oct,2025-10-19,1,Premier League,h,Home,Manchester United,1-2,h 1-2,216612,A. Mac Allister,Alexis Mac Allister,alexis_mac_allister,0.2,62,1,LDM,0.20 62' 0.3 +0.10 H. Ekitiké LDM,https://playerstats.football/premier-league/liverpool/xg
44,1397134,19568510,2025/2026,25/26 22 Oct,2025-10-22,5,Champions League,a,Away,Eintracht Frankfurt,1-5,a 1-5,216612,A. Mac Allister,Alexis Mac Allister,alexis_mac_allister,0.0,16,1,,16',https://playerstats.football/premier-league/liverpool/xg
43,1378639,19427539,2025/2026,25/26 25 Oct,2025-10-25,1,Premier League,a,Away,Brentford,3-2,a 3-2,216612,A. Mac Allister,Alexis Mac Allister,alexis_mac_allister,0.37,28,1,,0.37 28',https://playerstats.football/premier-league/liverpool/xg
42,1290118,19585905,2025/2026,25/26 29 Oct,2025-10-29,8,Carabao Cup,h,Home,Crystal Palace,0-3,h 0-3,216612,A. Mac Allister,Alexis Mac Allister,alexis_mac_allister,0.0,67,1,LCM,67' LCM,https://playerstats.football/premier-league/liverpool/xg
41,1378744,19427550,2025/2026,25/26 01 Nov,2025-11-01,1,Premier League,h,Home,Aston Villa,2-0,h 2-0,216612,A. Mac Allister,Alexis Mac Allister,alexis_mac_allister,0.14,90,1,LDM,0.14 90' LDM,https://playerstats.football/premier-league/liverpool/xg
40,1397140,19568538,2025/2026,25/26 04 Nov,2025-11-04,5,Champions League,h,Home,Real Madrid,1-0,h 1-0,216612,A. Mac Allister,Alexis Mac Allister,alexis_mac_allister,0.29,79,1,LDM,0.29 79' LDM,https://playerstats.football/premier-league/liverpool/xg
39,1378930,19427561,2025/2026,25/26 09 Nov,2025-11-09,1,Premier League,a,Away,Manchester City,3-0,a 3-0,216612,A. Mac Allister,Alexis Mac Allister,alexis_mac_allister,0.0,74,1,LDM,74' LDM,https://playerstats.football/premier-league/liverpool/xg
38,1378974,19427572,2025/2026,25/26 22 Nov,2025-11-22,1,Premier League,h,Home,Nottingham Forest,0-3,h 0-3,216612,A. Mac Allister,Alexis Mac Allister,alexis_mac_allister,0.56,90,1,LCM,0.56 90' LCM,https://playerstats.football/premier-league/liverpool/xg
37,1396979,19568540,2025/2026,25/26 26 Nov,2025-11-26,5,Champions League,h,Home,PSV,1-4,h 1-4,216612,A. Mac Allister,Alexis Mac Allister,alexis_mac_allister,0.2,90,1,LDM,0.20 90' LDM,https://playerstats.football/premier-league/liverpool/xg
36,1378854,19427585,2025/2026,25/26 30 Nov,2025-11-30,1,Premier League,a,Away,West Ham United,0-2,a 0-2,216612,A. Mac Allister,Alexis Mac Allister,alexis_mac_allister,0.02,90,1,LDM,0.02 90' LDM,https://playerstats.football/premier-league/liverpool/xg
35,1378637,19427592,2025/2026,25/26 03 Dec,2025-12-03,1,Premier League,h,Home,Sunderland,1-1,h 1-1,216612,A. Mac Allister,Alexis Mac Allister,alexis_mac_allister,0.04,74,1,LDM,0.04 74' 0.13 +0.09 H. Ekitiké LDM,https://playerstats.football/premier-league/liverpool/xg
34,1378928,19427601,2025/2026,25/26 06 Dec,2025-12-06,1,Premier League,a,Away,Leeds United,3-3,a 3-3,216612,A. Mac Allister,Alexis Mac Allister,alexis_mac_allister,0.0,22,1,,22',https://playerstats.football/premier-league/liverpool/xg
33,1396884,19568526,2025/2026,25/26 09 Dec,2025-12-09,5,Champions League,a,Away,Inter,0-1,a 0-1,216612,A. Mac Allister,Alexis Mac Allister,alexis_mac_allister,0.0,90,1,CAM,90' CAM,https://playerstats.football/premier-league/liverpool/xg
32,1378936,19427611,2025/2026,25/26 13 Dec,2025-12-13,1,Premier League,h,Home,Brighton & Hove Albion,2-0,h 2-0,216612,A. Mac Allister,Alexis Mac Allister,alexis_mac_allister,0.32,90,1,CAM,0.32 90' CAM,https://playerstats.football/premier-league/liverpool/xg
31,1378949,19427624,2025/2026,25/26 20 Dec,2025-12-20,1,Premier League,a,Away,Tottenham Hotspur,1-2,a 1-2,216612,A. Mac Allister,Alexis Mac Allister,alexis_mac_allister,0.12,90,1,CAM,0.12 90' CAM,https://playerstats.football/premier-league/liverpool/xg
30,1379105,19427631,2025/2026,25/26 27 Dec,2025-12-27,1,Premier League,h,Home,Wolverhampton Wanderers,2-1,h 2-1,216612,A. Mac Allister,Alexis Mac Allister,alexis_mac_allister,0.25,90,1,CAM,0.25 90' CAM,https://playerstats.football/premier-league/liverpool/xg
29,1378612,19427641,2025/2026,25/26 01 Jan,2026-01-01,1,Premier League,h,Home,Leeds United,0-0,h 0-0,216612,A. Mac Allister,Alexis Mac Allister,alexis_mac_allister,0.02,24,1,,0.02 24',https://playerstats.football/premier-league/liverpool/xg
28,1379083,19427650,2025/2026,25/26 04 Jan,2026-01-04,1,Premier League,a,Away,Fulham,2-2,a 2-2,216612,A. Mac Allister,Alexis Mac Allister,alexis_mac_allister,0.04,90,1,LDM,0.04 90' LDM,https://playerstats.football/premier-league/liverpool/xg
27,1378873,19427656,2025/2026,25/26 08 Jan,2026-01-08,1,Premier League,a,Away,Arsenal,0-0,a 0-0,216612,A. Mac Allister,Alexis Mac Allister,alexis_mac_allister,0.0,90,1,LDM,90' LDM,https://playerstats.football/premier-league/liverpool/xg
26,1344436,19615693,2025/2026,25/26 12 Jan,2026-01-12,300,FA Cup,h,Home,Barnsley,4-1,h 4-1,216612,A. Mac Allister,Alexis Mac Allister,alexis_mac_allister,0.04,88,1,RDM,0.04 88' RDM,https://playerstats.football/premier-league/liverpool/xg
25,1378764,19427670,2025/2026,25/26 17 Jan,2026-01-17,1,Premier League,h,Home,Burnley,1-1,h 1-1,216612,A. Mac Allister,Alexis Mac Allister,alexis_mac_allister,0.25,12,1,,0.25 12',https://playerstats.football/premier-league/liverpool/xg
24,1397227,19568558,2025/2026,25/26 21 Jan,2026-01-21,5,Champions League,a,Away,Olympique Marseille,0-3,a 0-3,216612,A. Mac Allister,Alexis Mac Allister,alexis_mac_allister,0.05,90,1,LDM,0.05 90' LDM,https://playerstats.football/premier-league/liverpool/xg
23,1378641,19427677,2025/2026,25/26 24 Jan,2026-01-24,1,Premier League,a,Away,AFC Bournemouth,3-2,a 3-2,216612,A. Mac Allister,Alexis Mac Allister,alexis_mac_allister,0.03,59,1,LDM,0.03 59' LDM,https://playerstats.football/premier-league/liverpool/xg
22,1396913,19568541,2025/2026,25/26 28 Jan,2026-01-28,5,Champions League,h,Home,Qarabağ,6-0,h 6-0,216612,A. Mac Allister,Alexis Mac Allister,alexis_mac_allister,1.37,90,1,LDM,1.37 90' LDM,https://playerstats.football/premier-league/liverpool/xg
21,1378995,19427690,2025/2026,25/26 31 Jan,2026-01-31,1,Premier League,h,Home,Newcastle United,4-1,h 4-1,216612,A. Mac Allister,Alexis Mac Allister,alexis_mac_allister,0.03,90,1,LDM,0.03 90' LDM,https://playerstats.football/premier-league/liverpool/xg
20,1378700,19427702,2025/2026,25/26 08 Feb,2026-02-08,1,Premier League,h,Home,Manchester City,1-2,h 1-2,216612,A. Mac Allister,Alexis Mac Allister,alexis_mac_allister,0.04,90,1,LDM,0.04 90' LDM,https://playerstats.football/premier-league/liverpool/xg
19,1378607,19427713,2025/2026,25/26 11 Feb,2026-02-11,1,Premier League,a,Away,Sunderland,0-1,a 0-1,216612,A. Mac Allister,Alexis Mac Allister,alexis_mac_allister,0.07,90,1,LDM,0.07 90' LDM,https://playerstats.football/premier-league/liverpool/xg
18,1374766,19645325,2025/2026,25/26 14 Feb,2026-02-14,300,FA Cup,h,Home,Brighton & Hove Albion,3-0,h 3-0,216612,A. Mac Allister,Alexis Mac Allister,alexis_mac_allister,0.17,90,1,LDM,0.17 90' LDM,https://playerstats.football/premier-league/liverpool/xg
17,1398004,19427151,2025/2026,25/26 22 Feb,2026-02-22,1,Premier League,a,Away,Nottingham Forest,0-1,a 0-1,216612,A. Mac Allister,Alexis Mac Allister,alexis_mac_allister,0.65,90,1,LDM,0.65 90' LDM,https://playerstats.football/premier-league/liverpool/xg
16,1405260,19427161,2025/2026,25/26 28 Feb,2026-02-28,1,Premier League,h,Home,West Ham United,5-2,h 5-2,216612,A. Mac Allister,Alexis Mac Allister,alexis_mac_allister,0.31,90,1,LDM,0.31 90' LDM,https://playerstats.football/premier-league/liverpool/xg
15,1407609,19427174,2025/2026,25/26 03 Mar,2026-03-03,1,Premier League,a,Away,Wolverhampton Wanderers,2-1,a 2-1,216612,A. Mac Allister,Alexis Mac Allister,alexis_mac_allister,0.1,90,1,LDM,0.10 90' LDM,https://playerstats.football/premier-league/liverpool/xg
14,1413001,19676918,2025/2026,25/26 06 Mar,2026-03-06,300,FA Cup,a,Away,Wolverhampton Wanderers,1-3,a 1-3,216612,A. Mac Allister,Alexis Mac Allister,alexis_mac_allister,0.07,82,1,LDM,0.07 82' LDM,https://playerstats.football/premier-league/liverpool/xg
13,1415031,19662568,2025/2026,25/26 10 Mar,2026-03-10,5,Champions League,a,Away,Galatasaray,1-0,a 1-0,216612,A. Mac Allister,Alexis Mac Allister,alexis_mac_allister,0.12,90,1,LDM,0.12 90' LDM,https://playerstats.football/premier-league/liverpool/xg
12,1422066,19427180,2025/2026,25/26 15 Mar,2026-03-15,1,Premier League,h,Home,Tottenham Hotspur,1-1,h 1-1,216612,A. Mac Allister,Alexis Mac Allister,alexis_mac_allister,0.0,90,1,LDM,90' LDM,https://playerstats.football/premier-league/liverpool/xg
11,1426145,19662560,2025/2026,25/26 18 Mar,2026-03-18,5,Champions League,h,Home,Galatasaray,4-0,h 4-0,216612,A. Mac Allister,Alexis Mac Allister,alexis_mac_allister,0.51,90,1,CAM,0.51 90' CAM,https://playerstats.football/premier-league/liverpool/xg
10,1429079,19427187,2025/2026,25/26 21 Mar,2026-03-21,1,Premier League,a,Away,Brighton & Hove Albion,2-1,a 2-1,216612,A. Mac Allister,Alexis Mac Allister,alexis_mac_allister,0.15,90,1,CAM,0.15 90' CAM,https://playerstats.football/premier-league/liverpool/xg
9,1443072,19687560,2025/2026,25/26 04 Apr,2026-04-04,300,FA Cup,a,Away,Manchester City,4-0,a 4-0,216612,A. Mac Allister,Alexis Mac Allister,alexis_mac_allister,0.02,23,1,,0.02 23',https://playerstats.football/premier-league/liverpool/xg
8,1447863,19683236,2025/2026,25/26 08 Apr,2026-04-08,5,Champions League,a,Away,Paris Saint Germain,2-0,a 2-0,216612,A. Mac Allister,Alexis Mac Allister,alexis_mac_allister,0.1,90,1,LCM,0.10 90' LCM,https://playerstats.football/premier-league/liverpool/xg
7,1451031,19427197,2025/2026,25/26 11 Apr,2026-04-11,1,Premier League,h,Home,Fulham,2-0,h 2-0,216612,A. Mac Allister,Alexis Mac Allister,alexis_mac_allister,0.1,22,1,,0.10 22',https://playerstats.football/premier-league/liverpool/xg
6,1452845,19683229,2025/2026,25/26 14 Apr,2026-04-14,5,Champions League,h,Home,Paris Saint Germain,0-2,h 0-2,216612,A. Mac Allister,Alexis Mac Allister,alexis_mac_allister,0.3,74,1,CAM,0.30 74' CAM,https://playerstats.football/premier-league/liverpool/xg
5,1458937,19427732,2025/2026,25/26 19 Apr,2026-04-19,1,Premier League,a,Away,Everton,1-2,a 1-2,216612,A. Mac Allister,Alexis Mac Allister,alexis_mac_allister,0.0,6,1,,6',https://playerstats.football/premier-league/liverpool/xg
4,1466441,19427201,2025/2026,25/26 25 Apr,2026-04-25,1,Premier League,h,Home,Crystal Palace,3-1,h 3-1,216612,A. Mac Allister,Alexis Mac Allister,alexis_mac_allister,0.04,90,1,LDM,0.04 90' LDM,https://playerstats.football/premier-league/liverpool/xg
3,1475068,19427213,2025/2026,25/26 03 May,2026-05-03,1,Premier League,a,Away,Manchester United,3-2,a 3-2,216612,A. Mac Allister,Alexis Mac Allister,alexis_mac_allister,0.0,90,1,LDM,90' LDM,https://playerstats.football/premier-league/liverpool/xg
2,1480645,19427220,2025/2026,25/26 09 May,2026-05-09,1,Premier League,h,Home,Chelsea,1-1,h 1-1,216612,A. Mac Allister,Alexis Mac Allister,alexis_mac_allister,0.04,90,1,LDM,0.04 90' LDM,https://playerstats.football/premier-league/liverpool/xg
1,1487202,19427227,2025/2026,25/26 15 May,2026-05-15,1,Premier League,a,Away,Aston Villa,4-2,a 4-2,216612,A. Mac Allister,Alexis Mac Allister,alexis_mac_allister,0.12,90,1,LDM,0.12 90' LDM,https://playerstats.football/premier-league/liverpool/xg
56,1193039,19464492,2025/2026,25/26 10 Aug,2025-08-10,7,Community Shield,a,Away,Crystal Palace,2-2,a 2-2 P,37682555,A. Nallo,Amara Nallo,amara_nallo,0.0,0,0,,,https://playerstats.football/premier-league/liverpool/xg
55,1378727,19427455,2025/2026,25/26 15 Aug,2025-08-15,1,Premier League,h,Home,AFC Bournemouth,4-2,h 4-2,37682555,A. Nallo,Amara Nallo,amara_nallo,0.0,0,0,,,https://playerstats.football/premier-league/liverpool/xg
54,1378725,19427473,2025/2026,25/26 25 Aug,2025-08-25,1,Premier League,a,Away,Newcastle United,2-3,a 2-3,37682555,A. Nallo,Amara Nallo,amara_nallo,0.0,0,0,,,https://playerstats.football/premier-league/liverpool/xg
53,1378820,19427479,2025/2026,25/26 31 Aug,2025-08-31,1,Premier League,h,Home,Arsenal,1-0,h 1-0,37682555,A. Nallo,Amara Nallo,amara_nallo,0.0,0,0,,,https://playerstats.football/premier-league/liverpool/xg
52,1378793,19427488,2025/2026,25/26 14 Sep,2025-09-14,1,Premier League,a,Away,Burnley,0-1,a 0-1,37682555,A. Nallo,Amara Nallo,amara_nallo,0.0,0,0,,,https://playerstats.football/premier-league/liverpool/xg
51,1397014,19568539,2025/2026,25/26 17 Sep,2025-09-17,5,Champions League,h,Home,Atlético Madrid,3-2,h 3-2,37682555,A. Nallo,Amara Nallo,amara_nallo,0.0,0,0,,,https://playerstats.football/premier-league/liverpool/xg
50,1379121,19427500,2025/2026,25/26 20 Sep,2025-09-20,1,Premier League,h,Home,Everton,2-1,h 2-1,37682555,A. Nallo,Amara Nallo,amara_nallo,0.0,0,0,,,https://playerstats.football/premier-league/liverpool/xg
49,1218466,19572904,2025/2026,25/26 23 Sep,2025-09-23,8,Carabao Cup,h,Home,Southampton,2-1,h 2-1,37682555,A. Nallo,Amara Nallo,amara_nallo,0.0,0,0,,,https://playerstats.football/premier-league/liverpool/xg
48,1379139,19427508,2025/2026,25/26 27 Sep,2025-09-27,1,Premier League,a,Away,Crystal Palace,2-1,a 2-1,37682555,A. Nallo,Amara Nallo,amara_nallo,0.0,0,0,,,https://playerstats.football/premier-league/liverpool/xg
47,1396787,19568522,2025/2026,25/26 30 Sep,2025-09-30,5,Champions League,a,Away,Galatasaray,1-0,a 1-0,37682555,A. Nallo,Amara Nallo,amara_nallo,0.0,0,0,,,https://playerstats.football/premier-league/liverpool/xg
46,1378908,19427519,2025/2026,25/26 04 Oct,2025-10-04,1,Premier League,a,Away,Chelsea,2-1,a 2-1,37682555,A. Nallo,Amara Nallo,amara_nallo,0.0,0,0,,,https://playerstats.football/premier-league/liverpool/xg
45,1378881,19427529,2025/2026,25/26 19 Oct,2025-10-19,1,Premier League,h,Home,Manchester United,1-2,h 1-2,37682555,A. Nallo,Amara Nallo,amara_nallo,0.0,0,0,,,https://playerstats.football/premier-league/liverpool/xg
44,1397134,19568510,2025/2026,25/26 22 Oct,2025-10-22,5,Champions League,a,Away,Eintracht Frankfurt,1-5,a 1-5,37682555,A. Nallo,Amara Nallo,amara_nallo,0.0,0,0,,,https://playerstats.football/premier-league/liverpool/xg
43,1378639,19427539,2025/2026,25/26 25 Oct,2025-10-25,1,Premier League,a,Away,Brentford,3-2,a 3-2,37682555,A. Nallo,Amara Nallo,amara_nallo,0.0,0,0,,,https://playerstats.football/premier-league/liverpool/xg
42,1290118,19585905,2025/2026,25/26 29 Oct,2025-10-29,8,Carabao Cup,h,Home,Crystal Palace,0-3,h 0-3,37682555,A. Nallo,Amara Nallo,amara_nallo,0.0,12,1,,12',https://playerstats.football/premier-league/liverpool/xg
41,1378744,19427550,2025/2026,25/26 01 Nov,2025-11-01,1,Premier League,h,Home,Aston Villa,2-0,h 2-0,37682555,A. Nallo,Amara Nallo,amara_nallo,0.0,0,0,,,https://playerstats.football/premier-league/liverpool/xg
40,1397140,19568538,2025/2026,25/26 04 Nov,2025-11-04,5,Champions League,h,Home,Real Madrid,1-0,h 1-0,37682555,A. Nallo,Amara Nallo,amara_nallo,0.0,0,0,,,https://playerstats.football/premier-league/liverpool/xg
39,1378930,19427561,2025/2026,25/26 09 Nov,2025-11-09,1,Premier League,a,Away,Manchester City,3-0,a 3-0,37682555,A. Nallo,Amara Nallo,amara_nallo,0.0,0,0,,,https://playerstats.football/premier-league/liverpool/xg
38,1378974,19427572,2025/2026,25/26 22 Nov,2025-11-22,1,Premier League,h,Home,Nottingham Forest,0-3,h 0-3,37682555,A. Nallo,Amara Nallo,amara_nallo,0.0,0,0,,,https://playerstats.football/premier-league/liverpool/xg
37,1396979,19568540,2025/2026,25/26 26 Nov,2025-11-26,5,Champions League,h,Home,PSV,1-4,h 1-4,37682555,A. Nallo,Amara Nallo,amara_nallo,0.0,0,0,,,https://playerstats.football/premier-league/liverpool/xg
36,1378854,19427585,2025/2026,25/26 30 Nov,2025-11-30,1,Premier League,a,Away,West Ham United,0-2,a 0-2,37682555,A. Nallo,Amara Nallo,amara_nallo,0.0,0,0,,,https://playerstats.football/premier-league/liverpool/xg
35,1378637,19427592,2025/2026,25/26 03 Dec,2025-12-03,1,Premier League,h,Home,Sunderland,1-1,h 1-1,37682555,A. Nallo,Amara Nallo,amara_nallo,0.0,0,0,,,https://playerstats.football/premier-league/liverpool/xg
34,1378928,19427601,2025/2026,25/26 06 Dec,2025-12-06,1,Premier League,a,Away,Leeds United,3-3,a 3-3,37682555,A. Nallo,Amara Nallo,amara_nallo,0.0,0,0,,,https://playerstats.football/premier-league/liverpool/xg
33,1396884,19568526,2025/2026,25/26 09 Dec,2025-12-09,5,Champions League,a,Away,Inter,0-1,a 0-1,37682555,A. Nallo,Amara Nallo,amara_nallo,0.0,0,0,,,https://playerstats.football/premier-league/liverpool/xg
32,1378936,19427611,2025/2026,25/26 13 Dec,2025-12-13,1,Premier League,h,Home,Brighton & Hove Albion,2-0,h 2-0,37682555,A. Nallo,Amara Nallo,amara_nallo,0.0,0,0,,,https://playerstats.football/premier-league/liverpool/xg
31,1378949,19427624,2025/2026,25/26 20 Dec,2025-12-20,1,Premier League,a,Away,Tottenham Hotspur,1-2,a 1-2,37682555,A. Nallo,Amara Nallo,amara_nallo,0.0,0,0,,,https://playerstats.football/premier-league/liverpool/xg
30,1379105,19427631,2025/2026,25/26 27 Dec,2025-12-27,1,Premier League,h,Home,Wolverhampton Wanderers,2-1,h 2-1,37682555,A. Nallo,Amara Nallo,amara_nallo,0.0,0,0,,,https://playerstats.football/premier-league/liverpool/xg
29,1378612,19427641,2025/2026,25/26 01 Jan,2026-01-01,1,Premier League,h,Home,Leeds United,0-0,h 0-0,37682555,A. Nallo,Amara Nallo,amara_nallo,0.0,0,0,,,https://playerstats.football/premier-league/liverpool/xg
28,1379083,19427650,2025/2026,25/26 04 Jan,2026-01-04,1,Premier League,a,Away,Fulham,2-2,a 2-2,37682555,A. Nallo,Amara Nallo,amara_nallo,0.0,0,0,,,https://playerstats.football/premier-league/liverpool/xg
27,1378873,19427656,2025/2026,25/26 08 Jan,2026-01-08,1,Premier League,a,Away,Arsenal,0-0,a 0-0,37682555,A. Nallo,Amara Nallo,amara_nallo,0.0,0,0,,,https://playerstats.football/premier-league/liverpool/xg
26,1344436,19615693,2025/2026,25/26 12 Jan,2026-01-12,300,FA Cup,h,Home,Barnsley,4-1,h 4-1,37682555,A. Nallo,Amara Nallo,amara_nallo,0.0,0,0,,,https://playerstats.football/premier-league/liverpool/xg
25,1378764,19427670,2025/2026,25/26 17 Jan,2026-01-17,1,Premier League,h,Home,Burnley,1-1,h 1-1,37682555,A. Nallo,Amara Nallo,amara_nallo,0.0,0,0,,,https://playerstats.football/premier-league/liverpool/xg
24,1397227,19568558,2025/2026,25/26 21 Jan,2026-01-21,5,Champions League,a,Away,Olympique Marseille,0-3,a 0-3,37682555,A. Nallo,Amara Nallo,amara_nallo,0.0,0,0,,,https://playerstats.football/premier-league/liverpool/xg
23,1378641,19427677,2025/2026,25/26 24 Jan,2026-01-24,1,Premier League,a,Away,AFC Bournemouth,3-2,a 3-2,37682555,A. Nallo,Amara Nallo,amara_nallo,0.0,0,0,,,https://playerstats.football/premier-league/liverpool/xg
22,1396913,19568541,2025/2026,25/26 28 Jan,2026-01-28,5,Champions League,h,Home,Qarabağ,6-0,h 6-0,37682555,A. Nallo,Amara Nallo,amara_nallo,0.0,15,1,,15',https://playerstats.football/premier-league/liverpool/xg
21,1378995,19427690,2025/2026,25/26 31 Jan,2026-01-31,1,Premier League,h,Home,Newcastle United,4-1,h 4-1,37682555,A. Nallo,Amara Nallo,amara_nallo,0.0,0,0,,,https://playerstats.football/premier-league/liverpool/xg
20,1378700,19427702,2025/2026,25/26 08 Feb,2026-02-08,1,Premier League,h,Home,Manchester City,1-2,h 1-2,37682555,A. Nallo,Amara Nallo,amara_nallo,0.0,0,0,,,https://playerstats.football/premier-league/liverpool/xg
19,1378607,19427713,2025/2026,25/26 11 Feb,2026-02-11,1,Premier League,a,Away,Sunderland,0-1,a 0-1,37682555,A. Nallo,Amara Nallo,amara_nallo,0.0,0,0,,,https://playerstats.football/premier-league/liverpool/xg
18,1374766,19645325,2025/2026,25/26 14 Feb,2026-02-14,300,FA Cup,h,Home,Brighton & Hove Albion,3-0,h 3-0,37682555,A. Nallo,Amara Nallo,amara_nallo,0.0,0,0,,,https://playerstats.football/premier-league/liverpool/xg
17,1398004,19427151,2025/2026,25/26 22 Feb,2026-02-22,1,Premier League,a,Away,Nottingham Forest,0-1,a 0-1,37682555,A. Nallo,Amara Nallo,amara_nallo,0.0,0,0,,,https://playerstats.football/premier-league/liverpool/xg
16,1405260,19427161,2025/2026,25/26 28 Feb,2026-02-28,1,Premier League,h,Home,West Ham United,5-2,h 5-2,37682555,A. Nallo,Amara Nallo,amara_nallo,0.0,0,0,,,https://playerstats.football/premier-league/liverpool/xg
15,1407609,19427174,2025/2026,25/26 03 Mar,2026-03-03,1,Premier League,a,Away,Wolverhampton Wanderers,2-1,a 2-1,37682555,A. Nallo,Amara Nallo,amara_nallo,0.0,0,0,,,https://playerstats.football/premier-league/liverpool/xg
14,1413001,19676918,2025/2026,25/26 06 Mar,2026-03-06,300,FA Cup,a,Away,Wolverhampton Wanderers,1-3,a 1-3,37682555,A. Nallo,Amara Nallo,amara_nallo,0.0,0,0,,,https://playerstats.football/premier-league/liverpool/xg
13,1415031,19662568,2025/2026,25/26 10 Mar,2026-03-10,5,Champions League,a,Away,Galatasaray,1-0,a 1-0,37682555,A. Nallo,Amara Nallo,amara_nallo,0.0,0,0,,,https://playerstats.football/premier-league/liverpool/xg
12,1422066,19427180,2025/2026,25/26 15 Mar,2026-03-15,1,Premier League,h,Home,Tottenham Hotspur,1-1,h 1-1,37682555,A. Nallo,Amara Nallo,amara_nallo,0.0,0,0,,,https://playerstats.football/premier-league/liverpool/xg
11,1426145,19662560,2025/2026,25/26 18 Mar,2026-03-18,5,Champions League,h,Home,Galatasaray,4-0,h 4-0,37682555,A. Nallo,Amara Nallo,amara_nallo,0.0,0,0,,,https://playerstats.football/premier-league/liverpool/xg
10,1429079,19427187,2025/2026,25/26 21 Mar,2026-03-21,1,Premier League,a,Away,Brighton & Hove Albion,2-1,a 2-1,37682555,A. Nallo,Amara Nallo,amara_nallo,0.0,0,0,,,https://playerstats.football/premier-league/liverpool/xg
9,1443072,19687560,2025/2026,25/26 04 Apr,2026-04-04,300,FA Cup,a,Away,Manchester City,4-0,a 4-0,37682555,A. Nallo,Amara Nallo,amara_nallo,0.0,0,0,,,https://playerstats.football/premier-league/liverpool/xg
8,1447863,19683236,2025/2026,25/26 08 Apr,2026-04-08,5,Champions League,a,Away,Paris Saint Germain,2-0,a 2-0,37682555,A. Nallo,Amara Nallo,amara_nallo,0.0,0,0,,,https://playerstats.football/premier-league/liverpool/xg
7,1451031,19427197,2025/2026,25/26 11 Apr,2026-04-11,1,Premier League,h,Home,Fulham,2-0,h 2-0,37682555,A. Nallo,Amara Nallo,amara_nallo,0.0,0,0,,,https://playerstats.football/premier-league/liverpool/xg
6,1452845,19683229,2025/2026,25/26 14 Apr,2026-04-14,5,Champions League,h,Home,Paris Saint Germain,0-2,h 0-2,37682555,A. Nallo,Amara Nallo,amara_nallo,0.0,0,0,,,https://playerstats.football/premier-league/liverpool/xg
5,1458937,19427732,2025/2026,25/26 19 Apr,2026-04-19,1,Premier League,a,Away,Everton,1-2,a 1-2,37682555,A. Nallo,Amara Nallo,amara_nallo,0.0,0,0,,,https://playerstats.football/premier-league/liverpool/xg
4,1466441,19427201,2025/2026,25/26 25 Apr,2026-04-25,1,Premier League,h,Home,Crystal Palace,3-1,h 3-1,37682555,A. Nallo,Amara Nallo,amara_nallo,0.0,0,0,,,https://playerstats.football/premier-league/liverpool/xg
3,1475068,19427213,2025/2026,25/26 03 May,2026-05-03,1,Premier League,a,Away,Manchester United,3-2,a 3-2,37682555,A. Nallo,Amara Nallo,amara_nallo,0.0,0,0,,,https://playerstats.football/premier-league/liverpool/xg
2,1480645,19427220,2025/2026,25/26 09 May,2026-05-09,1,Premier League,h,Home,Chelsea,1-1,h 1-1,37682555,A. Nallo,Amara Nallo,amara_nallo,0.0,0,0,,,https://playerstats.football/premier-league/liverpool/xg
1,1487202,19427227,2025/2026,25/26 15 May,2026-05-15,1,Premier League,a,Away,Aston Villa,4-2,a 4-2,37682555,A. Nallo,Amara Nallo,amara_nallo,0.0,0,0,,,https://playerstats.football/premier-league/liverpool/xg
56,1193039,19464492,2025/2026,25/26 10 Aug,2025-08-10,7,Community Shield,a,Away,Crystal Palace,2-2,a 2-2 P,1078,A. Robertson,Andrew Robertson,andrew_robertson,0.0,36,1,,36',https://playerstats.football/premier-league/liverpool/xg
55,1378727,19427455,2025/2026,25/26 15 Aug,2025-08-15,1,Premier League,h,Home,AFC Bournemouth,4-2,h 4-2,1078,A. Robertson,Andrew Robertson,andrew_robertson,0.0,30,1,,30',https://playerstats.football/premier-league/liverpool/xg
54,1378725,19427473,2025/2026,25/26 25 Aug,2025-08-25,1,Premier League,a,Away,Newcastle United,2-3,a 2-3,1078,A. Robertson,Andrew Robertson,andrew_robertson,0.0,0,0,,,https://playerstats.football/premier-league/liverpool/xg
53,1378820,19427479,2025/2026,25/26 31 Aug,2025-08-31,1,Premier League,h,Home,Arsenal,1-0,h 1-0,1078,A. Robertson,Andrew Robertson,andrew_robertson,0.0,0,0,,,https://playerstats.football/premier-league/liverpool/xg
52,1378793,19427488,2025/2026,25/26 14 Sep,2025-09-14,1,Premier League,a,Away,Burnley,0-1,a 0-1,1078,A. Robertson,Andrew Robertson,andrew_robertson,0.11,52,1,,0.11 52',https://playerstats.football/premier-league/liverpool/xg
51,1397014,19568539,2025/2026,25/26 17 Sep,2025-09-17,5,Champions League,h,Home,Atlético Madrid,3-2,h 3-2,1078,A. Robertson,Andrew Robertson,andrew_robertson,0.14,86,1,LB,0.14 86' LB,https://playerstats.football/premier-league/liverpool/xg
50,1379121,19427500,2025/2026,25/26 20 Sep,2025-09-20,1,Premier League,h,Home,Everton,2-1,h 2-1,1078,A. Robertson,Andrew Robertson,andrew_robertson,0.0,0,0,,,https://playerstats.football/premier-league/liverpool/xg
49,1218466,19572904,2025/2026,25/26 23 Sep,2025-09-23,8,Carabao Cup,h,Home,Southampton,2-1,h 2-1,1078,A. Robertson,Andrew Robertson,andrew_robertson,0.0,90,1,LB,90' LB,https://playerstats.football/premier-league/liverpool/xg
48,1379139,19427508,2025/2026,25/26 27 Sep,2025-09-27,1,Premier League,a,Away,Crystal Palace,2-1,a 2-1,1078,A. Robertson,Andrew Robertson,andrew_robertson,0.0,0,0,,,https://playerstats.football/premier-league/liverpool/xg
47,1396787,19568522,2025/2026,25/26 30 Sep,2025-09-30,5,Champions League,a,Away,Galatasaray,1-0,a 1-0,1078,A. Robertson,Andrew Robertson,andrew_robertson,0.0,0,0,,,https://playerstats.football/premier-league/liverpool/xg
46,1378908,19427519,2025/2026,25/26 04 Oct,2025-10-04,1,Premier League,a,Away,Chelsea,2-1,a 2-1,1078,A. Robertson,Andrew Robertson,andrew_robertson,0.07,35,1,,0.07 35',https://playerstats.football/premier-league/liverpool/xg
45,1378881,19427529,2025/2026,25/26 19 Oct,2025-10-19,1,Premier League,h,Home,Manchester United,1-2,h 1-2,1078,A. Robertson,Andrew Robertson,andrew_robertson,0.0,0,0,,,https://playerstats.football/premier-league/liverpool/xg
44,1397134,19568510,2025/2026,25/26 22 Oct,2025-10-22,5,Champions League,a,Away,Eintracht Frankfurt,1-5,a 1-5,1078,A. Robertson,Andrew Robertson,andrew_robertson,0.0,90,1,LB,90' LB,https://playerstats.football/premier-league/liverpool/xg
43,1378639,19427539,2025/2026,25/26 25 Oct,2025-10-25,1,Premier League,a,Away,Brentford,3-2,a 3-2,1078,A. Robertson,Andrew Robertson,andrew_robertson,0.0,29,1,,29',https://playerstats.football/premier-league/liverpool/xg
42,1290118,19585905,2025/2026,25/26 29 Oct,2025-10-29,8,Carabao Cup,h,Home,Crystal Palace,0-3,h 0-3,1078,A. Robertson,Andrew Robertson,andrew_robertson,0.0,67,1,LCB,67' LCB,https://playerstats.football/premier-league/liverpool/xg
41,1378744,19427550,2025/2026,25/26 01 Nov,2025-11-01,1,Premier League,h,Home,Aston Villa,2-0,h 2-0,1078,A. Robertson,Andrew Robertson,andrew_robertson,0.15,90,1,LB,0.15 90' LB,https://playerstats.football/premier-league/liverpool/xg
40,1397140,19568538,2025/2026,25/26 04 Nov,2025-11-04,5,Champions League,h,Home,Real Madrid,1-0,h 1-0,1078,A. Robertson,Andrew Robertson,andrew_robertson,0.0,88,1,LB,88' LB,https://playerstats.football/premier-league/liverpool/xg
39,1378930,19427561,2025/2026,25/26 09 Nov,2025-11-09,1,Premier League,a,Away,Manchester City,3-0,a 3-0,1078,A. Robertson,Andrew Robertson,andrew_robertson,0.0,56,1,LB,56' LB,https://playerstats.football/premier-league/liverpool/xg
38,1378974,19427572,2025/2026,25/26 22 Nov,2025-11-22,1,Premier League,h,Home,Nottingham Forest,0-3,h 0-3,1078,A. Robertson,Andrew Robertson,andrew_robertson,0.0,22,1,,22',https://playerstats.football/premier-league/liverpool/xg
37,1396979,19568540,2025/2026,25/26 26 Nov,2025-11-26,5,Champions League,h,Home,PSV,1-4,h 1-4,1078,A. Robertson,Andrew Robertson,andrew_robertson,0.0,0,0,,,https://playerstats.football/premier-league/liverpool/xg
36,1378854,19427585,2025/2026,25/26 30 Nov,2025-11-30,1,Premier League,a,Away,West Ham United,0-2,a 0-2,1078,A. Robertson,Andrew Robertson,andrew_robertson,0.0,5,1,,5',https://playerstats.football/premier-league/liverpool/xg
35,1378637,19427592,2025/2026,25/26 03 Dec,2025-12-03,1,Premier League,h,Home,Sunderland,1-1,h 1-1,1078,A. Robertson,Andrew Robertson,andrew_robertson,0.0,86,1,LB,86' LB,https://playerstats.football/premier-league/liverpool/xg
34,1378928,19427601,2025/2026,25/26 06 Dec,2025-12-06,1,Premier League,a,Away,Leeds United,3-3,a 3-3,1078,A. Robertson,Andrew Robertson,andrew_robertson,0.0,0,0,,,https://playerstats.football/premier-league/liverpool/xg
33,1396884,19568526,2025/2026,25/26 09 Dec,2025-12-09,5,Champions League,a,Away,Inter,0-1,a 0-1,1078,A. Robertson,Andrew Robertson,andrew_robertson,0.0,90,1,LB,90' LB,https://playerstats.football/premier-league/liverpool/xg
32,1378936,19427611,2025/2026,25/26 13 Dec,2025-12-13,1,Premier League,h,Home,Brighton & Hove Albion,2-0,h 2-0,1078,A. Robertson,Andrew Robertson,andrew_robertson,0.0,12,1,,12',https://playerstats.football/premier-league/liverpool/xg
31,1378949,19427624,2025/2026,25/26 20 Dec,2025-12-20,1,Premier League,a,Away,Tottenham Hotspur,1-2,a 1-2,1078,A. Robertson,Andrew Robertson,andrew_robertson,0.0,1,1,,1',https://playerstats.football/premier-league/liverpool/xg
30,1379105,19427631,2025/2026,25/26 27 Dec,2025-12-27,1,Premier League,h,Home,Wolverhampton Wanderers,2-1,h 2-1,1078,A. Robertson,Andrew Robertson,andrew_robertson,0.0,0,0,,,https://playerstats.football/premier-league/liverpool/xg
29,1378612,19427641,2025/2026,25/26 01 Jan,2026-01-01,1,Premier League,h,Home,Leeds United,0-0,h 0-0,1078,A. Robertson,Andrew Robertson,andrew_robertson,0.0,66,1,LB,66' LB,https://playerstats.football/premier-league/liverpool/xg
28,1379083,19427650,2025/2026,25/26 04 Jan,2026-01-04,1,Premier League,a,Away,Fulham,2-2,a 2-2,1078,A. Robertson,Andrew Robertson,andrew_robertson,0.0,0,0,,,https://playerstats.football/premier-league/liverpool/xg
27,1378873,19427656,2025/2026,25/26 08 Jan,2026-01-08,1,Premier League,a,Away,Arsenal,0-0,a 0-0,1078,A. Robertson,Andrew Robertson,andrew_robertson,0.0,0,0,,,https://playerstats.football/premier-league/liverpool/xg
26,1344436,19615693,2025/2026,25/26 12 Jan,2026-01-12,300,FA Cup,h,Home,Barnsley,4-1,h 4-1,1078,A. Robertson,Andrew Robertson,andrew_robertson,0.0,90,1,LB,90' LB,https://playerstats.football/premier-league/liverpool/xg
25,1378764,19427670,2025/2026,25/26 17 Jan,2026-01-17,1,Premier League,h,Home,Burnley,1-1,h 1-1,1078,A. Robertson,Andrew Robertson,andrew_robertson,0.0,12,1,,12',https://playerstats.football/premier-league/liverpool/xg
24,1397227,19568558,2025/2026,25/26 21 Jan,2026-01-21,5,Champions League,a,Away,Olympique Marseille,0-3,a 0-3,1078,A. Robertson,Andrew Robertson,andrew_robertson,0.0,0,0,,,https://playerstats.football/premier-league/liverpool/xg
23,1378641,19427677,2025/2026,25/26 24 Jan,2026-01-24,1,Premier League,a,Away,AFC Bournemouth,3-2,a 3-2,1078,A. Robertson,Andrew Robertson,andrew_robertson,0.0,44,1,,44',https://playerstats.football/premier-league/liverpool/xg
22,1396913,19568541,2025/2026,25/26 28 Jan,2026-01-28,5,Champions League,h,Home,Qarabağ,6-0,h 6-0,1078,A. Robertson,Andrew Robertson,andrew_robertson,0.24,90,1,LB,0.24 90' LB,https://playerstats.football/premier-league/liverpool/xg
21,1378995,19427690,2025/2026,25/26 31 Jan,2026-01-31,1,Premier League,h,Home,Newcastle United,4-1,h 4-1,1078,A. Robertson,Andrew Robertson,andrew_robertson,0.0,0,0,,,https://playerstats.football/premier-league/liverpool/xg
20,1378700,19427702,2025/2026,25/26 08 Feb,2026-02-08,1,Premier League,h,Home,Manchester City,1-2,h 1-2,1078,A. Robertson,Andrew Robertson,andrew_robertson,0.0,0,0,,,https://playerstats.football/premier-league/liverpool/xg
19,1378607,19427713,2025/2026,25/26 11 Feb,2026-02-11,1,Premier League,a,Away,Sunderland,0-1,a 0-1,1078,A. Robertson,Andrew Robertson,andrew_robertson,0.05,90,1,LB,0.05 90' LB,https://playerstats.football/premier-league/liverpool/xg
18,1374766,19645325,2025/2026,25/26 14 Feb,2026-02-14,300,FA Cup,h,Home,Brighton & Hove Albion,3-0,h 3-0,1078,A. Robertson,Andrew Robertson,andrew_robertson,0.0,0,0,,,https://playerstats.football/premier-league/liverpool/xg
17,1398004,19427151,2025/2026,25/26 22 Feb,2026-02-22,1,Premier League,a,Away,Nottingham Forest,0-1,a 0-1,1078,A. Robertson,Andrew Robertson,andrew_robertson,0.0,7,1,,7',https://playerstats.football/premier-league/liverpool/xg
16,1405260,19427161,2025/2026,25/26 28 Feb,2026-02-28,1,Premier League,h,Home,West Ham United,5-2,h 5-2,1078,A. Robertson,Andrew Robertson,andrew_robertson,0.0,0,0,,,https://playerstats.football/premier-league/liverpool/xg
15,1407609,19427174,2025/2026,25/26 03 Mar,2026-03-03,1,Premier League,a,Away,Wolverhampton Wanderers,2-1,a 2-1,1078,A. Robertson,Andrew Robertson,andrew_robertson,0.0,25,1,,25',https://playerstats.football/premier-league/liverpool/xg
14,1413001,19676918,2025/2026,25/26 06 Mar,2026-03-06,300,FA Cup,a,Away,Wolverhampton Wanderers,1-3,a 1-3,1078,A. Robertson,Andrew Robertson,andrew_robertson,0.04,90,1,LB,0.04 90' LB,https://playerstats.football/premier-league/liverpool/xg
13,1415031,19662568,2025/2026,25/26 10 Mar,2026-03-10,5,Champions League,a,Away,Galatasaray,1-0,a 1-0,1078,A. Robertson,Andrew Robertson,andrew_robertson,0.0,30,1,,30',https://playerstats.football/premier-league/liverpool/xg
12,1422066,19427180,2025/2026,25/26 15 Mar,2026-03-15,1,Premier League,h,Home,Tottenham Hotspur,1-1,h 1-1,1078,A. Robertson,Andrew Robertson,andrew_robertson,0.08,90,1,LB,0.08 90' LB,https://playerstats.football/premier-league/liverpool/xg
11,1426145,19662560,2025/2026,25/26 18 Mar,2026-03-18,5,Champions League,h,Home,Galatasaray,4-0,h 4-0,1078,A. Robertson,Andrew Robertson,andrew_robertson,0.0,0,0,,,https://playerstats.football/premier-league/liverpool/xg
10,1429079,19427187,2025/2026,25/26 21 Mar,2026-03-21,1,Premier League,a,Away,Brighton & Hove Albion,2-1,a 2-1,1078,A. Robertson,Andrew Robertson,andrew_robertson,0.0,14,1,,14',https://playerstats.football/premier-league/liverpool/xg
9,1443072,19687560,2025/2026,25/26 04 Apr,2026-04-04,300,FA Cup,a,Away,Manchester City,4-0,a 4-0,1078,A. Robertson,Andrew Robertson,andrew_robertson,0.0,0,0,,,https://playerstats.football/premier-league/liverpool/xg
8,1447863,19683236,2025/2026,25/26 08 Apr,2026-04-08,5,Champions League,a,Away,Paris Saint Germain,2-0,a 2-0,1078,A. Robertson,Andrew Robertson,andrew_robertson,0.0,12,1,,12',https://playerstats.football/premier-league/liverpool/xg
7,1451031,19427197,2025/2026,25/26 11 Apr,2026-04-11,1,Premier League,h,Home,Fulham,2-0,h 2-0,1078,A. Robertson,Andrew Robertson,andrew_robertson,0.3,90,1,LB,0.30 90' LB,https://playerstats.football/premier-league/liverpool/xg
6,1452845,19683229,2025/2026,25/26 14 Apr,2026-04-14,5,Champions League,h,Home,Paris Saint Germain,0-2,h 0-2,1078,A. Robertson,Andrew Robertson,andrew_robertson,0.0,0,0,,,https://playerstats.football/premier-league/liverpool/xg
5,1458937,19427732,2025/2026,25/26 19 Apr,2026-04-19,1,Premier League,a,Away,Everton,1-2,a 1-2,1078,A. Robertson,Andrew Robertson,andrew_robertson,0.02,86,1,LB,0.02 86' LB,https://playerstats.football/premier-league/liverpool/xg
4,1466441,19427201,2025/2026,25/26 25 Apr,2026-04-25,1,Premier League,h,Home,Crystal Palace,3-1,h 3-1,1078,A. Robertson,Andrew Robertson,andrew_robertson,0.26,87,1,LB,0.26 87' LB,https://playerstats.football/premier-league/liverpool/xg
3,1475068,19427213,2025/2026,25/26 03 May,2026-05-03,1,Premier League,a,Away,Manchester United,3-2,a 3-2,1078,A. Robertson,Andrew Robertson,andrew_robertson,0.0,59,1,LB,59' LB,https://playerstats.football/premier-league/liverpool/xg
2,1480645,19427220,2025/2026,25/26 09 May,2026-05-09,1,Premier League,h,Home,Chelsea,1-1,h 1-1,1078,A. Robertson,Andrew Robertson,andrew_robertson,0.0,0,0,,,https://playerstats.football/premier-league/liverpool/xg
1,1487202,19427227,2025/2026,25/26 15 May,2026-05-15,1,Premier League,a,Away,Aston Villa,4-2,a 4-2,1078,A. Robertson,Andrew Robertson,andrew_robertson,0.0,0,0,,,https://playerstats.football/premier-league/liverpool/xg
56,1193039,19464492,2025/2026,25/26 10 Aug,2025-08-10,7,Community Shield,a,Away,Crystal Palace,2-2,a 2-2 P,129820,Alisson,Alisson,alisson,0.0,120,1,GK,120' GK,https://playerstats.football/premier-league/liverpool/xg
55,1378727,19427455,2025/2026,25/26 15 Aug,2025-08-15,1,Premier League,h,Home,AFC Bournemouth,4-2,h 4-2,129820,Alisson,Alisson,alisson,0.0,90,1,GK,90' GK,https://playerstats.football/premier-league/liverpool/xg
54,1378725,19427473,2025/2026,25/26 25 Aug,2025-08-25,1,Premier League,a,Away,Newcastle United,2-3,a 2-3,129820,Alisson,Alisson,alisson,0.0,90,1,GK,90' GK,https://playerstats.football/premier-league/liverpool/xg
53,1378820,19427479,2025/2026,25/26 31 Aug,2025-08-31,1,Premier League,h,Home,Arsenal,1-0,h 1-0,129820,Alisson,Alisson,alisson,0.0,90,1,GK,90' GK,https://playerstats.football/premier-league/liverpool/xg
52,1378793,19427488,2025/2026,25/26 14 Sep,2025-09-14,1,Premier League,a,Away,Burnley,0-1,a 0-1,129820,Alisson,Alisson,alisson,0.0,90,1,GK,90' GK,https://playerstats.football/premier-league/liverpool/xg
51,1397014,19568539,2025/2026,25/26 17 Sep,2025-09-17,5,Champions League,h,Home,Atlético Madrid,3-2,h 3-2,129820,Alisson,Alisson,alisson,0.0,90,1,GK,90' GK,https://playerstats.football/premier-league/liverpool/xg
50,1379121,19427500,2025/2026,25/26 20 Sep,2025-09-20,1,Premier League,h,Home,Everton,2-1,h 2-1,129820,Alisson,Alisson,alisson,0.0,90,1,GK,90' GK,https://playerstats.football/premier-league/liverpool/xg
49,1218466,19572904,2025/2026,25/26 23 Sep,2025-09-23,8,Carabao Cup,h,Home,Southampton,2-1,h 2-1,129820,Alisson,Alisson,alisson,0.0,0,0,,,https://playerstats.football/premier-league/liverpool/xg
48,1379139,19427508,2025/2026,25/26 27 Sep,2025-09-27,1,Premier League,a,Away,Crystal Palace,2-1,a 2-1,129820,Alisson,Alisson,alisson,0.0,90,1,GK,90' GK,https://playerstats.football/premier-league/liverpool/xg
47,1396787,19568522,2025/2026,25/26 30 Sep,2025-09-30,5,Champions League,a,Away,Galatasaray,1-0,a 1-0,129820,Alisson,Alisson,alisson,0.0,56,1,GK,56' GK,https://playerstats.football/premier-league/liverpool/xg
46,1378908,19427519,2025/2026,25/26 04 Oct,2025-10-04,1,Premier League,a,Away,Chelsea,2-1,a 2-1,129820,Alisson,Alisson,alisson,0.0,0,0,,,https://playerstats.football/premier-league/liverpool/xg
45,1378881,19427529,2025/2026,25/26 19 Oct,2025-10-19,1,Premier League,h,Home,Manchester United,1-2,h 1-2,129820,Alisson,Alisson,alisson,0.0,0,0,,,https://playerstats.football/premier-league/liverpool/xg
44,1397134,19568510,2025/2026,25/26 22 Oct,2025-10-22,5,Champions League,a,Away,Eintracht Frankfurt,1-5,a 1-5,129820,Alisson,Alisson,alisson,0.0,0,0,,,https://playerstats.football/premier-league/liverpool/xg
43,1378639,19427539,2025/2026,25/26 25 Oct,2025-10-25,1,Premier League,a,Away,Brentford,3-2,a 3-2,129820,Alisson,Alisson,alisson,0.0,0,0,,,https://playerstats.football/premier-league/liverpool/xg
42,1290118,19585905,2025/2026,25/26 29 Oct,2025-10-29,8,Carabao Cup,h,Home,Crystal Palace,0-3,h 0-3,129820,Alisson,Alisson,alisson,0.0,0,0,,,https://playerstats.football/premier-league/liverpool/xg
41,1378744,19427550,2025/2026,25/26 01 Nov,2025-11-01,1,Premier League,h,Home,Aston Villa,2-0,h 2-0,129820,Alisson,Alisson,alisson,0.0,0,0,,,https://playerstats.football/premier-league/liverpool/xg
40,1397140,19568538,2025/2026,25/26 04 Nov,2025-11-04,5,Champions League,h,Home,Real Madrid,1-0,h 1-0,129820,Alisson,Alisson,alisson,0.0,0,0,,,https://playerstats.football/premier-league/liverpool/xg
39,1378930,19427561,2025/2026,25/26 09 Nov,2025-11-09,1,Premier League,a,Away,Manchester City,3-0,a 3-0,129820,Alisson,Alisson,alisson,0.0,0,0,,,https://playerstats.football/premier-league/liverpool/xg
38,1378974,19427572,2025/2026,25/26 22 Nov,2025-11-22,1,Premier League,h,Home,Nottingham Forest,0-3,h 0-3,129820,Alisson,Alisson,alisson,0.0,90,1,GK,90' GK,https://playerstats.football/premier-league/liverpool/xg
37,1396979,19568540,2025/2026,25/26 26 Nov,2025-11-26,5,Champions League,h,Home,PSV,1-4,h 1-4,129820,Alisson,Alisson,alisson,0.0,0,0,,,https://playerstats.football/premier-league/liverpool/xg
36,1378854,19427585,2025/2026,25/26 30 Nov,2025-11-30,1,Premier League,a,Away,West Ham United,0-2,a 0-2,129820,Alisson,Alisson,alisson,0.0,90,1,GK,90' GK,https://playerstats.football/premier-league/liverpool/xg
35,1378637,19427592,2025/2026,25/26 03 Dec,2025-12-03,1,Premier League,h,Home,Sunderland,1-1,h 1-1,129820,Alisson,Alisson,alisson,0.0,90,1,GK,90' GK,https://playerstats.football/premier-league/liverpool/xg
34,1378928,19427601,2025/2026,25/26 06 Dec,2025-12-06,1,Premier League,a,Away,Leeds United,3-3,a 3-3,129820,Alisson,Alisson,alisson,0.0,90,1,GK,90' GK,https://playerstats.football/premier-league/liverpool/xg
33,1396884,19568526,2025/2026,25/26 09 Dec,2025-12-09,5,Champions League,a,Away,Inter,0-1,a 0-1,129820,Alisson,Alisson,alisson,0.0,90,1,GK,90' GK,https://playerstats.football/premier-league/liverpool/xg
32,1378936,19427611,2025/2026,25/26 13 Dec,2025-12-13,1,Premier League,h,Home,Brighton & Hove Albion,2-0,h 2-0,129820,Alisson,Alisson,alisson,0.0,90,1,GK,90' GK,https://playerstats.football/premier-league/liverpool/xg
31,1378949,19427624,2025/2026,25/26 20 Dec,2025-12-20,1,Premier League,a,Away,Tottenham Hotspur,1-2,a 1-2,129820,Alisson,Alisson,alisson,0.0,90,1,GK,90' GK,https://playerstats.football/premier-league/liverpool/xg
30,1379105,19427631,2025/2026,25/26 27 Dec,2025-12-27,1,Premier League,h,Home,Wolverhampton Wanderers,2-1,h 2-1,129820,Alisson,Alisson,alisson,0.0,90,1,GK,90' GK,https://playerstats.football/premier-league/liverpool/xg
29,1378612,19427641,2025/2026,25/26 01 Jan,2026-01-01,1,Premier League,h,Home,Leeds United,0-0,h 0-0,129820,Alisson,Alisson,alisson,0.0,90,1,GK,90' GK,https://playerstats.football/premier-league/liverpool/xg
28,1379083,19427650,2025/2026,25/26 04 Jan,2026-01-04,1,Premier League,a,Away,Fulham,2-2,a 2-2,129820,Alisson,Alisson,alisson,0.0,90,1,GK,90' GK,https://playerstats.football/premier-league/liverpool/xg
27,1378873,19427656,2025/2026,25/26 08 Jan,2026-01-08,1,Premier League,a,Away,Arsenal,0-0,a 0-0,129820,Alisson,Alisson,alisson,0.0,90,1,GK,90' GK,https://playerstats.football/premier-league/liverpool/xg
26,1344436,19615693,2025/2026,25/26 12 Jan,2026-01-12,300,FA Cup,h,Home,Barnsley,4-1,h 4-1,129820,Alisson,Alisson,alisson,0.0,0,0,,,https://playerstats.football/premier-league/liverpool/xg
25,1378764,19427670,2025/2026,25/26 17 Jan,2026-01-17,1,Premier League,h,Home,Burnley,1-1,h 1-1,129820,Alisson,Alisson,alisson,0.0,90,1,GK,90' GK,https://playerstats.football/premier-league/liverpool/xg
24,1397227,19568558,2025/2026,25/26 21 Jan,2026-01-21,5,Champions League,a,Away,Olympique Marseille,0-3,a 0-3,129820,Alisson,Alisson,alisson,0.0,90,1,GK,90' GK,https://playerstats.football/premier-league/liverpool/xg
23,1378641,19427677,2025/2026,25/26 24 Jan,2026-01-24,1,Premier League,a,Away,AFC Bournemouth,3-2,a 3-2,129820,Alisson,Alisson,alisson,0.0,90,1,GK,90' GK,https://playerstats.football/premier-league/liverpool/xg
22,1396913,19568541,2025/2026,25/26 28 Jan,2026-01-28,5,Champions League,h,Home,Qarabağ,6-0,h 6-0,129820,Alisson,Alisson,alisson,0.0,90,1,GK,90' GK,https://playerstats.football/premier-league/liverpool/xg
21,1378995,19427690,2025/2026,25/26 31 Jan,2026-01-31,1,Premier League,h,Home,Newcastle United,4-1,h 4-1,129820,Alisson,Alisson,alisson,0.0,90,1,GK,90' GK,https://playerstats.football/premier-league/liverpool/xg
20,1378700,19427702,2025/2026,25/26 08 Feb,2026-02-08,1,Premier League,h,Home,Manchester City,1-2,h 1-2,129820,Alisson,Alisson,alisson,0.0,90,1,GK,90' GK,https://playerstats.football/premier-league/liverpool/xg
19,1378607,19427713,2025/2026,25/26 11 Feb,2026-02-11,1,Premier League,a,Away,Sunderland,0-1,a 0-1,129820,Alisson,Alisson,alisson,0.0,90,1,GK,90' GK,https://playerstats.football/premier-league/liverpool/xg
18,1374766,19645325,2025/2026,25/26 14 Feb,2026-02-14,300,FA Cup,h,Home,Brighton & Hove Albion,3-0,h 3-0,129820,Alisson,Alisson,alisson,0.0,90,1,GK,90' GK,https://playerstats.football/premier-league/liverpool/xg
17,1398004,19427151,2025/2026,25/26 22 Feb,2026-02-22,1,Premier League,a,Away,Nottingham Forest,0-1,a 0-1,129820,Alisson,Alisson,alisson,0.0,90,1,GK,90' GK,https://playerstats.football/premier-league/liverpool/xg
16,1405260,19427161,2025/2026,25/26 28 Feb,2026-02-28,1,Premier League,h,Home,West Ham United,5-2,h 5-2,129820,Alisson,Alisson,alisson,0.0,90,1,GK,90' GK,https://playerstats.football/premier-league/liverpool/xg
15,1407609,19427174,2025/2026,25/26 03 Mar,2026-03-03,1,Premier League,a,Away,Wolverhampton Wanderers,2-1,a 2-1,129820,Alisson,Alisson,alisson,0.0,90,1,GK,90' GK,https://playerstats.football/premier-league/liverpool/xg
14,1413001,19676918,2025/2026,25/26 06 Mar,2026-03-06,300,FA Cup,a,Away,Wolverhampton Wanderers,1-3,a 1-3,129820,Alisson,Alisson,alisson,0.0,90,1,GK,90' GK,https://playerstats.football/premier-league/liverpool/xg
13,1415031,19662568,2025/2026,25/26 10 Mar,2026-03-10,5,Champions League,a,Away,Galatasaray,1-0,a 1-0,129820,Alisson,Alisson,alisson,0.0,0,0,,,https://playerstats.football/premier-league/liverpool/xg
12,1422066,19427180,2025/2026,25/26 15 Mar,2026-03-15,1,Premier League,h,Home,Tottenham Hotspur,1-1,h 1-1,129820,Alisson,Alisson,alisson,0.0,90,1,GK,90' GK,https://playerstats.football/premier-league/liverpool/xg
11,1426145,19662560,2025/2026,25/26 18 Mar,2026-03-18,5,Champions League,h,Home,Galatasaray,4-0,h 4-0,129820,Alisson,Alisson,alisson,0.0,90,1,GK,90' GK,https://playerstats.football/premier-league/liverpool/xg
10,1429079,19427187,2025/2026,25/26 21 Mar,2026-03-21,1,Premier League,a,Away,Brighton & Hove Albion,2-1,a 2-1,129820,Alisson,Alisson,alisson,0.0,0,0,,,https://playerstats.football/premier-league/liverpool/xg
9,1443072,19687560,2025/2026,25/26 04 Apr,2026-04-04,300,FA Cup,a,Away,Manchester City,4-0,a 4-0,129820,Alisson,Alisson,alisson,0.0,0,0,,,https://playerstats.football/premier-league/liverpool/xg
8,1447863,19683236,2025/2026,25/26 08 Apr,2026-04-08,5,Champions League,a,Away,Paris Saint Germain,2-0,a 2-0,129820,Alisson,Alisson,alisson,0.0,0,0,,,https://playerstats.football/premier-league/liverpool/xg
7,1451031,19427197,2025/2026,25/26 11 Apr,2026-04-11,1,Premier League,h,Home,Fulham,2-0,h 2-0,129820,Alisson,Alisson,alisson,0.0,0,0,,,https://playerstats.football/premier-league/liverpool/xg
6,1452845,19683229,2025/2026,25/26 14 Apr,2026-04-14,5,Champions League,h,Home,Paris Saint Germain,0-2,h 0-2,129820,Alisson,Alisson,alisson,0.0,0,0,,,https://playerstats.football/premier-league/liverpool/xg
5,1458937,19427732,2025/2026,25/26 19 Apr,2026-04-19,1,Premier League,a,Away,Everton,1-2,a 1-2,129820,Alisson,Alisson,alisson,0.0,0,0,,,https://playerstats.football/premier-league/liverpool/xg
4,1466441,19427201,2025/2026,25/26 25 Apr,2026-04-25,1,Premier League,h,Home,Crystal Palace,3-1,h 3-1,129820,Alisson,Alisson,alisson,0.0,0,0,,,https://playerstats.football/premier-league/liverpool/xg
3,1475068,19427213,2025/2026,25/26 03 May,2026-05-03,1,Premier League,a,Away,Manchester United,3-2,a 3-2,129820,Alisson,Alisson,alisson,0.0,0,0,,,https://playerstats.football/premier-league/liverpool/xg
2,1480645,19427220,2025/2026,25/26 09 May,2026-05-09,1,Premier League,h,Home,Chelsea,1-1,h 1-1,129820,Alisson,Alisson,alisson,0.0,0,0,,,https://playerstats.football/premier-league/liverpool/xg
1,1487202,19427227,2025/2026,25/26 15 May,2026-05-15,1,Premier League,a,Away,Aston Villa,4-2,a 4-2,129820,Alisson,Alisson,alisson,0.0,0,0,,,https://playerstats.football/premier-league/liverpool/xg
56,1193039,19464492,2025/2026,25/26 10 Aug,2025-08-10,7,Community Shield,a,Away,Crystal Palace,2-2,a 2-2 P,37316835,C. Bradley,Conor Bradley,conor_bradley,0.0,0,0,,,https://playerstats.football/premier-league/liverpool/xg
55,1378727,19427455,2025/2026,25/26 15 Aug,2025-08-15,1,Premier League,h,Home,AFC Bournemouth,4-2,h 4-2,37316835,C. Bradley,Conor Bradley,conor_bradley,0.0,0,0,,,https://playerstats.football/premier-league/liverpool/xg
54,1378725,19427473,2025/2026,25/26 25 Aug,2025-08-25,1,Premier League,a,Away,Newcastle United,2-3,a 2-3,37316835,C. Bradley,Conor Bradley,conor_bradley,0.0,10,1,,10',https://playerstats.football/premier-league/liverpool/xg
53,1378820,19427479,2025/2026,25/26 31 Aug,2025-08-31,1,Premier League,h,Home,Arsenal,1-0,h 1-0,37316835,C. Bradley,Conor Bradley,conor_bradley,0.0,0,0,,,https://playerstats.football/premier-league/liverpool/xg
52,1378793,19427488,2025/2026,25/26 14 Sep,2025-09-14,1,Premier League,a,Away,Burnley,0-1,a 0-1,37316835,C. Bradley,Conor Bradley,conor_bradley,0.04,44,1,,0.04 44',https://playerstats.football/premier-league/liverpool/xg
51,1397014,19568539,2025/2026,25/26 17 Sep,2025-09-17,5,Champions League,h,Home,Atlético Madrid,3-2,h 3-2,37316835,C. Bradley,Conor Bradley,conor_bradley,0.0,32,1,,32',https://playerstats.football/premier-league/liverpool/xg
50,1379121,19427500,2025/2026,25/26 20 Sep,2025-09-20,1,Premier League,h,Home,Everton,2-1,h 2-1,37316835,C. Bradley,Conor Bradley,conor_bradley,0.02,90,1,RB,0.02 90' RB,https://playerstats.football/premier-league/liverpool/xg
49,1218466,19572904,2025/2026,25/26 23 Sep,2025-09-23,8,Carabao Cup,h,Home,Southampton,2-1,h 2-1,37316835,C. Bradley,Conor Bradley,conor_bradley,0.0,33,1,,33',https://playerstats.football/premier-league/liverpool/xg
48,1379139,19427508,2025/2026,25/26 27 Sep,2025-09-27,1,Premier League,a,Away,Crystal Palace,2-1,a 2-1,37316835,C. Bradley,Conor Bradley,conor_bradley,0.0,46,1,RB,46' 0.17 +0.17 C. Gakpo RB,https://playerstats.football/premier-league/liverpool/xg
47,1396787,19568522,2025/2026,25/26 30 Sep,2025-09-30,5,Champions League,a,Away,Galatasaray,1-0,a 1-0,37316835,C. Bradley,Conor Bradley,conor_bradley,0.07,28,1,,0.07 28',https://playerstats.football/premier-league/liverpool/xg
46,1378908,19427519,2025/2026,25/26 04 Oct,2025-10-04,1,Premier League,a,Away,Chelsea,2-1,a 2-1,37316835,C. Bradley,Conor Bradley,conor_bradley,0.0,46,1,RB,46' RB,https://playerstats.football/premier-league/liverpool/xg
45,1378881,19427529,2025/2026,25/26 19 Oct,2025-10-19,1,Premier League,h,Home,Manchester United,1-2,h 1-2,37316835,C. Bradley,Conor Bradley,conor_bradley,0.0,62,1,RB,62' RB,https://playerstats.football/premier-league/liverpool/xg
44,1397134,19568510,2025/2026,25/26 22 Oct,2025-10-22,5,Champions League,a,Away,Eintracht Frankfurt,1-5,a 1-5,37316835,C. Bradley,Conor Bradley,conor_bradley,0.14,71,1,,0.14 71',https://playerstats.football/premier-league/liverpool/xg
43,1378639,19427539,2025/2026,25/26 25 Oct,2025-10-25,1,Premier League,a,Away,Brentford,3-2,a 3-2,37316835,C. Bradley,Conor Bradley,conor_bradley,0.0,62,1,RB,62' 0.37 +0.37 A. Mac Allister RB,https://playerstats.football/premier-league/liverpool/xg
42,1290118,19585905,2025/2026,25/26 29 Oct,2025-10-29,8,Carabao Cup,h,Home,Crystal Palace,0-3,h 0-3,37316835,C. Bradley,Conor Bradley,conor_bradley,0.0,0,0,,,https://playerstats.football/premier-league/liverpool/xg
41,1378744,19427550,2025/2026,25/26 01 Nov,2025-11-01,1,Premier League,h,Home,Aston Villa,2-0,h 2-0,37316835,C. Bradley,Conor Bradley,conor_bradley,0.02,90,1,RB,0.02 90' RB,https://playerstats.football/premier-league/liverpool/xg
40,1397140,19568538,2025/2026,25/26 04 Nov,2025-11-04,5,Champions League,h,Home,Real Madrid,1-0,h 1-0,37316835,C. Bradley,Conor Bradley,conor_bradley,0.0,90,1,RB,90' RB,https://playerstats.football/premier-league/liverpool/xg
39,1378930,19427561,2025/2026,25/26 09 Nov,2025-11-09,1,Premier League,a,Away,Manchester City,3-0,a 3-0,37316835,C. Bradley,Conor Bradley,conor_bradley,0.0,83,1,RB,83' RB,https://playerstats.football/premier-league/liverpool/xg
38,1378974,19427572,2025/2026,25/26 22 Nov,2025-11-22,1,Premier League,h,Home,Nottingham Forest,0-3,h 0-3,37316835,C. Bradley,Conor Bradley,conor_bradley,0.0,0,0,,,https://playerstats.football/premier-league/liverpool/xg
37,1396979,19568540,2025/2026,25/26 26 Nov,2025-11-26,5,Champions League,h,Home,PSV,1-4,h 1-4,37316835,C. Bradley,Conor Bradley,conor_bradley,0.0,0,0,,,https://playerstats.football/premier-league/liverpool/xg
36,1378854,19427585,2025/2026,25/26 30 Nov,2025-11-30,1,Premier League,a,Away,West Ham United,0-2,a 0-2,37316835,C. Bradley,Conor Bradley,conor_bradley,0.0,0,0,,,https://playerstats.football/premier-league/liverpool/xg
35,1378637,19427592,2025/2026,25/26 03 Dec,2025-12-03,1,Premier League,h,Home,Sunderland,1-1,h 1-1,37316835,C. Bradley,Conor Bradley,conor_bradley,0.0,0,0,,,https://playerstats.football/premier-league/liverpool/xg
34,1378928,19427601,2025/2026,25/26 06 Dec,2025-12-06,1,Premier League,a,Away,Leeds United,3-3,a 3-3,37316835,C. Bradley,Conor Bradley,conor_bradley,0.0,68,1,RB,68' RB,https://playerstats.football/premier-league/liverpool/xg
33,1396884,19568526,2025/2026,25/26 09 Dec,2025-12-09,5,Champions League,a,Away,Inter,0-1,a 0-1,37316835,C. Bradley,Conor Bradley,conor_bradley,0.1,22,1,,0.10 22',https://playerstats.football/premier-league/liverpool/xg
32,1378936,19427611,2025/2026,25/26 13 Dec,2025-12-13,1,Premier League,h,Home,Brighton & Hove Albion,2-0,h 2-0,37316835,C. Bradley,Conor Bradley,conor_bradley,0.0,0,0,,,https://playerstats.football/premier-league/liverpool/xg
31,1378949,19427624,2025/2026,25/26 20 Dec,2025-12-20,1,Premier League,a,Away,Tottenham Hotspur,1-2,a 1-2,37316835,C. Bradley,Conor Bradley,conor_bradley,0.0,46,1,RB,46' 0.22 +0.22 + A. Isak J. Frimpong RB,https://playerstats.football/premier-league/liverpool/xg
30,1379105,19427631,2025/2026,25/26 27 Dec,2025-12-27,1,Premier League,h,Home,Wolverhampton Wanderers,2-1,h 2-1,37316835,C. Bradley,Conor Bradley,conor_bradley,0.0,29,1,,29',https://playerstats.football/premier-league/liverpool/xg
29,1378612,19427641,2025/2026,25/26 01 Jan,2026-01-01,1,Premier League,h,Home,Leeds United,0-0,h 0-0,37316835,C. Bradley,Conor Bradley,conor_bradley,0.2,79,1,RB,0.20 79' RB,https://playerstats.football/premier-league/liverpool/xg
28,1379083,19427650,2025/2026,25/26 04 Jan,2026-01-04,1,Premier League,a,Away,Fulham,2-2,a 2-2,37316835,C. Bradley,Conor Bradley,conor_bradley,0.0,90,1,RB,90' RB,https://playerstats.football/premier-league/liverpool/xg
27,1378873,19427656,2025/2026,25/26 08 Jan,2026-01-08,1,Premier League,a,Away,Arsenal,0-0,a 0-0,37316835,C. Bradley,Conor Bradley,conor_bradley,0.02,90,1,RB,0.02 90' RB,https://playerstats.football/premier-league/liverpool/xg
26,1344436,19615693,2025/2026,25/26 12 Jan,2026-01-12,300,FA Cup,h,Home,Barnsley,4-1,h 4-1,37316835,C. Bradley,Conor Bradley,conor_bradley,0.0,0,0,,,https://playerstats.football/premier-league/liverpool/xg
25,1378764,19427670,2025/2026,25/26 17 Jan,2026-01-17,1,Premier League,h,Home,Burnley,1-1,h 1-1,37316835,C. Bradley,Conor Bradley,conor_bradley,0.0,0,0,,,https://playerstats.football/premier-league/liverpool/xg
24,1397227,19568558,2025/2026,25/26 21 Jan,2026-01-21,5,Champions League,a,Away,Olympique Marseille,0-3,a 0-3,37316835,C. Bradley,Conor Bradley,conor_bradley,0.0,0,0,,,https://playerstats.football/premier-league/liverpool/xg
23,1378641,19427677,2025/2026,25/26 24 Jan,2026-01-24,1,Premier League,a,Away,AFC Bournemouth,3-2,a 3-2,37316835,C. Bradley,Conor Bradley,conor_bradley,0.0,0,0,,,https://playerstats.football/premier-league/liverpool/xg
22,1396913,19568541,2025/2026,25/26 28 Jan,2026-01-28,5,Champions League,h,Home,Qarabağ,6-0,h 6-0,37316835,C. Bradley,Conor Bradley,conor_bradley,0.0,0,0,,,https://playerstats.football/premier-league/liverpool/xg
21,1378995,19427690,2025/2026,25/26 31 Jan,2026-01-31,1,Premier League,h,Home,Newcastle United,4-1,h 4-1,37316835,C. Bradley,Conor Bradley,conor_bradley,0.0,0,0,,,https://playerstats.football/premier-league/liverpool/xg
20,1378700,19427702,2025/2026,25/26 08 Feb,2026-02-08,1,Premier League,h,Home,Manchester City,1-2,h 1-2,37316835,C. Bradley,Conor Bradley,conor_bradley,0.0,0,0,,,https://playerstats.football/premier-league/liverpool/xg
19,1378607,19427713,2025/2026,25/26 11 Feb,2026-02-11,1,Premier League,a,Away,Sunderland,0-1,a 0-1,37316835,C. Bradley,Conor Bradley,conor_bradley,0.0,0,0,,,https://playerstats.football/premier-league/liverpool/xg
18,1374766,19645325,2025/2026,25/26 14 Feb,2026-02-14,300,FA Cup,h,Home,Brighton & Hove Albion,3-0,h 3-0,37316835,C. Bradley,Conor Bradley,conor_bradley,0.0,0,0,,,https://playerstats.football/premier-league/liverpool/xg
17,1398004,19427151,2025/2026,25/26 22 Feb,2026-02-22,1,Premier League,a,Away,Nottingham Forest,0-1,a 0-1,37316835,C. Bradley,Conor Bradley,conor_bradley,0.0,0,0,,,https://playerstats.football/premier-league/liverpool/xg
16,1405260,19427161,2025/2026,25/26 28 Feb,2026-02-28,1,Premier League,h,Home,West Ham United,5-2,h 5-2,37316835,C. Bradley,Conor Bradley,conor_bradley,0.0,0,0,,,https://playerstats.football/premier-league/liverpool/xg
15,1407609,19427174,2025/2026,25/26 03 Mar,2026-03-03,1,Premier League,a,Away,Wolverhampton Wanderers,2-1,a 2-1,37316835,C. Bradley,Conor Bradley,conor_bradley,0.0,0,0,,,https://playerstats.football/premier-league/liverpool/xg
14,1413001,19676918,2025/2026,25/26 06 Mar,2026-03-06,300,FA Cup,a,Away,Wolverhampton Wanderers,1-3,a 1-3,37316835,C. Bradley,Conor Bradley,conor_bradley,0.0,0,0,,,https://playerstats.football/premier-league/liverpool/xg
13,1415031,19662568,2025/2026,25/26 10 Mar,2026-03-10,5,Champions League,a,Away,Galatasaray,1-0,a 1-0,37316835,C. Bradley,Conor Bradley,conor_bradley,0.0,0,0,,,https://playerstats.football/premier-league/liverpool/xg
12,1422066,19427180,2025/2026,25/26 15 Mar,2026-03-15,1,Premier League,h,Home,Tottenham Hotspur,1-1,h 1-1,37316835,C. Bradley,Conor Bradley,conor_bradley,0.0,0,0,,,https://playerstats.football/premier-league/liverpool/xg
11,1426145,19662560,2025/2026,25/26 18 Mar,2026-03-18,5,Champions League,h,Home,Galatasaray,4-0,h 4-0,37316835,C. Bradley,Conor Bradley,conor_bradley,0.0,0,0,,,https://playerstats.football/premier-league/liverpool/xg
10,1429079,19427187,2025/2026,25/26 21 Mar,2026-03-21,1,Premier League,a,Away,Brighton & Hove Albion,2-1,a 2-1,37316835,C. Bradley,Conor Bradley,conor_bradley,0.0,0,0,,,https://playerstats.football/premier-league/liverpool/xg
9,1443072,19687560,2025/2026,25/26 04 Apr,2026-04-04,300,FA Cup,a,Away,Manchester City,4-0,a 4-0,37316835,C. Bradley,Conor Bradley,conor_bradley,0.0,0,0,,,https://playerstats.football/premier-league/liverpool/xg
8,1447863,19683236,2025/2026,25/26 08 Apr,2026-04-08,5,Champions League,a,Away,Paris Saint Germain,2-0,a 2-0,37316835,C. Bradley,Conor Bradley,conor_bradley,0.0,0,0,,,https://playerstats.football/premier-league/liverpool/xg
7,1451031,19427197,2025/2026,25/26 11 Apr,2026-04-11,1,Premier League,h,Home,Fulham,2-0,h 2-0,37316835,C. Bradley,Conor Bradley,conor_bradley,0.0,0,0,,,https://playerstats.football/premier-league/liverpool/xg
6,1452845,19683229,2025/2026,25/26 14 Apr,2026-04-14,5,Champions League,h,Home,Paris Saint Germain,0-2,h 0-2,37316835,C. Bradley,Conor Bradley,conor_bradley,0.0,0,0,,,https://playerstats.football/premier-league/liverpool/xg
5,1458937,19427732,2025/2026,25/26 19 Apr,2026-04-19,1,Premier League,a,Away,Everton,1-2,a 1-2,37316835,C. Bradley,Conor Bradley,conor_bradley,0.0,0,0,,,https://playerstats.football/premier-league/liverpool/xg
4,1466441,19427201,2025/2026,25/26 25 Apr,2026-04-25,1,Premier League,h,Home,Crystal Palace,3-1,h 3-1,37316835,C. Bradley,Conor Bradley,conor_bradley,0.0,0,0,,,https://playerstats.football/premier-league/liverpool/xg
3,1475068,19427213,2025/2026,25/26 03 May,2026-05-03,1,Premier League,a,Away,Manchester United,3-2,a 3-2,37316835,C. Bradley,Conor Bradley,conor_bradley,0.0,0,0,,,https://playerstats.football/premier-league/liverpool/xg
2,1480645,19427220,2025/2026,25/26 09 May,2026-05-09,1,Premier League,h,Home,Chelsea,1-1,h 1-1,37316835,C. Bradley,Conor Bradley,conor_bradley,0.0,0,0,,,https://playerstats.football/premier-league/liverpool/xg
1,1487202,19427227,2025/2026,25/26 15 May,2026-05-15,1,Premier League,a,Away,Aston Villa,4-2,a 4-2,37316835,C. Bradley,Conor Bradley,conor_bradley,0.0,0,0,,,https://playerstats.football/premier-league/liverpool/xg
56,1193039,19464492,2025/2026,25/26 10 Aug,2025-08-10,7,Community Shield,a,Away,Crystal Palace,2-2,a 2-2 P,30062,C. Gakpo,Cody Gakpo,cody_gakpo,0.0,120,1,LAM,120' LAM,https://playerstats.football/premier-league/liverpool/xg
55,1378727,19427455,2025/2026,25/26 15 Aug,2025-08-15,1,Premier League,h,Home,AFC Bournemouth,4-2,h 4-2,30062,C. Gakpo,Cody Gakpo,cody_gakpo,0.29,90,1,LAM,0.29 90' LAM,https://playerstats.football/premier-league/liverpool/xg
54,1378725,19427473,2025/2026,25/26 25 Aug,2025-08-25,1,Premier League,a,Away,Newcastle United,2-3,a 2-3,30062,C. Gakpo,Cody Gakpo,cody_gakpo,0.09,90,1,LAM,0.09 90' 0.32 +0.23 R. Ngumoha LAM,https://playerstats.football/premier-league/liverpool/xg
53,1378820,19427479,2025/2026,25/26 31 Aug,2025-08-31,1,Premier League,h,Home,Arsenal,1-0,h 1-0,30062,C. Gakpo,Cody Gakpo,cody_gakpo,0.09,90,1,LAM,0.09 90' LAM,https://playerstats.football/premier-league/liverpool/xg
52,1378793,19427488,2025/2026,25/26 14 Sep,2025-09-14,1,Premier League,a,Away,Burnley,0-1,a 0-1,30062,C. Gakpo,Cody Gakpo,cody_gakpo,0.23,90,1,LAM,0.23 90' LAM,https://playerstats.football/premier-league/liverpool/xg
51,1397014,19568539,2025/2026,25/26 17 Sep,2025-09-17,5,Champions League,h,Home,Atlético Madrid,3-2,h 3-2,30062,C. Gakpo,Cody Gakpo,cody_gakpo,0.0,58,1,LAM,58' LAM,https://playerstats.football/premier-league/liverpool/xg
50,1379121,19427500,2025/2026,25/26 20 Sep,2025-09-20,1,Premier League,h,Home,Everton,2-1,h 2-1,30062,C. Gakpo,Cody Gakpo,cody_gakpo,0.37,61,1,LAM,0.37 61' LAM,https://playerstats.football/premier-league/liverpool/xg
49,1218466,19572904,2025/2026,25/26 23 Sep,2025-09-23,8,Carabao Cup,h,Home,Southampton,2-1,h 2-1,30062,C. Gakpo,Cody Gakpo,cody_gakpo,0.0,0,0,,,https://playerstats.football/premier-league/liverpool/xg
48,1379139,19427508,2025/2026,25/26 27 Sep,2025-09-27,1,Premier League,a,Away,Crystal Palace,2-1,a 2-1,30062,C. Gakpo,Cody Gakpo,cody_gakpo,0.17,44,1,,0.17 44',https://playerstats.football/premier-league/liverpool/xg
47,1396787,19568522,2025/2026,25/26 30 Sep,2025-09-30,5,Champions League,a,Away,Galatasaray,1-0,a 1-0,30062,C. Gakpo,Cody Gakpo,cody_gakpo,0.27,62,1,LAM,0.27 62' LAM,https://playerstats.football/premier-league/liverpool/xg
46,1378908,19427519,2025/2026,25/26 04 Oct,2025-10-04,1,Premier League,a,Away,Chelsea,2-1,a 2-1,30062,C. Gakpo,Cody Gakpo,cody_gakpo,0.63,90,1,LAM,0.63 90' LAM,https://playerstats.football/premier-league/liverpool/xg
45,1378881,19427529,2025/2026,25/26 19 Oct,2025-10-19,1,Premier League,h,Home,Manchester United,1-2,h 1-2,30062,C. Gakpo,Cody Gakpo,cody_gakpo,1.1,90,1,LAM,1.10 90' LAM,https://playerstats.football/premier-league/liverpool/xg
44,1397134,19568510,2025/2026,25/26 22 Oct,2025-10-22,5,Champions League,a,Away,Eintracht Frankfurt,1-5,a 1-5,30062,C. Gakpo,Cody Gakpo,cody_gakpo,0.53,74,1,LM,0.53 74' LM,https://playerstats.football/premier-league/liverpool/xg
43,1378639,19427539,2025/2026,25/26 25 Oct,2025-10-25,1,Premier League,a,Away,Brentford,3-2,a 3-2,30062,C. Gakpo,Cody Gakpo,cody_gakpo,0.04,61,1,LAM,0.04 61' 0.11 +0.07 F. Chiesa LAM,https://playerstats.football/premier-league/liverpool/xg
42,1290118,19585905,2025/2026,25/26 29 Oct,2025-10-29,8,Carabao Cup,h,Home,Crystal Palace,0-3,h 0-3,30062,C. Gakpo,Cody Gakpo,cody_gakpo,0.0,0,0,,,https://playerstats.football/premier-league/liverpool/xg
41,1378744,19427550,2025/2026,25/26 01 Nov,2025-11-01,1,Premier League,h,Home,Aston Villa,2-0,h 2-0,30062,C. Gakpo,Cody Gakpo,cody_gakpo,0.26,90,1,LAM,0.26 90' LAM,https://playerstats.football/premier-league/liverpool/xg
40,1397140,19568538,2025/2026,25/26 04 Nov,2025-11-04,5,Champions League,h,Home,Real Madrid,1-0,h 1-0,30062,C. Gakpo,Cody Gakpo,cody_gakpo,0.68,11,1,,0.68 11',https://playerstats.football/premier-league/liverpool/xg
39,1378930,19427561,2025/2026,25/26 09 Nov,2025-11-09,1,Premier League,a,Away,Manchester City,3-0,a 3-0,30062,C. Gakpo,Cody Gakpo,cody_gakpo,0.18,34,1,,0.18 34',https://playerstats.football/premier-league/liverpool/xg
38,1378974,19427572,2025/2026,25/26 22 Nov,2025-11-22,1,Premier League,h,Home,Nottingham Forest,0-3,h 0-3,30062,C. Gakpo,Cody Gakpo,cody_gakpo,0.38,90,1,LW,0.38 90' LW,https://playerstats.football/premier-league/liverpool/xg
37,1396979,19568540,2025/2026,25/26 26 Nov,2025-11-26,5,Champions League,h,Home,PSV,1-4,h 1-4,30062,C. Gakpo,Cody Gakpo,cody_gakpo,0.38,90,1,LAM,0.38 90' LAM,https://playerstats.football/premier-league/liverpool/xg
36,1378854,19427585,2025/2026,25/26 30 Nov,2025-11-30,1,Premier League,a,Away,West Ham United,0-2,a 0-2,30062,C. Gakpo,Cody Gakpo,cody_gakpo,0.24,90,1,LAM,0.24 90' LAM,https://playerstats.football/premier-league/liverpool/xg
35,1378637,19427592,2025/2026,25/26 03 Dec,2025-12-03,1,Premier League,h,Home,Sunderland,1-1,h 1-1,30062,C. Gakpo,Cody Gakpo,cody_gakpo,0.05,46,1,LAM,0.05 46' 0.11 +0.06 M. Salah LAM,https://playerstats.football/premier-league/liverpool/xg
34,1378928,19427601,2025/2026,25/26 06 Dec,2025-12-06,1,Premier League,a,Away,Leeds United,3-3,a 3-3,30062,C. Gakpo,Cody Gakpo,cody_gakpo,0.25,83,1,LAM,0.25 83' LAM,https://playerstats.football/premier-league/liverpool/xg
33,1396884,19568526,2025/2026,25/26 09 Dec,2025-12-09,5,Champions League,a,Away,Inter,0-1,a 0-1,30062,C. Gakpo,Cody Gakpo,cody_gakpo,0.0,0,0,,,https://playerstats.football/premier-league/liverpool/xg
32,1378936,19427611,2025/2026,25/26 13 Dec,2025-12-13,1,Premier League,h,Home,Brighton & Hove Albion,2-0,h 2-0,30062,C. Gakpo,Cody Gakpo,cody_gakpo,0.0,0,0,,,https://playerstats.football/premier-league/liverpool/xg
31,1378949,19427624,2025/2026,25/26 20 Dec,2025-12-20,1,Premier League,a,Away,Tottenham Hotspur,1-2,a 1-2,30062,C. Gakpo,Cody Gakpo,cody_gakpo,0.0,0,0,,,https://playerstats.football/premier-league/liverpool/xg
30,1379105,19427631,2025/2026,25/26 27 Dec,2025-12-27,1,Premier League,h,Home,Wolverhampton Wanderers,2-1,h 2-1,30062,C. Gakpo,Cody Gakpo,cody_gakpo,0.03,4,1,,0.03 4',https://playerstats.football/premier-league/liverpool/xg
29,1378612,19427641,2025/2026,25/26 01 Jan,2026-01-01,1,Premier League,h,Home,Leeds United,0-0,h 0-0,30062,C. Gakpo,Cody Gakpo,cody_gakpo,0.04,24,1,,0.04 24',https://playerstats.football/premier-league/liverpool/xg
28,1379083,19427650,2025/2026,25/26 04 Jan,2026-01-04,1,Premier League,a,Away,Fulham,2-2,a 2-2,30062,C. Gakpo,Cody Gakpo,cody_gakpo,0.53,90,1,ST,0.53 90' ST,https://playerstats.football/premier-league/liverpool/xg
27,1378873,19427656,2025/2026,25/26 08 Jan,2026-01-08,1,Premier League,a,Away,Arsenal,0-0,a 0-0,30062,C. Gakpo,Cody Gakpo,cody_gakpo,0.1,90,1,LAM,0.10 90' LAM,https://playerstats.football/premier-league/liverpool/xg
26,1344436,19615693,2025/2026,25/26 12 Jan,2026-01-12,300,FA Cup,h,Home,Barnsley,4-1,h 4-1,30062,C. Gakpo,Cody Gakpo,cody_gakpo,0.34,90,1,ST,0.34 90' ST,https://playerstats.football/premier-league/liverpool/xg
25,1378764,19427670,2025/2026,25/26 17 Jan,2026-01-17,1,Premier League,h,Home,Burnley,1-1,h 1-1,30062,C. Gakpo,Cody Gakpo,cody_gakpo,0.46,78,1,LAM,0.46 78' LAM,https://playerstats.football/premier-league/liverpool/xg
24,1397227,19568558,2025/2026,25/26 21 Jan,2026-01-21,5,Champions League,a,Away,Olympique Marseille,0-3,a 0-3,30062,C. Gakpo,Cody Gakpo,cody_gakpo,0.16,11,1,,0.16 11',https://playerstats.football/premier-league/liverpool/xg
23,1378641,19427677,2025/2026,25/26 24 Jan,2026-01-24,1,Premier League,a,Away,AFC Bournemouth,3-2,a 3-2,30062,C. Gakpo,Cody Gakpo,cody_gakpo,0.1,74,1,ST,0.10 74' ST,https://playerstats.football/premier-league/liverpool/xg
22,1396913,19568541,2025/2026,25/26 28 Jan,2026-01-28,5,Champions League,h,Home,Qarabağ,6-0,h 6-0,30062,C. Gakpo,Cody Gakpo,cody_gakpo,0.46,74,1,LAM,0.46 74' 1.14 +0.68 F. Chiesa LAM,https://playerstats.football/premier-league/liverpool/xg
21,1378995,19427690,2025/2026,25/26 31 Jan,2026-01-31,1,Premier League,h,Home,Newcastle United,4-1,h 4-1,30062,C. Gakpo,Cody Gakpo,cody_gakpo,0.05,90,1,LAM,0.05 90' LAM,https://playerstats.football/premier-league/liverpool/xg
20,1378700,19427702,2025/2026,25/26 08 Feb,2026-02-08,1,Premier League,h,Home,Manchester City,1-2,h 1-2,30062,C. Gakpo,Cody Gakpo,cody_gakpo,0.0,85,1,LAM,85' LAM,https://playerstats.football/premier-league/liverpool/xg
19,1378607,19427713,2025/2026,25/26 11 Feb,2026-02-11,1,Premier League,a,Away,Sunderland,0-1,a 0-1,30062,C. Gakpo,Cody Gakpo,cody_gakpo,0.18,75,1,LAM,0.18 75' 0.29 +0.11 C. Jones LAM,https://playerstats.football/premier-league/liverpool/xg
18,1374766,19645325,2025/2026,25/26 14 Feb,2026-02-14,300,FA Cup,h,Home,Brighton & Hove Albion,3-0,h 3-0,30062,C. Gakpo,Cody Gakpo,cody_gakpo,0.07,89,1,LAM,0.07 89' LAM,https://playerstats.football/premier-league/liverpool/xg
17,1398004,19427151,2025/2026,25/26 22 Feb,2026-02-22,1,Premier League,a,Away,Nottingham Forest,0-1,a 0-1,30062,C. Gakpo,Cody Gakpo,cody_gakpo,0.02,77,1,LAM,0.02 77' LAM,https://playerstats.football/premier-league/liverpool/xg
16,1405260,19427161,2025/2026,25/26 28 Feb,2026-02-28,1,Premier League,h,Home,West Ham United,5-2,h 5-2,30062,C. Gakpo,Cody Gakpo,cody_gakpo,0.41,90,1,LAM,0.41 90' LAM,https://playerstats.football/premier-league/liverpool/xg
15,1407609,19427174,2025/2026,25/26 03 Mar,2026-03-03,1,Premier League,a,Away,Wolverhampton Wanderers,2-1,a 2-1,30062,C. Gakpo,Cody Gakpo,cody_gakpo,0.68,65,1,LAM,0.68 65' 0.78 +0.10 R. Ngumoha LAM,https://playerstats.football/premier-league/liverpool/xg
14,1413001,19676918,2025/2026,25/26 06 Mar,2026-03-06,300,FA Cup,a,Away,Wolverhampton Wanderers,1-3,a 1-3,30062,C. Gakpo,Cody Gakpo,cody_gakpo,0.01,86,1,ST,0.01 86' 0.14 +0.13 K. Morrison ST,https://playerstats.football/premier-league/liverpool/xg
13,1415031,19662568,2025/2026,25/26 10 Mar,2026-03-10,5,Champions League,a,Away,Galatasaray,1-0,a 1-0,30062,C. Gakpo,Cody Gakpo,cody_gakpo,0.16,17,1,,0.16 17',https://playerstats.football/premier-league/liverpool/xg
12,1422066,19427180,2025/2026,25/26 15 Mar,2026-03-15,1,Premier League,h,Home,Tottenham Hotspur,1-1,h 1-1,30062,C. Gakpo,Cody Gakpo,cody_gakpo,0.25,83,1,ST,0.25 83' ST,https://playerstats.football/premier-league/liverpool/xg
11,1426145,19662560,2025/2026,25/26 18 Mar,2026-03-18,5,Champions League,h,Home,Galatasaray,4-0,h 4-0,30062,C. Gakpo,Cody Gakpo,cody_gakpo,0.0,16,1,,16',https://playerstats.football/premier-league/liverpool/xg
10,1429079,19427187,2025/2026,25/26 21 Mar,2026-03-21,1,Premier League,a,Away,Brighton & Hove Albion,2-1,a 2-1,30062,C. Gakpo,Cody Gakpo,cody_gakpo,0.17,90,1,ST,0.17 90' ST,https://playerstats.football/premier-league/liverpool/xg
9,1443072,19687560,2025/2026,25/26 04 Apr,2026-04-04,300,FA Cup,a,Away,Manchester City,4-0,a 4-0,30062,C. Gakpo,Cody Gakpo,cody_gakpo,0.03,22,1,,0.03 22',https://playerstats.football/premier-league/liverpool/xg
8,1447863,19683236,2025/2026,25/26 08 Apr,2026-04-08,5,Champions League,a,Away,Paris Saint Germain,2-0,a 2-0,30062,C. Gakpo,Cody Gakpo,cody_gakpo,0.0,12,1,,12',https://playerstats.football/premier-league/liverpool/xg
7,1451031,19427197,2025/2026,25/26 11 Apr,2026-04-11,1,Premier League,h,Home,Fulham,2-0,h 2-0,30062,C. Gakpo,Cody Gakpo,cody_gakpo,0.19,90,1,ST,0.19 90' ST,https://playerstats.football/premier-league/liverpool/xg
6,1452845,19683229,2025/2026,25/26 14 Apr,2026-04-14,5,Champions League,h,Home,Paris Saint Germain,0-2,h 0-2,30062,C. Gakpo,Cody Gakpo,cody_gakpo,0.07,44,1,,0.07 44',https://playerstats.football/premier-league/liverpool/xg
5,1458937,19427732,2025/2026,25/26 19 Apr,2026-04-19,1,Premier League,a,Away,Everton,1-2,a 1-2,30062,C. Gakpo,Cody Gakpo,cody_gakpo,0.27,84,1,LAM,0.27 84' LAM,https://playerstats.football/premier-league/liverpool/xg
4,1466441,19427201,2025/2026,25/26 25 Apr,2026-04-25,1,Premier League,h,Home,Crystal Palace,3-1,h 3-1,30062,C. Gakpo,Cody Gakpo,cody_gakpo,0.0,90,1,LAM,90' LAM,https://playerstats.football/premier-league/liverpool/xg
3,1475068,19427213,2025/2026,25/26 03 May,2026-05-03,1,Premier League,a,Away,Manchester United,3-2,a 3-2,30062,C. Gakpo,Cody Gakpo,cody_gakpo,0.54,90,1,LAM,0.54 90' LAM,https://playerstats.football/premier-league/liverpool/xg
2,1480645,19427220,2025/2026,25/26 09 May,2026-05-09,1,Premier League,h,Home,Chelsea,1-1,h 1-1,30062,C. Gakpo,Cody Gakpo,cody_gakpo,0.0,77,1,ST,77' ST,https://playerstats.football/premier-league/liverpool/xg
1,1487202,19427227,2025/2026,25/26 15 May,2026-05-15,1,Premier League,a,Away,Aston Villa,4-2,a 4-2,30062,C. Gakpo,Cody Gakpo,cody_gakpo,0.29,74,1,ST,0.29 74' ST,https://playerstats.football/premier-league/liverpool/xg
56,1193039,19464492,2025/2026,25/26 10 Aug,2025-08-10,7,Community Shield,a,Away,Crystal Palace,2-2,a 2-2 P,4545513,C. Jones,Curtis Jones,curtis_jones,0.0,71,1,RDM,71' RDM,https://playerstats.football/premier-league/liverpool/xg
55,1378727,19427455,2025/2026,25/26 15 Aug,2025-08-15,1,Premier League,h,Home,AFC Bournemouth,4-2,h 4-2,4545513,C. Jones,Curtis Jones,curtis_jones,0.0,18,1,,18',https://playerstats.football/premier-league/liverpool/xg
54,1378725,19427473,2025/2026,25/26 25 Aug,2025-08-25,1,Premier League,a,Away,Newcastle United,2-3,a 2-3,4545513,C. Jones,Curtis Jones,curtis_jones,0.0,90,1,LDM,90' LDM,https://playerstats.football/premier-league/liverpool/xg
53,1378820,19427479,2025/2026,25/26 31 Aug,2025-08-31,1,Premier League,h,Home,Arsenal,1-0,h 1-0,4545513,C. Jones,Curtis Jones,curtis_jones,0.0,29,1,,29',https://playerstats.football/premier-league/liverpool/xg
52,1378793,19427488,2025/2026,25/26 14 Sep,2025-09-14,1,Premier League,a,Away,Burnley,0-1,a 0-1,4545513,C. Jones,Curtis Jones,curtis_jones,0.0,0,0,,,https://playerstats.football/premier-league/liverpool/xg
51,1397014,19568539,2025/2026,25/26 17 Sep,2025-09-17,5,Champions League,h,Home,Atlético Madrid,3-2,h 3-2,4545513,C. Jones,Curtis Jones,curtis_jones,0.0,0,0,,,https://playerstats.football/premier-league/liverpool/xg
50,1379121,19427500,2025/2026,25/26 20 Sep,2025-09-20,1,Premier League,h,Home,Everton,2-1,h 2-1,4545513,C. Jones,Curtis Jones,curtis_jones,0.0,29,1,,29',https://playerstats.football/premier-league/liverpool/xg
49,1218466,19572904,2025/2026,25/26 23 Sep,2025-09-23,8,Carabao Cup,h,Home,Southampton,2-1,h 2-1,4545513,C. Jones,Curtis Jones,curtis_jones,0.0,57,1,LDM,57' LDM,https://playerstats.football/premier-league/liverpool/xg
48,1379139,19427508,2025/2026,25/26 27 Sep,2025-09-27,1,Premier League,a,Away,Crystal Palace,2-1,a 2-1,4545513,C. Jones,Curtis Jones,curtis_jones,0.05,25,1,,0.05 25',https://playerstats.football/premier-league/liverpool/xg
47,1396787,19568522,2025/2026,25/26 30 Sep,2025-09-30,5,Champions League,a,Away,Galatasaray,1-0,a 1-0,4545513,C. Jones,Curtis Jones,curtis_jones,0.0,90,1,LDM,90' LDM,https://playerstats.football/premier-league/liverpool/xg
46,1378908,19427519,2025/2026,25/26 04 Oct,2025-10-04,1,Premier League,a,Away,Chelsea,2-1,a 2-1,4545513,C. Jones,Curtis Jones,curtis_jones,0.08,34,1,,0.08 34',https://playerstats.football/premier-league/liverpool/xg
45,1378881,19427529,2025/2026,25/26 19 Oct,2025-10-19,1,Premier League,h,Home,Manchester United,1-2,h 1-2,4545513,C. Jones,Curtis Jones,curtis_jones,0.08,28,1,,0.08 28',https://playerstats.football/premier-league/liverpool/xg
44,1397134,19568510,2025/2026,25/26 22 Oct,2025-10-22,5,Champions League,a,Away,Eintracht Frankfurt,1-5,a 1-5,4545513,C. Jones,Curtis Jones,curtis_jones,0.0,90,1,LCM,90' LCM,https://playerstats.football/premier-league/liverpool/xg
43,1378639,19427539,2025/2026,25/26 25 Oct,2025-10-25,1,Premier League,a,Away,Brentford,3-2,a 3-2,4545513,C. Jones,Curtis Jones,curtis_jones,0.04,70,1,LDM,0.04 70' LDM,https://playerstats.football/premier-league/liverpool/xg
42,1290118,19585905,2025/2026,25/26 29 Oct,2025-10-29,8,Carabao Cup,h,Home,Crystal Palace,0-3,h 0-3,4545513,C. Jones,Curtis Jones,curtis_jones,0.0,0,0,,,https://playerstats.football/premier-league/liverpool/xg
41,1378744,19427550,2025/2026,25/26 01 Nov,2025-11-01,1,Premier League,h,Home,Aston Villa,2-0,h 2-0,4545513,C. Jones,Curtis Jones,curtis_jones,0.0,0,0,,,https://playerstats.football/premier-league/liverpool/xg
40,1397140,19568538,2025/2026,25/26 04 Nov,2025-11-04,5,Champions League,h,Home,Real Madrid,1-0,h 1-0,4545513,C. Jones,Curtis Jones,curtis_jones,0.0,11,1,,11',https://playerstats.football/premier-league/liverpool/xg
39,1378930,19427561,2025/2026,25/26 09 Nov,2025-11-09,1,Premier League,a,Away,Manchester City,3-0,a 3-0,4545513,C. Jones,Curtis Jones,curtis_jones,0.0,16,1,,16',https://playerstats.football/premier-league/liverpool/xg
38,1378974,19427572,2025/2026,25/26 22 Nov,2025-11-22,1,Premier League,h,Home,Nottingham Forest,0-3,h 0-3,4545513,C. Jones,Curtis Jones,curtis_jones,0.03,78,1,RCM,0.03 78' RCM,https://playerstats.football/premier-league/liverpool/xg
37,1396979,19568540,2025/2026,25/26 26 Nov,2025-11-26,5,Champions League,h,Home,PSV,1-4,h 1-4,4545513,C. Jones,Curtis Jones,curtis_jones,0.06,90,1,RB,0.06 90' RB,https://playerstats.football/premier-league/liverpool/xg
36,1378854,19427585,2025/2026,25/26 30 Nov,2025-11-30,1,Premier League,a,Away,West Ham United,0-2,a 0-2,4545513,C. Jones,Curtis Jones,curtis_jones,0.0,15,1,,15',https://playerstats.football/premier-league/liverpool/xg
35,1378637,19427592,2025/2026,25/26 03 Dec,2025-12-03,1,Premier League,h,Home,Sunderland,1-1,h 1-1,4545513,C. Jones,Curtis Jones,curtis_jones,0.03,25,1,,0.03 25',https://playerstats.football/premier-league/liverpool/xg
34,1378928,19427601,2025/2026,25/26 06 Dec,2025-12-06,1,Premier League,a,Away,Leeds United,3-3,a 3-3,4545513,C. Jones,Curtis Jones,curtis_jones,0.03,90,1,LDM,0.03 90' LDM,https://playerstats.football/premier-league/liverpool/xg
33,1396884,19568526,2025/2026,25/26 09 Dec,2025-12-09,5,Champions League,a,Away,Inter,0-1,a 0-1,4545513,C. Jones,Curtis Jones,curtis_jones,0.04,90,1,LCM,0.04 90' LCM,https://playerstats.football/premier-league/liverpool/xg
32,1378936,19427611,2025/2026,25/26 13 Dec,2025-12-13,1,Premier League,h,Home,Brighton & Hove Albion,2-0,h 2-0,4545513,C. Jones,Curtis Jones,curtis_jones,0.04,90,1,LDM,0.04 90' LDM,https://playerstats.football/premier-league/liverpool/xg
31,1378949,19427624,2025/2026,25/26 20 Dec,2025-12-20,1,Premier League,a,Away,Tottenham Hotspur,1-2,a 1-2,4545513,C. Jones,Curtis Jones,curtis_jones,0.0,90,1,LDM,90' LDM,https://playerstats.football/premier-league/liverpool/xg
30,1379105,19427631,2025/2026,25/26 27 Dec,2025-12-27,1,Premier League,h,Home,Wolverhampton Wanderers,2-1,h 2-1,4545513,C. Jones,Curtis Jones,curtis_jones,0.1,90,1,LDM,0.10 90' LDM,https://playerstats.football/premier-league/liverpool/xg
29,1378612,19427641,2025/2026,25/26 01 Jan,2026-01-01,1,Premier League,h,Home,Leeds United,0-0,h 0-0,4545513,C. Jones,Curtis Jones,curtis_jones,0.03,66,1,LDM,0.03 66' 0.05 +0.02 A. Mac Allister LDM,https://playerstats.football/premier-league/liverpool/xg
28,1379083,19427650,2025/2026,25/26 04 Jan,2026-01-04,1,Premier League,a,Away,Fulham,2-2,a 2-2,4545513,C. Jones,Curtis Jones,curtis_jones,0.53,85,1,LAM,0.53 85' LAM,https://playerstats.football/premier-league/liverpool/xg
27,1378873,19427656,2025/2026,25/26 08 Jan,2026-01-08,1,Premier League,a,Away,Arsenal,0-0,a 0-0,4545513,C. Jones,Curtis Jones,curtis_jones,0.0,0,0,,,https://playerstats.football/premier-league/liverpool/xg
26,1344436,19615693,2025/2026,25/26 12 Jan,2026-01-12,300,FA Cup,h,Home,Barnsley,4-1,h 4-1,4545513,C. Jones,Curtis Jones,curtis_jones,0.14,90,1,CAM,0.14 90' CAM,https://playerstats.football/premier-league/liverpool/xg
25,1378764,19427670,2025/2026,25/26 17 Jan,2026-01-17,1,Premier League,h,Home,Burnley,1-1,h 1-1,4545513,C. Jones,Curtis Jones,curtis_jones,0.29,87,1,CAM,0.29 87' CAM,https://playerstats.football/premier-league/liverpool/xg
24,1397227,19568558,2025/2026,25/26 21 Jan,2026-01-21,5,Champions League,a,Away,Olympique Marseille,0-3,a 0-3,4545513,C. Jones,Curtis Jones,curtis_jones,0.0,11,1,,11',https://playerstats.football/premier-league/liverpool/xg
23,1378641,19427677,2025/2026,25/26 24 Jan,2026-01-24,1,Premier League,a,Away,AFC Bournemouth,3-2,a 3-2,4545513,C. Jones,Curtis Jones,curtis_jones,0.12,31,1,,0.12 31',https://playerstats.football/premier-league/liverpool/xg
22,1396913,19568541,2025/2026,25/26 28 Jan,2026-01-28,5,Champions League,h,Home,Qarabağ,6-0,h 6-0,4545513,C. Jones,Curtis Jones,curtis_jones,0.0,0,0,,,https://playerstats.football/premier-league/liverpool/xg
21,1378995,19427690,2025/2026,25/26 31 Jan,2026-01-31,1,Premier League,h,Home,Newcastle United,4-1,h 4-1,4545513,C. Jones,Curtis Jones,curtis_jones,0.0,6,1,,6',https://playerstats.football/premier-league/liverpool/xg
20,1378700,19427702,2025/2026,25/26 08 Feb,2026-02-08,1,Premier League,h,Home,Manchester City,1-2,h 1-2,4545513,C. Jones,Curtis Jones,curtis_jones,0.0,5,1,,5',https://playerstats.football/premier-league/liverpool/xg
19,1378607,19427713,2025/2026,25/26 11 Feb,2026-02-11,1,Premier League,a,Away,Sunderland,0-1,a 0-1,4545513,C. Jones,Curtis Jones,curtis_jones,0.11,15,1,,0.11 15',https://playerstats.football/premier-league/liverpool/xg
18,1374766,19645325,2025/2026,25/26 14 Feb,2026-02-14,300,FA Cup,h,Home,Brighton & Hove Albion,3-0,h 3-0,4545513,C. Jones,Curtis Jones,curtis_jones,0.61,89,1,RB,0.61 89' RB,https://playerstats.football/premier-league/liverpool/xg
17,1398004,19427151,2025/2026,25/26 22 Feb,2026-02-22,1,Premier League,a,Away,Nottingham Forest,0-1,a 0-1,4545513,C. Jones,Curtis Jones,curtis_jones,1.15,83,1,CAM,1.15 83' CAM,https://playerstats.football/premier-league/liverpool/xg
16,1405260,19427161,2025/2026,25/26 28 Feb,2026-02-28,1,Premier League,h,Home,West Ham United,5-2,h 5-2,4545513,C. Jones,Curtis Jones,curtis_jones,0.0,0,0,,,https://playerstats.football/premier-league/liverpool/xg
15,1407609,19427174,2025/2026,25/26 03 Mar,2026-03-03,1,Premier League,a,Away,Wolverhampton Wanderers,2-1,a 2-1,4545513,C. Jones,Curtis Jones,curtis_jones,0.05,44,1,,0.05 44',https://playerstats.football/premier-league/liverpool/xg
14,1413001,19676918,2025/2026,25/26 06 Mar,2026-03-06,300,FA Cup,a,Away,Wolverhampton Wanderers,1-3,a 1-3,4545513,C. Jones,Curtis Jones,curtis_jones,0.08,90,1,CAM,0.08 90' CAM,https://playerstats.football/premier-league/liverpool/xg
13,1415031,19662568,2025/2026,25/26 10 Mar,2026-03-10,5,Champions League,a,Away,Galatasaray,1-0,a 1-0,4545513,C. Jones,Curtis Jones,curtis_jones,0.0,0,0,,,https://playerstats.football/premier-league/liverpool/xg
12,1422066,19427180,2025/2026,25/26 15 Mar,2026-03-15,1,Premier League,h,Home,Tottenham Hotspur,1-1,h 1-1,4545513,C. Jones,Curtis Jones,curtis_jones,0.0,26,1,,26',https://playerstats.football/premier-league/liverpool/xg
11,1426145,19662560,2025/2026,25/26 18 Mar,2026-03-18,5,Champions League,h,Home,Galatasaray,4-0,h 4-0,4545513,C. Jones,Curtis Jones,curtis_jones,0.0,23,1,,23',https://playerstats.football/premier-league/liverpool/xg
10,1429079,19427187,2025/2026,25/26 21 Mar,2026-03-21,1,Premier League,a,Away,Brighton & Hove Albion,2-1,a 2-1,4545513,C. Jones,Curtis Jones,curtis_jones,0.1,82,1,,0.10 82',https://playerstats.football/premier-league/liverpool/xg
9,1443072,19687560,2025/2026,25/26 04 Apr,2026-04-04,300,FA Cup,a,Away,Manchester City,4-0,a 4-0,4545513,C. Jones,Curtis Jones,curtis_jones,0.0,90,1,LDM,90' LDM,https://playerstats.football/premier-league/liverpool/xg
8,1447863,19683236,2025/2026,25/26 08 Apr,2026-04-08,5,Champions League,a,Away,Paris Saint Germain,2-0,a 2-0,4545513,C. Jones,Curtis Jones,curtis_jones,0.0,12,1,,12',https://playerstats.football/premier-league/liverpool/xg
7,1451031,19427197,2025/2026,25/26 11 Apr,2026-04-11,1,Premier League,h,Home,Fulham,2-0,h 2-0,4545513,C. Jones,Curtis Jones,curtis_jones,0.0,46,1,LDM,46' LDM,https://playerstats.football/premier-league/liverpool/xg
6,1452845,19683229,2025/2026,25/26 14 Apr,2026-04-14,5,Champions League,h,Home,Paris Saint Germain,0-2,h 0-2,4545513,C. Jones,Curtis Jones,curtis_jones,0.0,16,1,,16',https://playerstats.football/premier-league/liverpool/xg
5,1458937,19427732,2025/2026,25/26 19 Apr,2026-04-19,1,Premier League,a,Away,Everton,1-2,a 1-2,4545513,C. Jones,Curtis Jones,curtis_jones,0.0,90,1,RB,90' RB,https://playerstats.football/premier-league/liverpool/xg
4,1466441,19427201,2025/2026,25/26 25 Apr,2026-04-25,1,Premier League,h,Home,Crystal Palace,3-1,h 3-1,4545513,C. Jones,Curtis Jones,curtis_jones,0.0,87,1,RB,87' RB,https://playerstats.football/premier-league/liverpool/xg
3,1475068,19427213,2025/2026,25/26 03 May,2026-05-03,1,Premier League,a,Away,Manchester United,3-2,a 3-2,4545513,C. Jones,Curtis Jones,curtis_jones,0.0,90,1,RB,90' RB,https://playerstats.football/premier-league/liverpool/xg
2,1480645,19427220,2025/2026,25/26 09 May,2026-05-09,1,Premier League,h,Home,Chelsea,1-1,h 1-1,4545513,C. Jones,Curtis Jones,curtis_jones,0.0,90,1,RB,90' RB,https://playerstats.football/premier-league/liverpool/xg
1,1487202,19427227,2025/2026,25/26 15 May,2026-05-15,1,Premier League,a,Away,Aston Villa,4-2,a 4-2,4545513,C. Jones,Curtis Jones,curtis_jones,0.14,90,1,RAM,0.14 90' RAM,https://playerstats.football/premier-league/liverpool/xg
56,1193039,19464492,2025/2026,25/26 10 Aug,2025-08-10,7,Community Shield,a,Away,Crystal Palace,2-2,a 2-2 P,37260590,C. Ramsay,Calvin Ramsay,calvin_ramsay,0.0,0,0,,,https://playerstats.football/premier-league/liverpool/xg
55,1378727,19427455,2025/2026,25/26 15 Aug,2025-08-15,1,Premier League,h,Home,AFC Bournemouth,4-2,h 4-2,37260590,C. Ramsay,Calvin Ramsay,calvin_ramsay,0.0,0,0,,,https://playerstats.football/premier-league/liverpool/xg
54,1378725,19427473,2025/2026,25/26 25 Aug,2025-08-25,1,Premier League,a,Away,Newcastle United,2-3,a 2-3,37260590,C. Ramsay,Calvin Ramsay,calvin_ramsay,0.0,0,0,,,https://playerstats.football/premier-league/liverpool/xg
53,1378820,19427479,2025/2026,25/26 31 Aug,2025-08-31,1,Premier League,h,Home,Arsenal,1-0,h 1-0,37260590,C. Ramsay,Calvin Ramsay,calvin_ramsay,0.0,0,0,,,https://playerstats.football/premier-league/liverpool/xg
52,1378793,19427488,2025/2026,25/26 14 Sep,2025-09-14,1,Premier League,a,Away,Burnley,0-1,a 0-1,37260590,C. Ramsay,Calvin Ramsay,calvin_ramsay,0.0,0,0,,,https://playerstats.football/premier-league/liverpool/xg
51,1397014,19568539,2025/2026,25/26 17 Sep,2025-09-17,5,Champions League,h,Home,Atlético Madrid,3-2,h 3-2,37260590,C. Ramsay,Calvin Ramsay,calvin_ramsay,0.0,0,0,,,https://playerstats.football/premier-league/liverpool/xg
50,1379121,19427500,2025/2026,25/26 20 Sep,2025-09-20,1,Premier League,h,Home,Everton,2-1,h 2-1,37260590,C. Ramsay,Calvin Ramsay,calvin_ramsay,0.0,0,0,,,https://playerstats.football/premier-league/liverpool/xg
49,1218466,19572904,2025/2026,25/26 23 Sep,2025-09-23,8,Carabao Cup,h,Home,Southampton,2-1,h 2-1,37260590,C. Ramsay,Calvin Ramsay,calvin_ramsay,0.0,0,0,,,https://playerstats.football/premier-league/liverpool/xg
48,1379139,19427508,2025/2026,25/26 27 Sep,2025-09-27,1,Premier League,a,Away,Crystal Palace,2-1,a 2-1,37260590,C. Ramsay,Calvin Ramsay,calvin_ramsay,0.0,0,0,,,https://playerstats.football/premier-league/liverpool/xg
47,1396787,19568522,2025/2026,25/26 30 Sep,2025-09-30,5,Champions League,a,Away,Galatasaray,1-0,a 1-0,37260590,C. Ramsay,Calvin Ramsay,calvin_ramsay,0.0,0,0,,,https://playerstats.football/premier-league/liverpool/xg
46,1378908,19427519,2025/2026,25/26 04 Oct,2025-10-04,1,Premier League,a,Away,Chelsea,2-1,a 2-1,37260590,C. Ramsay,Calvin Ramsay,calvin_ramsay,0.0,0,0,,,https://playerstats.football/premier-league/liverpool/xg
45,1378881,19427529,2025/2026,25/26 19 Oct,2025-10-19,1,Premier League,h,Home,Manchester United,1-2,h 1-2,37260590,C. Ramsay,Calvin Ramsay,calvin_ramsay,0.0,0,0,,,https://playerstats.football/premier-league/liverpool/xg
44,1397134,19568510,2025/2026,25/26 22 Oct,2025-10-22,5,Champions League,a,Away,Eintracht Frankfurt,1-5,a 1-5,37260590,C. Ramsay,Calvin Ramsay,calvin_ramsay,0.0,0,0,,,https://playerstats.football/premier-league/liverpool/xg
43,1378639,19427539,2025/2026,25/26 25 Oct,2025-10-25,1,Premier League,a,Away,Brentford,3-2,a 3-2,37260590,C. Ramsay,Calvin Ramsay,calvin_ramsay,0.0,0,0,,,https://playerstats.football/premier-league/liverpool/xg
42,1290118,19585905,2025/2026,25/26 29 Oct,2025-10-29,8,Carabao Cup,h,Home,Crystal Palace,0-3,h 0-3,37260590,C. Ramsay,Calvin Ramsay,calvin_ramsay,0.02,90,1,RWB,0.02 90' RWB,https://playerstats.football/premier-league/liverpool/xg
41,1378744,19427550,2025/2026,25/26 01 Nov,2025-11-01,1,Premier League,h,Home,Aston Villa,2-0,h 2-0,37260590,C. Ramsay,Calvin Ramsay,calvin_ramsay,0.0,0,0,,,https://playerstats.football/premier-league/liverpool/xg
40,1397140,19568538,2025/2026,25/26 04 Nov,2025-11-04,5,Champions League,h,Home,Real Madrid,1-0,h 1-0,37260590,C. Ramsay,Calvin Ramsay,calvin_ramsay,0.0,0,0,,,https://playerstats.football/premier-league/liverpool/xg
39,1378930,19427561,2025/2026,25/26 09 Nov,2025-11-09,1,Premier League,a,Away,Manchester City,3-0,a 3-0,37260590,C. Ramsay,Calvin Ramsay,calvin_ramsay,0.0,0,0,,,https://playerstats.football/premier-league/liverpool/xg
38,1378974,19427572,2025/2026,25/26 22 Nov,2025-11-22,1,Premier League,h,Home,Nottingham Forest,0-3,h 0-3,37260590,C. Ramsay,Calvin Ramsay,calvin_ramsay,0.0,0,0,,,https://playerstats.football/premier-league/liverpool/xg
37,1396979,19568540,2025/2026,25/26 26 Nov,2025-11-26,5,Champions League,h,Home,PSV,1-4,h 1-4,37260590,C. Ramsay,Calvin Ramsay,calvin_ramsay,0.0,0,0,,,https://playerstats.football/premier-league/liverpool/xg
36,1378854,19427585,2025/2026,25/26 30 Nov,2025-11-30,1,Premier League,a,Away,West Ham United,0-2,a 0-2,37260590,C. Ramsay,Calvin Ramsay,calvin_ramsay,0.0,0,0,,,https://playerstats.football/premier-league/liverpool/xg
35,1378637,19427592,2025/2026,25/26 03 Dec,2025-12-03,1,Premier League,h,Home,Sunderland,1-1,h 1-1,37260590,C. Ramsay,Calvin Ramsay,calvin_ramsay,0.0,0,0,,,https://playerstats.football/premier-league/liverpool/xg
34,1378928,19427601,2025/2026,25/26 06 Dec,2025-12-06,1,Premier League,a,Away,Leeds United,3-3,a 3-3,37260590,C. Ramsay,Calvin Ramsay,calvin_ramsay,0.0,0,0,,,https://playerstats.football/premier-league/liverpool/xg
33,1396884,19568526,2025/2026,25/26 09 Dec,2025-12-09,5,Champions League,a,Away,Inter,0-1,a 0-1,37260590,C. Ramsay,Calvin Ramsay,calvin_ramsay,0.0,0,0,,,https://playerstats.football/premier-league/liverpool/xg
32,1378936,19427611,2025/2026,25/26 13 Dec,2025-12-13,1,Premier League,h,Home,Brighton & Hove Albion,2-0,h 2-0,37260590,C. Ramsay,Calvin Ramsay,calvin_ramsay,0.0,0,0,,,https://playerstats.football/premier-league/liverpool/xg
31,1378949,19427624,2025/2026,25/26 20 Dec,2025-12-20,1,Premier League,a,Away,Tottenham Hotspur,1-2,a 1-2,37260590,C. Ramsay,Calvin Ramsay,calvin_ramsay,0.0,0,0,,,https://playerstats.football/premier-league/liverpool/xg
30,1379105,19427631,2025/2026,25/26 27 Dec,2025-12-27,1,Premier League,h,Home,Wolverhampton Wanderers,2-1,h 2-1,37260590,C. Ramsay,Calvin Ramsay,calvin_ramsay,0.0,0,0,,,https://playerstats.football/premier-league/liverpool/xg
29,1378612,19427641,2025/2026,25/26 01 Jan,2026-01-01,1,Premier League,h,Home,Leeds United,0-0,h 0-0,37260590,C. Ramsay,Calvin Ramsay,calvin_ramsay,0.0,0,0,,,https://playerstats.football/premier-league/liverpool/xg
28,1379083,19427650,2025/2026,25/26 04 Jan,2026-01-04,1,Premier League,a,Away,Fulham,2-2,a 2-2,37260590,C. Ramsay,Calvin Ramsay,calvin_ramsay,0.0,0,0,,,https://playerstats.football/premier-league/liverpool/xg
27,1378873,19427656,2025/2026,25/26 08 Jan,2026-01-08,1,Premier League,a,Away,Arsenal,0-0,a 0-0,37260590,C. Ramsay,Calvin Ramsay,calvin_ramsay,0.0,0,0,,,https://playerstats.football/premier-league/liverpool/xg
26,1344436,19615693,2025/2026,25/26 12 Jan,2026-01-12,300,FA Cup,h,Home,Barnsley,4-1,h 4-1,37260590,C. Ramsay,Calvin Ramsay,calvin_ramsay,0.0,0,0,,,https://playerstats.football/premier-league/liverpool/xg
25,1378764,19427670,2025/2026,25/26 17 Jan,2026-01-17,1,Premier League,h,Home,Burnley,1-1,h 1-1,37260590,C. Ramsay,Calvin Ramsay,calvin_ramsay,0.0,0,0,,,https://playerstats.football/premier-league/liverpool/xg
24,1397227,19568558,2025/2026,25/26 21 Jan,2026-01-21,5,Champions League,a,Away,Olympique Marseille,0-3,a 0-3,37260590,C. Ramsay,Calvin Ramsay,calvin_ramsay,0.0,0,0,,,https://playerstats.football/premier-league/liverpool/xg
23,1378641,19427677,2025/2026,25/26 24 Jan,2026-01-24,1,Premier League,a,Away,AFC Bournemouth,3-2,a 3-2,37260590,C. Ramsay,Calvin Ramsay,calvin_ramsay,0.0,0,0,,,https://playerstats.football/premier-league/liverpool/xg
22,1396913,19568541,2025/2026,25/26 28 Jan,2026-01-28,5,Champions League,h,Home,Qarabağ,6-0,h 6-0,37260590,C. Ramsay,Calvin Ramsay,calvin_ramsay,0.0,0,0,,,https://playerstats.football/premier-league/liverpool/xg
21,1378995,19427690,2025/2026,25/26 31 Jan,2026-01-31,1,Premier League,h,Home,Newcastle United,4-1,h 4-1,37260590,C. Ramsay,Calvin Ramsay,calvin_ramsay,0.0,0,0,,,https://playerstats.football/premier-league/liverpool/xg
20,1378700,19427702,2025/2026,25/26 08 Feb,2026-02-08,1,Premier League,h,Home,Manchester City,1-2,h 1-2,37260590,C. Ramsay,Calvin Ramsay,calvin_ramsay,0.0,0,0,,,https://playerstats.football/premier-league/liverpool/xg
19,1378607,19427713,2025/2026,25/26 11 Feb,2026-02-11,1,Premier League,a,Away,Sunderland,0-1,a 0-1,37260590,C. Ramsay,Calvin Ramsay,calvin_ramsay,0.0,0,0,,,https://playerstats.football/premier-league/liverpool/xg
18,1374766,19645325,2025/2026,25/26 14 Feb,2026-02-14,300,FA Cup,h,Home,Brighton & Hove Albion,3-0,h 3-0,37260590,C. Ramsay,Calvin Ramsay,calvin_ramsay,0.0,1,1,,1',https://playerstats.football/premier-league/liverpool/xg
17,1398004,19427151,2025/2026,25/26 22 Feb,2026-02-22,1,Premier League,a,Away,Nottingham Forest,0-1,a 0-1,37260590,C. Ramsay,Calvin Ramsay,calvin_ramsay,0.0,0,0,,,https://playerstats.football/premier-league/liverpool/xg
16,1405260,19427161,2025/2026,25/26 28 Feb,2026-02-28,1,Premier League,h,Home,West Ham United,5-2,h 5-2,37260590,C. Ramsay,Calvin Ramsay,calvin_ramsay,0.0,0,0,,,https://playerstats.football/premier-league/liverpool/xg
15,1407609,19427174,2025/2026,25/26 03 Mar,2026-03-03,1,Premier League,a,Away,Wolverhampton Wanderers,2-1,a 2-1,37260590,C. Ramsay,Calvin Ramsay,calvin_ramsay,0.0,0,0,,,https://playerstats.football/premier-league/liverpool/xg
14,1413001,19676918,2025/2026,25/26 06 Mar,2026-03-06,300,FA Cup,a,Away,Wolverhampton Wanderers,1-3,a 1-3,37260590,C. Ramsay,Calvin Ramsay,calvin_ramsay,0.0,0,0,,,https://playerstats.football/premier-league/liverpool/xg
13,1415031,19662568,2025/2026,25/26 10 Mar,2026-03-10,5,Champions League,a,Away,Galatasaray,1-0,a 1-0,37260590,C. Ramsay,Calvin Ramsay,calvin_ramsay,0.0,0,0,,,https://playerstats.football/premier-league/liverpool/xg
12,1422066,19427180,2025/2026,25/26 15 Mar,2026-03-15,1,Premier League,h,Home,Tottenham Hotspur,1-1,h 1-1,37260590,C. Ramsay,Calvin Ramsay,calvin_ramsay,0.0,0,0,,,https://playerstats.football/premier-league/liverpool/xg
11,1426145,19662560,2025/2026,25/26 18 Mar,2026-03-18,5,Champions League,h,Home,Galatasaray,4-0,h 4-0,37260590,C. Ramsay,Calvin Ramsay,calvin_ramsay,0.0,0,0,,,https://playerstats.football/premier-league/liverpool/xg
10,1429079,19427187,2025/2026,25/26 21 Mar,2026-03-21,1,Premier League,a,Away,Brighton & Hove Albion,2-1,a 2-1,37260590,C. Ramsay,Calvin Ramsay,calvin_ramsay,0.0,0,0,,,https://playerstats.football/premier-league/liverpool/xg
9,1443072,19687560,2025/2026,25/26 04 Apr,2026-04-04,300,FA Cup,a,Away,Manchester City,4-0,a 4-0,37260590,C. Ramsay,Calvin Ramsay,calvin_ramsay,0.0,0,0,,,https://playerstats.football/premier-league/liverpool/xg
8,1447863,19683236,2025/2026,25/26 08 Apr,2026-04-08,5,Champions League,a,Away,Paris Saint Germain,2-0,a 2-0,37260590,C. Ramsay,Calvin Ramsay,calvin_ramsay,0.0,0,0,,,https://playerstats.football/premier-league/liverpool/xg
7,1451031,19427197,2025/2026,25/26 11 Apr,2026-04-11,1,Premier League,h,Home,Fulham,2-0,h 2-0,37260590,C. Ramsay,Calvin Ramsay,calvin_ramsay,0.0,0,0,,,https://playerstats.football/premier-league/liverpool/xg
6,1452845,19683229,2025/2026,25/26 14 Apr,2026-04-14,5,Champions League,h,Home,Paris Saint Germain,0-2,h 0-2,37260590,C. Ramsay,Calvin Ramsay,calvin_ramsay,0.0,0,0,,,https://playerstats.football/premier-league/liverpool/xg
5,1458937,19427732,2025/2026,25/26 19 Apr,2026-04-19,1,Premier League,a,Away,Everton,1-2,a 1-2,37260590,C. Ramsay,Calvin Ramsay,calvin_ramsay,0.0,0,0,,,https://playerstats.football/premier-league/liverpool/xg
4,1466441,19427201,2025/2026,25/26 25 Apr,2026-04-25,1,Premier League,h,Home,Crystal Palace,3-1,h 3-1,37260590,C. Ramsay,Calvin Ramsay,calvin_ramsay,0.0,0,0,,,https://playerstats.football/premier-league/liverpool/xg
3,1475068,19427213,2025/2026,25/26 03 May,2026-05-03,1,Premier League,a,Away,Manchester United,3-2,a 3-2,37260590,C. Ramsay,Calvin Ramsay,calvin_ramsay,0.0,0,0,,,https://playerstats.football/premier-league/liverpool/xg
2,1480645,19427220,2025/2026,25/26 09 May,2026-05-09,1,Premier League,h,Home,Chelsea,1-1,h 1-1,37260590,C. Ramsay,Calvin Ramsay,calvin_ramsay,0.0,0,0,,,https://playerstats.football/premier-league/liverpool/xg
1,1487202,19427227,2025/2026,25/26 15 May,2026-05-15,1,Premier League,a,Away,Aston Villa,4-2,a 4-2,37260590,C. Ramsay,Calvin Ramsay,calvin_ramsay,0.0,0,0,,,https://playerstats.football/premier-league/liverpool/xg
56,1193039,19464492,2025/2026,25/26 10 Aug,2025-08-10,7,Community Shield,a,Away,Crystal Palace,2-2,a 2-2 P,785998,D. Szoboszlai,Dominik Szoboszlai,dominik_szoboszlai,0.0,120,1,LDM,120' LDM,https://playerstats.football/premier-league/liverpool/xg
55,1378727,19427455,2025/2026,25/26 15 Aug,2025-08-15,1,Premier League,h,Home,AFC Bournemouth,4-2,h 4-2,785998,D. Szoboszlai,Dominik Szoboszlai,dominik_szoboszlai,0.21,90,1,RDM,0.21 90' RDM,https://playerstats.football/premier-league/liverpool/xg
54,1378725,19427473,2025/2026,25/26 25 Aug,2025-08-25,1,Premier League,a,Away,Newcastle United,2-3,a 2-3,785998,D. Szoboszlai,Dominik Szoboszlai,dominik_szoboszlai,0.0,90,1,RB,90' RB,https://playerstats.football/premier-league/liverpool/xg
53,1378820,19427479,2025/2026,25/26 31 Aug,2025-08-31,1,Premier League,h,Home,Arsenal,1-0,h 1-0,785998,D. Szoboszlai,Dominik Szoboszlai,dominik_szoboszlai,0.03,90,1,RB,0.03 90' RB,https://playerstats.football/premier-league/liverpool/xg
52,1378793,19427488,2025/2026,25/26 14 Sep,2025-09-14,1,Premier League,a,Away,Burnley,0-1,a 0-1,785998,D. Szoboszlai,Dominik Szoboszlai,dominik_szoboszlai,0.36,90,1,RB,0.36 90' RB,https://playerstats.football/premier-league/liverpool/xg
51,1397014,19568539,2025/2026,25/26 17 Sep,2025-09-17,5,Champions League,h,Home,Atlético Madrid,3-2,h 3-2,785998,D. Szoboszlai,Dominik Szoboszlai,dominik_szoboszlai,0.26,90,1,LDM,0.26 90' LDM,https://playerstats.football/premier-league/liverpool/xg
50,1379121,19427500,2025/2026,25/26 20 Sep,2025-09-20,1,Premier League,h,Home,Everton,2-1,h 2-1,785998,D. Szoboszlai,Dominik Szoboszlai,dominik_szoboszlai,0.11,90,1,CAM,0.11 90' CAM,https://playerstats.football/premier-league/liverpool/xg
49,1218466,19572904,2025/2026,25/26 23 Sep,2025-09-23,8,Carabao Cup,h,Home,Southampton,2-1,h 2-1,785998,D. Szoboszlai,Dominik Szoboszlai,dominik_szoboszlai,0.0,0,0,,,https://playerstats.football/premier-league/liverpool/xg
48,1379139,19427508,2025/2026,25/26 27 Sep,2025-09-27,1,Premier League,a,Away,Crystal Palace,2-1,a 2-1,785998,D. Szoboszlai,Dominik Szoboszlai,dominik_szoboszlai,0.03,90,1,CAM,0.03 90' CAM,https://playerstats.football/premier-league/liverpool/xg
47,1396787,19568522,2025/2026,25/26 30 Sep,2025-09-30,5,Champions League,a,Away,Galatasaray,1-0,a 1-0,785998,D. Szoboszlai,Dominik Szoboszlai,dominik_szoboszlai,0.08,90,1,RB,0.08 90' RB,https://playerstats.football/premier-league/liverpool/xg
46,1378908,19427519,2025/2026,25/26 04 Oct,2025-10-04,1,Premier League,a,Away,Chelsea,2-1,a 2-1,785998,D. Szoboszlai,Dominik Szoboszlai,dominik_szoboszlai,0.39,90,1,CAM,0.39 90' CAM,https://playerstats.football/premier-league/liverpool/xg
45,1378881,19427529,2025/2026,25/26 19 Oct,2025-10-19,1,Premier League,h,Home,Manchester United,1-2,h 1-2,785998,D. Szoboszlai,Dominik Szoboszlai,dominik_szoboszlai,0.0,90,1,CAM,90' CAM,https://playerstats.football/premier-league/liverpool/xg
44,1397134,19568510,2025/2026,25/26 22 Oct,2025-10-22,5,Champions League,a,Away,Eintracht Frankfurt,1-5,a 1-5,785998,D. Szoboszlai,Dominik Szoboszlai,dominik_szoboszlai,0.17,90,1,RCM,0.17 90' RCM,https://playerstats.football/premier-league/liverpool/xg
43,1378639,19427539,2025/2026,25/26 25 Oct,2025-10-25,1,Premier League,a,Away,Brentford,3-2,a 3-2,785998,D. Szoboszlai,Dominik Szoboszlai,dominik_szoboszlai,0.01,90,1,RDM,0.01 90' RDM,https://playerstats.football/premier-league/liverpool/xg
42,1290118,19585905,2025/2026,25/26 29 Oct,2025-10-29,8,Carabao Cup,h,Home,Crystal Palace,0-3,h 0-3,785998,D. Szoboszlai,Dominik Szoboszlai,dominik_szoboszlai,0.0,0,0,,,https://playerstats.football/premier-league/liverpool/xg
41,1378744,19427550,2025/2026,25/26 01 Nov,2025-11-01,1,Premier League,h,Home,Aston Villa,2-0,h 2-0,785998,D. Szoboszlai,Dominik Szoboszlai,dominik_szoboszlai,0.17,90,1,CAM,0.17 90' CAM,https://playerstats.football/premier-league/liverpool/xg
40,1397140,19568538,2025/2026,25/26 04 Nov,2025-11-04,5,Champions League,h,Home,Real Madrid,1-0,h 1-0,785998,D. Szoboszlai,Dominik Szoboszlai,dominik_szoboszlai,0.34,90,1,CAM,0.34 90' CAM,https://playerstats.football/premier-league/liverpool/xg
39,1378930,19427561,2025/2026,25/26 09 Nov,2025-11-09,1,Premier League,a,Away,Manchester City,3-0,a 3-0,785998,D. Szoboszlai,Dominik Szoboszlai,dominik_szoboszlai,0.03,90,1,CAM,0.03 90' CAM,https://playerstats.football/premier-league/liverpool/xg
38,1378974,19427572,2025/2026,25/26 22 Nov,2025-11-22,1,Premier League,h,Home,Nottingham Forest,0-3,h 0-3,785998,D. Szoboszlai,Dominik Szoboszlai,dominik_szoboszlai,0.03,90,1,RB,0.03 90' RB,https://playerstats.football/premier-league/liverpool/xg
37,1396979,19568540,2025/2026,25/26 26 Nov,2025-11-26,5,Champions League,h,Home,PSV,1-4,h 1-4,785998,D. Szoboszlai,Dominik Szoboszlai,dominik_szoboszlai,0.16,90,1,CAM,0.16 90' CAM,https://playerstats.football/premier-league/liverpool/xg
36,1378854,19427585,2025/2026,25/26 30 Nov,2025-11-30,1,Premier League,a,Away,West Ham United,0-2,a 0-2,785998,D. Szoboszlai,Dominik Szoboszlai,dominik_szoboszlai,0.0,90,1,RAM,90' RAM,https://playerstats.football/premier-league/liverpool/xg
35,1378637,19427592,2025/2026,25/26 03 Dec,2025-12-03,1,Premier League,h,Home,Sunderland,1-1,h 1-1,785998,D. Szoboszlai,Dominik Szoboszlai,dominik_szoboszlai,0.2,90,1,RAM,0.20 90' RAM,https://playerstats.football/premier-league/liverpool/xg
34,1378928,19427601,2025/2026,25/26 06 Dec,2025-12-06,1,Premier League,a,Away,Leeds United,3-3,a 3-3,785998,D. Szoboszlai,Dominik Szoboszlai,dominik_szoboszlai,0.24,90,1,RAM,0.24 90' RAM,https://playerstats.football/premier-league/liverpool/xg
33,1396884,19568526,2025/2026,25/26 09 Dec,2025-12-09,5,Champions League,a,Away,Inter,0-1,a 0-1,785998,D. Szoboszlai,Dominik Szoboszlai,dominik_szoboszlai,0.83,90,1,RCM,0.83 90' RCM,https://playerstats.football/premier-league/liverpool/xg
32,1378936,19427611,2025/2026,25/26 13 Dec,2025-12-13,1,Premier League,h,Home,Brighton & Hove Albion,2-0,h 2-0,785998,D. Szoboszlai,Dominik Szoboszlai,dominik_szoboszlai,0.11,83,1,RAM,0.11 83' RAM,https://playerstats.football/premier-league/liverpool/xg
31,1378949,19427624,2025/2026,25/26 20 Dec,2025-12-20,1,Premier League,a,Away,Tottenham Hotspur,1-2,a 1-2,785998,D. Szoboszlai,Dominik Szoboszlai,dominik_szoboszlai,0.0,90,1,RAM,90' RAM,https://playerstats.football/premier-league/liverpool/xg
30,1379105,19427631,2025/2026,25/26 27 Dec,2025-12-27,1,Premier League,h,Home,Wolverhampton Wanderers,2-1,h 2-1,785998,D. Szoboszlai,Dominik Szoboszlai,dominik_szoboszlai,0.0,0,0,,,https://playerstats.football/premier-league/liverpool/xg
29,1378612,19427641,2025/2026,25/26 01 Jan,2026-01-01,1,Premier League,h,Home,Leeds United,0-0,h 0-0,785998,D. Szoboszlai,Dominik Szoboszlai,dominik_szoboszlai,0.02,90,1,CAM,0.02 90' CAM,https://playerstats.football/premier-league/liverpool/xg
28,1379083,19427650,2025/2026,25/26 04 Jan,2026-01-04,1,Premier League,a,Away,Fulham,2-2,a 2-2,785998,D. Szoboszlai,Dominik Szoboszlai,dominik_szoboszlai,0.05,90,1,RAM,0.05 90' RAM,https://playerstats.football/premier-league/liverpool/xg
27,1378873,19427656,2025/2026,25/26 08 Jan,2026-01-08,1,Premier League,a,Away,Arsenal,0-0,a 0-0,785998,D. Szoboszlai,Dominik Szoboszlai,dominik_szoboszlai,0.22,90,1,CAM,0.22 90' CAM,https://playerstats.football/premier-league/liverpool/xg
26,1344436,19615693,2025/2026,25/26 12 Jan,2026-01-12,300,FA Cup,h,Home,Barnsley,4-1,h 4-1,785998,D. Szoboszlai,Dominik Szoboszlai,dominik_szoboszlai,0.1,90,1,LDM,0.10 90' LDM,https://playerstats.football/premier-league/liverpool/xg
25,1378764,19427670,2025/2026,25/26 17 Jan,2026-01-17,1,Premier League,h,Home,Burnley,1-1,h 1-1,785998,D. Szoboszlai,Dominik Szoboszlai,dominik_szoboszlai,0.98,90,1,LDM,0.98 90' LDM,https://playerstats.football/premier-league/liverpool/xg
24,1397227,19568558,2025/2026,25/26 21 Jan,2026-01-21,5,Champions League,a,Away,Olympique Marseille,0-3,a 0-3,785998,D. Szoboszlai,Dominik Szoboszlai,dominik_szoboszlai,0.07,90,1,RAM,0.07 90' RAM,https://playerstats.football/premier-league/liverpool/xg
23,1378641,19427677,2025/2026,25/26 24 Jan,2026-01-24,1,Premier League,a,Away,AFC Bournemouth,3-2,a 3-2,785998,D. Szoboszlai,Dominik Szoboszlai,dominik_szoboszlai,0.06,90,1,RAM,0.06 90' RAM,https://playerstats.football/premier-league/liverpool/xg
22,1396913,19568541,2025/2026,25/26 28 Jan,2026-01-28,5,Champions League,h,Home,Qarabağ,6-0,h 6-0,785998,D. Szoboszlai,Dominik Szoboszlai,dominik_szoboszlai,0.18,75,1,RDM,0.18 75' RDM,https://playerstats.football/premier-league/liverpool/xg
21,1378995,19427690,2025/2026,25/26 31 Jan,2026-01-31,1,Premier League,h,Home,Newcastle United,4-1,h 4-1,785998,D. Szoboszlai,Dominik Szoboszlai,dominik_szoboszlai,0.09,90,1,RB,0.09 90' RB,https://playerstats.football/premier-league/liverpool/xg
20,1378700,19427702,2025/2026,25/26 08 Feb,2026-02-08,1,Premier League,h,Home,Manchester City,1-2,h 1-2,785998,D. Szoboszlai,Dominik Szoboszlai,dominik_szoboszlai,0.07,90,1,RB,0.07 90' RB,https://playerstats.football/premier-league/liverpool/xg
19,1378607,19427713,2025/2026,25/26 11 Feb,2026-02-11,1,Premier League,a,Away,Sunderland,0-1,a 0-1,785998,D. Szoboszlai,Dominik Szoboszlai,dominik_szoboszlai,0.0,0,0,,,https://playerstats.football/premier-league/liverpool/xg
18,1374766,19645325,2025/2026,25/26 14 Feb,2026-02-14,300,FA Cup,h,Home,Brighton & Hove Albion,3-0,h 3-0,785998,D. Szoboszlai,Dominik Szoboszlai,dominik_szoboszlai,0.35,90,1,RDM,0.35 90' RDM,https://playerstats.football/premier-league/liverpool/xg
17,1398004,19427151,2025/2026,25/26 22 Feb,2026-02-22,1,Premier League,a,Away,Nottingham Forest,0-1,a 0-1,785998,D. Szoboszlai,Dominik Szoboszlai,dominik_szoboszlai,0.0,90,1,RB,90' RB,https://playerstats.football/premier-league/liverpool/xg
16,1405260,19427161,2025/2026,25/26 28 Feb,2026-02-28,1,Premier League,h,Home,West Ham United,5-2,h 5-2,785998,D. Szoboszlai,Dominik Szoboszlai,dominik_szoboszlai,0.0,90,1,CAM,90' CAM,https://playerstats.football/premier-league/liverpool/xg
15,1407609,19427174,2025/2026,25/26 03 Mar,2026-03-03,1,Premier League,a,Away,Wolverhampton Wanderers,2-1,a 2-1,785998,D. Szoboszlai,Dominik Szoboszlai,dominik_szoboszlai,0.07,90,1,CAM,0.07 90' CAM,https://playerstats.football/premier-league/liverpool/xg
14,1413001,19676918,2025/2026,25/26 06 Mar,2026-03-06,300,FA Cup,a,Away,Wolverhampton Wanderers,1-3,a 1-3,785998,D. Szoboszlai,Dominik Szoboszlai,dominik_szoboszlai,0.01,90,1,RB,0.01 90' RB,https://playerstats.football/premier-league/liverpool/xg
13,1415031,19662568,2025/2026,25/26 10 Mar,2026-03-10,5,Champions League,a,Away,Galatasaray,1-0,a 1-0,785998,D. Szoboszlai,Dominik Szoboszlai,dominik_szoboszlai,0.14,90,1,CAM,0.14 90' CAM,https://playerstats.football/premier-league/liverpool/xg
12,1422066,19427180,2025/2026,25/26 15 Mar,2026-03-15,1,Premier League,h,Home,Tottenham Hotspur,1-1,h 1-1,785998,D. Szoboszlai,Dominik Szoboszlai,dominik_szoboszlai,0.1,90,1,RB,0.10 90' RB,https://playerstats.football/premier-league/liverpool/xg
11,1426145,19662560,2025/2026,25/26 18 Mar,2026-03-18,5,Champions League,h,Home,Galatasaray,4-0,h 4-0,785998,D. Szoboszlai,Dominik Szoboszlai,dominik_szoboszlai,0.42,90,1,RCM,0.42 90' RCM,https://playerstats.football/premier-league/liverpool/xg
10,1429079,19427187,2025/2026,25/26 21 Mar,2026-03-21,1,Premier League,a,Away,Brighton & Hove Albion,2-1,a 2-1,785998,D. Szoboszlai,Dominik Szoboszlai,dominik_szoboszlai,0.14,90,1,RCM,0.14 90' RCM,https://playerstats.football/premier-league/liverpool/xg
9,1443072,19687560,2025/2026,25/26 04 Apr,2026-04-04,300,FA Cup,a,Away,Manchester City,4-0,a 4-0,785998,D. Szoboszlai,Dominik Szoboszlai,dominik_szoboszlai,0.06,90,1,RAM,0.06 90' RAM,https://playerstats.football/premier-league/liverpool/xg
8,1447863,19683236,2025/2026,25/26 08 Apr,2026-04-08,5,Champions League,a,Away,Paris Saint Germain,2-0,a 2-0,785998,D. Szoboszlai,Dominik Szoboszlai,dominik_szoboszlai,0.0,90,1,RCM,90' RCM,https://playerstats.football/premier-league/liverpool/xg
7,1451031,19427197,2025/2026,25/26 11 Apr,2026-04-11,1,Premier League,h,Home,Fulham,2-0,h 2-0,785998,D. Szoboszlai,Dominik Szoboszlai,dominik_szoboszlai,0.06,90,1,RDM,0.06 90' RDM,https://playerstats.football/premier-league/liverpool/xg
6,1452845,19683229,2025/2026,25/26 14 Apr,2026-04-14,5,Champions League,h,Home,Paris Saint Germain,0-2,h 0-2,785998,D. Szoboszlai,Dominik Szoboszlai,dominik_szoboszlai,0.05,90,1,LDM,0.05 90' LDM,https://playerstats.football/premier-league/liverpool/xg
5,1458937,19427732,2025/2026,25/26 19 Apr,2026-04-19,1,Premier League,a,Away,Everton,1-2,a 1-2,785998,D. Szoboszlai,Dominik Szoboszlai,dominik_szoboszlai,0.07,90,1,RDM,0.07 90' RDM,https://playerstats.football/premier-league/liverpool/xg
4,1466441,19427201,2025/2026,25/26 25 Apr,2026-04-25,1,Premier League,h,Home,Crystal Palace,3-1,h 3-1,785998,D. Szoboszlai,Dominik Szoboszlai,dominik_szoboszlai,0.23,90,1,RDM,0.23 90' RDM,https://playerstats.football/premier-league/liverpool/xg
3,1475068,19427213,2025/2026,25/26 03 May,2026-05-03,1,Premier League,a,Away,Manchester United,3-2,a 3-2,785998,D. Szoboszlai,Dominik Szoboszlai,dominik_szoboszlai,0.26,90,1,ST,0.26 90' ST,https://playerstats.football/premier-league/liverpool/xg
2,1480645,19427220,2025/2026,25/26 09 May,2026-05-09,1,Premier League,h,Home,Chelsea,1-1,h 1-1,785998,D. Szoboszlai,Dominik Szoboszlai,dominik_szoboszlai,0.18,90,1,CAM,0.18 90' CAM,https://playerstats.football/premier-league/liverpool/xg
1,1487202,19427227,2025/2026,25/26 15 May,2026-05-15,1,Premier League,a,Away,Aston Villa,4-2,a 4-2,785998,D. Szoboszlai,Dominik Szoboszlai,dominik_szoboszlai,0.02,90,1,CAM,0.02 90' CAM,https://playerstats.football/premier-league/liverpool/xg
56,1193039,19464492,2025/2026,25/26 10 Aug,2025-08-10,7,Community Shield,a,Away,Crystal Palace,2-2,a 2-2 P,129836,F. Chiesa,Federico Chiesa,federico_chiesa,0.0,0,0,,,https://playerstats.football/premier-league/liverpool/xg
55,1378727,19427455,2025/2026,25/26 15 Aug,2025-08-15,1,Premier League,h,Home,AFC Bournemouth,4-2,h 4-2,129836,F. Chiesa,Federico Chiesa,federico_chiesa,0.1,8,1,,0.10 8',https://playerstats.football/premier-league/liverpool/xg
54,1378725,19427473,2025/2026,25/26 25 Aug,2025-08-25,1,Premier League,a,Away,Newcastle United,2-3,a 2-3,129836,F. Chiesa,Federico Chiesa,federico_chiesa,0.0,10,1,,10',https://playerstats.football/premier-league/liverpool/xg
53,1378820,19427479,2025/2026,25/26 31 Aug,2025-08-31,1,Premier League,h,Home,Arsenal,1-0,h 1-0,129836,F. Chiesa,Federico Chiesa,federico_chiesa,0.25,11,1,,0.25 11',https://playerstats.football/premier-league/liverpool/xg
52,1378793,19427488,2025/2026,25/26 14 Sep,2025-09-14,1,Premier League,a,Away,Burnley,0-1,a 0-1,129836,F. Chiesa,Federico Chiesa,federico_chiesa,0.1,18,1,,0.10 18',https://playerstats.football/premier-league/liverpool/xg
51,1397014,19568539,2025/2026,25/26 17 Sep,2025-09-17,5,Champions League,h,Home,Atlético Madrid,3-2,h 3-2,129836,F. Chiesa,Federico Chiesa,federico_chiesa,0.0,0,0,,,https://playerstats.football/premier-league/liverpool/xg
50,1379121,19427500,2025/2026,25/26 20 Sep,2025-09-20,1,Premier League,h,Home,Everton,2-1,h 2-1,129836,F. Chiesa,Federico Chiesa,federico_chiesa,0.0,0,0,,,https://playerstats.football/premier-league/liverpool/xg
49,1218466,19572904,2025/2026,25/26 23 Sep,2025-09-23,8,Carabao Cup,h,Home,Southampton,2-1,h 2-1,129836,F. Chiesa,Federico Chiesa,federico_chiesa,0.33,90,1,RAM,0.33 90' RAM,https://playerstats.football/premier-league/liverpool/xg
48,1379139,19427508,2025/2026,25/26 27 Sep,2025-09-27,1,Premier League,a,Away,Crystal Palace,2-1,a 2-1,129836,F. Chiesa,Federico Chiesa,federico_chiesa,0.36,16,1,,0.36 16',https://playerstats.football/premier-league/liverpool/xg
47,1396787,19568522,2025/2026,25/26 30 Sep,2025-09-30,5,Champions League,a,Away,Galatasaray,1-0,a 1-0,129836,F. Chiesa,Federico Chiesa,federico_chiesa,0.0,0,0,,,https://playerstats.football/premier-league/liverpool/xg
46,1378908,19427519,2025/2026,25/26 04 Oct,2025-10-04,1,Premier League,a,Away,Chelsea,2-1,a 2-1,129836,F. Chiesa,Federico Chiesa,federico_chiesa,0.0,0,0,,,https://playerstats.football/premier-league/liverpool/xg
45,1378881,19427529,2025/2026,25/26 19 Oct,2025-10-19,1,Premier League,h,Home,Manchester United,1-2,h 1-2,129836,F. Chiesa,Federico Chiesa,federico_chiesa,0.07,18,1,,0.07 18',https://playerstats.football/premier-league/liverpool/xg
44,1397134,19568510,2025/2026,25/26 22 Oct,2025-10-22,5,Champions League,a,Away,Eintracht Frankfurt,1-5,a 1-5,129836,F. Chiesa,Federico Chiesa,federico_chiesa,0.14,44,1,,0.14 44',https://playerstats.football/premier-league/liverpool/xg
43,1378639,19427539,2025/2026,25/26 25 Oct,2025-10-25,1,Premier League,a,Away,Brentford,3-2,a 3-2,129836,F. Chiesa,Federico Chiesa,federico_chiesa,0.07,29,1,,0.07 29',https://playerstats.football/premier-league/liverpool/xg
42,1290118,19585905,2025/2026,25/26 29 Oct,2025-10-29,8,Carabao Cup,h,Home,Crystal Palace,0-3,h 0-3,129836,F. Chiesa,Federico Chiesa,federico_chiesa,0.14,90,1,ST,0.14 90' ST,https://playerstats.football/premier-league/liverpool/xg
41,1378744,19427550,2025/2026,25/26 01 Nov,2025-11-01,1,Premier League,h,Home,Aston Villa,2-0,h 2-0,129836,F. Chiesa,Federico Chiesa,federico_chiesa,0.0,0,0,,,https://playerstats.football/premier-league/liverpool/xg
40,1397140,19568538,2025/2026,25/26 04 Nov,2025-11-04,5,Champions League,h,Home,Real Madrid,1-0,h 1-0,129836,F. Chiesa,Federico Chiesa,federico_chiesa,0.0,2,1,,2',https://playerstats.football/premier-league/liverpool/xg
39,1378930,19427561,2025/2026,25/26 09 Nov,2025-11-09,1,Premier League,a,Away,Manchester City,3-0,a 3-0,129836,F. Chiesa,Federico Chiesa,federico_chiesa,0.0,7,1,,7',https://playerstats.football/premier-league/liverpool/xg
38,1378974,19427572,2025/2026,25/26 22 Nov,2025-11-22,1,Premier League,h,Home,Nottingham Forest,0-3,h 0-3,129836,F. Chiesa,Federico Chiesa,federico_chiesa,0.32,22,1,,0.32 22',https://playerstats.football/premier-league/liverpool/xg
37,1396979,19568540,2025/2026,25/26 26 Nov,2025-11-26,5,Champions League,h,Home,PSV,1-4,h 1-4,129836,F. Chiesa,Federico Chiesa,federico_chiesa,0.19,14,1,,0.19 14',https://playerstats.football/premier-league/liverpool/xg
36,1378854,19427585,2025/2026,25/26 30 Nov,2025-11-30,1,Premier League,a,Away,West Ham United,0-2,a 0-2,129836,F. Chiesa,Federico Chiesa,federico_chiesa,0.0,0,0,,,https://playerstats.football/premier-league/liverpool/xg
35,1378637,19427592,2025/2026,25/26 03 Dec,2025-12-03,1,Premier League,h,Home,Sunderland,1-1,h 1-1,129836,F. Chiesa,Federico Chiesa,federico_chiesa,0.12,4,1,,0.12 4',https://playerstats.football/premier-league/liverpool/xg
34,1378928,19427601,2025/2026,25/26 06 Dec,2025-12-06,1,Premier League,a,Away,Leeds United,3-3,a 3-3,129836,F. Chiesa,Federico Chiesa,federico_chiesa,0.0,0,0,,,https://playerstats.football/premier-league/liverpool/xg
33,1396884,19568526,2025/2026,25/26 09 Dec,2025-12-09,5,Champions League,a,Away,Inter,0-1,a 0-1,129836,F. Chiesa,Federico Chiesa,federico_chiesa,0.0,0,0,,,https://playerstats.football/premier-league/liverpool/xg
32,1378936,19427611,2025/2026,25/26 13 Dec,2025-12-13,1,Premier League,h,Home,Brighton & Hove Albion,2-0,h 2-0,129836,F. Chiesa,Federico Chiesa,federico_chiesa,0.0,7,1,,7',https://playerstats.football/premier-league/liverpool/xg
31,1378949,19427624,2025/2026,25/26 20 Dec,2025-12-20,1,Premier League,a,Away,Tottenham Hotspur,1-2,a 1-2,129836,F. Chiesa,Federico Chiesa,federico_chiesa,0.0,11,1,,11',https://playerstats.football/premier-league/liverpool/xg
30,1379105,19427631,2025/2026,25/26 27 Dec,2025-12-27,1,Premier League,h,Home,Wolverhampton Wanderers,2-1,h 2-1,129836,F. Chiesa,Federico Chiesa,federico_chiesa,0.0,61,1,RAM,61' RAM,https://playerstats.football/premier-league/liverpool/xg
29,1378612,19427641,2025/2026,25/26 01 Jan,2026-01-01,1,Premier League,h,Home,Leeds United,0-0,h 0-0,129836,F. Chiesa,Federico Chiesa,federico_chiesa,0.0,11,1,,11',https://playerstats.football/premier-league/liverpool/xg
28,1379083,19427650,2025/2026,25/26 04 Jan,2026-01-04,1,Premier League,a,Away,Fulham,2-2,a 2-2,129836,F. Chiesa,Federico Chiesa,federico_chiesa,0.0,5,1,,5',https://playerstats.football/premier-league/liverpool/xg
27,1378873,19427656,2025/2026,25/26 08 Jan,2026-01-08,1,Premier League,a,Away,Arsenal,0-0,a 0-0,129836,F. Chiesa,Federico Chiesa,federico_chiesa,0.0,0,0,,,https://playerstats.football/premier-league/liverpool/xg
26,1344436,19615693,2025/2026,25/26 12 Jan,2026-01-12,300,FA Cup,h,Home,Barnsley,4-1,h 4-1,129836,F. Chiesa,Federico Chiesa,federico_chiesa,0.13,60,1,RAM,0.13 60' 0.63 +0.50 H. Ekitiké RAM,https://playerstats.football/premier-league/liverpool/xg
25,1378764,19427670,2025/2026,25/26 17 Jan,2026-01-17,1,Premier League,h,Home,Burnley,1-1,h 1-1,129836,F. Chiesa,Federico Chiesa,federico_chiesa,0.0,3,1,,3',https://playerstats.football/premier-league/liverpool/xg
24,1397227,19568558,2025/2026,25/26 21 Jan,2026-01-21,5,Champions League,a,Away,Olympique Marseille,0-3,a 0-3,129836,F. Chiesa,Federico Chiesa,federico_chiesa,0.0,0,0,,,https://playerstats.football/premier-league/liverpool/xg
23,1378641,19427677,2025/2026,25/26 24 Jan,2026-01-24,1,Premier League,a,Away,AFC Bournemouth,3-2,a 3-2,129836,F. Chiesa,Federico Chiesa,federico_chiesa,0.0,0,0,,,https://playerstats.football/premier-league/liverpool/xg
22,1396913,19568541,2025/2026,25/26 28 Jan,2026-01-28,5,Champions League,h,Home,Qarabağ,6-0,h 6-0,129836,F. Chiesa,Federico Chiesa,federico_chiesa,0.68,16,1,,0.68 16',https://playerstats.football/premier-league/liverpool/xg
21,1378995,19427690,2025/2026,25/26 31 Jan,2026-01-31,1,Premier League,h,Home,Newcastle United,4-1,h 4-1,129836,F. Chiesa,Federico Chiesa,federico_chiesa,0.0,6,1,,6',https://playerstats.football/premier-league/liverpool/xg
20,1378700,19427702,2025/2026,25/26 08 Feb,2026-02-08,1,Premier League,h,Home,Manchester City,1-2,h 1-2,129836,F. Chiesa,Federico Chiesa,federico_chiesa,0.03,11,1,,0.03 11',https://playerstats.football/premier-league/liverpool/xg
19,1378607,19427713,2025/2026,25/26 11 Feb,2026-02-11,1,Premier League,a,Away,Sunderland,0-1,a 0-1,129836,F. Chiesa,Federico Chiesa,federico_chiesa,0.0,2,1,,2',https://playerstats.football/premier-league/liverpool/xg
18,1374766,19645325,2025/2026,25/26 14 Feb,2026-02-14,300,FA Cup,h,Home,Brighton & Hove Albion,3-0,h 3-0,129836,F. Chiesa,Federico Chiesa,federico_chiesa,0.09,77,1,ST,0.09 77' ST,https://playerstats.football/premier-league/liverpool/xg
17,1398004,19427151,2025/2026,25/26 22 Feb,2026-02-22,1,Premier League,a,Away,Nottingham Forest,0-1,a 0-1,129836,F. Chiesa,Federico Chiesa,federico_chiesa,0.0,13,1,,13',https://playerstats.football/premier-league/liverpool/xg
16,1405260,19427161,2025/2026,25/26 28 Feb,2026-02-28,1,Premier League,h,Home,West Ham United,5-2,h 5-2,129836,F. Chiesa,Federico Chiesa,federico_chiesa,0.0,0,0,,,https://playerstats.football/premier-league/liverpool/xg
15,1407609,19427174,2025/2026,25/26 03 Mar,2026-03-03,1,Premier League,a,Away,Wolverhampton Wanderers,2-1,a 2-1,129836,F. Chiesa,Federico Chiesa,federico_chiesa,0.08,11,1,,0.08 11',https://playerstats.football/premier-league/liverpool/xg
14,1413001,19676918,2025/2026,25/26 06 Mar,2026-03-06,300,FA Cup,a,Away,Wolverhampton Wanderers,1-3,a 1-3,129836,F. Chiesa,Federico Chiesa,federico_chiesa,0.0,0,0,,,https://playerstats.football/premier-league/liverpool/xg
13,1415031,19662568,2025/2026,25/26 10 Mar,2026-03-10,5,Champions League,a,Away,Galatasaray,1-0,a 1-0,129836,F. Chiesa,Federico Chiesa,federico_chiesa,0.0,0,0,,,https://playerstats.football/premier-league/liverpool/xg
12,1422066,19427180,2025/2026,25/26 15 Mar,2026-03-15,1,Premier League,h,Home,Tottenham Hotspur,1-1,h 1-1,129836,F. Chiesa,Federico Chiesa,federico_chiesa,0.0,1,1,,1',https://playerstats.football/premier-league/liverpool/xg
11,1426145,19662560,2025/2026,25/26 18 Mar,2026-03-18,5,Champions League,h,Home,Galatasaray,4-0,h 4-0,129836,F. Chiesa,Federico Chiesa,federico_chiesa,0.09,1,1,,0.09 1',https://playerstats.football/premier-league/liverpool/xg
10,1429079,19427187,2025/2026,25/26 21 Mar,2026-03-21,1,Premier League,a,Away,Brighton & Hove Albion,2-1,a 2-1,129836,F. Chiesa,Federico Chiesa,federico_chiesa,0.1,13,1,,0.10 13',https://playerstats.football/premier-league/liverpool/xg
9,1443072,19687560,2025/2026,25/26 04 Apr,2026-04-04,300,FA Cup,a,Away,Manchester City,4-0,a 4-0,129836,F. Chiesa,Federico Chiesa,federico_chiesa,0.0,13,1,,13',https://playerstats.football/premier-league/liverpool/xg
8,1447863,19683236,2025/2026,25/26 08 Apr,2026-04-08,5,Champions League,a,Away,Paris Saint Germain,2-0,a 2-0,129836,F. Chiesa,Federico Chiesa,federico_chiesa,0.0,0,0,,,https://playerstats.football/premier-league/liverpool/xg
7,1451031,19427197,2025/2026,25/26 11 Apr,2026-04-11,1,Premier League,h,Home,Fulham,2-0,h 2-0,129836,F. Chiesa,Federico Chiesa,federico_chiesa,0.0,0,0,,,https://playerstats.football/premier-league/liverpool/xg
6,1452845,19683229,2025/2026,25/26 14 Apr,2026-04-14,5,Champions League,h,Home,Paris Saint Germain,0-2,h 0-2,129836,F. Chiesa,Federico Chiesa,federico_chiesa,0.0,0,0,,,https://playerstats.football/premier-league/liverpool/xg
5,1458937,19427732,2025/2026,25/26 19 Apr,2026-04-19,1,Premier League,a,Away,Everton,1-2,a 1-2,129836,F. Chiesa,Federico Chiesa,federico_chiesa,0.0,0,0,,,https://playerstats.football/premier-league/liverpool/xg
4,1466441,19427201,2025/2026,25/26 25 Apr,2026-04-25,1,Premier League,h,Home,Crystal Palace,3-1,h 3-1,129836,F. Chiesa,Federico Chiesa,federico_chiesa,0.0,0,0,,,https://playerstats.football/premier-league/liverpool/xg
3,1475068,19427213,2025/2026,25/26 03 May,2026-05-03,1,Premier League,a,Away,Manchester United,3-2,a 3-2,129836,F. Chiesa,Federico Chiesa,federico_chiesa,0.0,3,1,,3',https://playerstats.football/premier-league/liverpool/xg
2,1480645,19427220,2025/2026,25/26 09 May,2026-05-09,1,Premier League,h,Home,Chelsea,1-1,h 1-1,129836,F. Chiesa,Federico Chiesa,federico_chiesa,0.0,13,1,,13',https://playerstats.football/premier-league/liverpool/xg
1,1487202,19427227,2025/2026,25/26 15 May,2026-05-15,1,Premier League,a,Away,Aston Villa,4-2,a 4-2,129836,F. Chiesa,Federico Chiesa,federico_chiesa,0.09,24,1,,0.09 24',https://playerstats.football/premier-league/liverpool/xg
56,1193039,19464492,2025/2026,25/26 10 Aug,2025-08-10,7,Community Shield,a,Away,Crystal Palace,2-2,a 2-2 P,37429246,F. Wirtz,Florian Wirtz,florian_wirtz,0.0,84,1,CAM,84' CAM,https://playerstats.football/premier-league/liverpool/xg
55,1378727,19427455,2025/2026,25/26 15 Aug,2025-08-15,1,Premier League,h,Home,AFC Bournemouth,4-2,h 4-2,37429246,F. Wirtz,Florian Wirtz,florian_wirtz,0.15,82,1,CAM,0.15 82' 0.25 +0.10 F. Chiesa CAM,https://playerstats.football/premier-league/liverpool/xg
54,1378725,19427473,2025/2026,25/26 25 Aug,2025-08-25,1,Premier League,a,Away,Newcastle United,2-3,a 2-3,37429246,F. Wirtz,Florian Wirtz,florian_wirtz,0.03,80,1,CAM,0.03 80' CAM,https://playerstats.football/premier-league/liverpool/xg
53,1378820,19427479,2025/2026,25/26 31 Aug,2025-08-31,1,Premier League,h,Home,Arsenal,1-0,h 1-0,37429246,F. Wirtz,Florian Wirtz,florian_wirtz,0.2,89,1,CAM,0.20 89' CAM,https://playerstats.football/premier-league/liverpool/xg
52,1378793,19427488,2025/2026,25/26 14 Sep,2025-09-14,1,Premier League,a,Away,Burnley,0-1,a 0-1,37429246,F. Wirtz,Florian Wirtz,florian_wirtz,0.26,87,1,CAM,0.26 87' CAM,https://playerstats.football/premier-league/liverpool/xg
51,1397014,19568539,2025/2026,25/26 17 Sep,2025-09-17,5,Champions League,h,Home,Atlético Madrid,3-2,h 3-2,37429246,F. Wirtz,Florian Wirtz,florian_wirtz,0.0,74,1,CAM,74' CAM,https://playerstats.football/premier-league/liverpool/xg
50,1379121,19427500,2025/2026,25/26 20 Sep,2025-09-20,1,Premier League,h,Home,Everton,2-1,h 2-1,37429246,F. Wirtz,Florian Wirtz,florian_wirtz,0.0,29,1,,29',https://playerstats.football/premier-league/liverpool/xg
49,1218466,19572904,2025/2026,25/26 23 Sep,2025-09-23,8,Carabao Cup,h,Home,Southampton,2-1,h 2-1,37429246,F. Wirtz,Florian Wirtz,florian_wirtz,0.0,0,0,,,https://playerstats.football/premier-league/liverpool/xg
48,1379139,19427508,2025/2026,25/26 27 Sep,2025-09-27,1,Premier League,a,Away,Crystal Palace,2-1,a 2-1,37429246,F. Wirtz,Florian Wirtz,florian_wirtz,0.44,74,1,LAM,0.44 74' 0.8 +0.36 F. Chiesa LAM,https://playerstats.football/premier-league/liverpool/xg
47,1396787,19568522,2025/2026,25/26 30 Sep,2025-09-30,5,Champions League,a,Away,Galatasaray,1-0,a 1-0,37429246,F. Wirtz,Florian Wirtz,florian_wirtz,0.33,90,1,CAM,0.33 90' CAM,https://playerstats.football/premier-league/liverpool/xg
46,1378908,19427519,2025/2026,25/26 04 Oct,2025-10-04,1,Premier League,a,Away,Chelsea,2-1,a 2-1,37429246,F. Wirtz,Florian Wirtz,florian_wirtz,0.0,44,1,,44',https://playerstats.football/premier-league/liverpool/xg
45,1378881,19427529,2025/2026,25/26 19 Oct,2025-10-19,1,Premier League,h,Home,Manchester United,1-2,h 1-2,37429246,F. Wirtz,Florian Wirtz,florian_wirtz,0.0,28,1,,28',https://playerstats.football/premier-league/liverpool/xg
44,1397134,19568510,2025/2026,25/26 22 Oct,2025-10-22,5,Champions League,a,Away,Eintracht Frankfurt,1-5,a 1-5,37429246,F. Wirtz,Florian Wirtz,florian_wirtz,0.06,90,1,RM,0.06 90' RM,https://playerstats.football/premier-league/liverpool/xg
43,1378639,19427539,2025/2026,25/26 25 Oct,2025-10-25,1,Premier League,a,Away,Brentford,3-2,a 3-2,37429246,F. Wirtz,Florian Wirtz,florian_wirtz,0.08,83,1,CAM,0.08 83' 0.13 +0.05 J. Gomez CAM,https://playerstats.football/premier-league/liverpool/xg
42,1290118,19585905,2025/2026,25/26 29 Oct,2025-10-29,8,Carabao Cup,h,Home,Crystal Palace,0-3,h 0-3,37429246,F. Wirtz,Florian Wirtz,florian_wirtz,0.0,0,0,,,https://playerstats.football/premier-league/liverpool/xg
41,1378744,19427550,2025/2026,25/26 01 Nov,2025-11-01,1,Premier League,h,Home,Aston Villa,2-0,h 2-0,37429246,F. Wirtz,Florian Wirtz,florian_wirtz,0.0,13,1,,13',https://playerstats.football/premier-league/liverpool/xg
40,1397140,19568538,2025/2026,25/26 04 Nov,2025-11-04,5,Champions League,h,Home,Real Madrid,1-0,h 1-0,37429246,F. Wirtz,Florian Wirtz,florian_wirtz,0.0,88,1,LAM,88' LAM,https://playerstats.football/premier-league/liverpool/xg
39,1378930,19427561,2025/2026,25/26 09 Nov,2025-11-09,1,Premier League,a,Away,Manchester City,3-0,a 3-0,37429246,F. Wirtz,Florian Wirtz,florian_wirtz,0.16,83,1,LAM,0.16 83' LAM,https://playerstats.football/premier-league/liverpool/xg
38,1378974,19427572,2025/2026,25/26 22 Nov,2025-11-22,1,Premier League,h,Home,Nottingham Forest,0-3,h 0-3,37429246,F. Wirtz,Florian Wirtz,florian_wirtz,0.0,0,0,,,https://playerstats.football/premier-league/liverpool/xg
37,1396979,19568540,2025/2026,25/26 26 Nov,2025-11-26,5,Champions League,h,Home,PSV,1-4,h 1-4,37429246,F. Wirtz,Florian Wirtz,florian_wirtz,0.0,0,0,,,https://playerstats.football/premier-league/liverpool/xg
36,1378854,19427585,2025/2026,25/26 30 Nov,2025-11-30,1,Premier League,a,Away,West Ham United,0-2,a 0-2,37429246,F. Wirtz,Florian Wirtz,florian_wirtz,0.15,75,1,CAM,0.15 75' CAM,https://playerstats.football/premier-league/liverpool/xg
35,1378637,19427592,2025/2026,25/26 03 Dec,2025-12-03,1,Premier League,h,Home,Sunderland,1-1,h 1-1,37429246,F. Wirtz,Florian Wirtz,florian_wirtz,0.66,90,1,CAM,0.66 90' CAM,https://playerstats.football/premier-league/liverpool/xg
34,1378928,19427601,2025/2026,25/26 06 Dec,2025-12-06,1,Premier League,a,Away,Leeds United,3-3,a 3-3,37429246,F. Wirtz,Florian Wirtz,florian_wirtz,0.0,68,1,CAM,68' CAM,https://playerstats.football/premier-league/liverpool/xg
33,1396884,19568526,2025/2026,25/26 09 Dec,2025-12-09,5,Champions League,a,Away,Inter,0-1,a 0-1,37429246,F. Wirtz,Florian Wirtz,florian_wirtz,0.02,22,1,,0.02 22',https://playerstats.football/premier-league/liverpool/xg
32,1378936,19427611,2025/2026,25/26 13 Dec,2025-12-13,1,Premier League,h,Home,Brighton & Hove Albion,2-0,h 2-0,37429246,F. Wirtz,Florian Wirtz,florian_wirtz,0.02,78,1,LAM,0.02 78' LAM,https://playerstats.football/premier-league/liverpool/xg
31,1378949,19427624,2025/2026,25/26 20 Dec,2025-12-20,1,Premier League,a,Away,Tottenham Hotspur,1-2,a 1-2,37429246,F. Wirtz,Florian Wirtz,florian_wirtz,0.12,90,1,LAM,0.12 90' LAM,https://playerstats.football/premier-league/liverpool/xg
30,1379105,19427631,2025/2026,25/26 27 Dec,2025-12-27,1,Premier League,h,Home,Wolverhampton Wanderers,2-1,h 2-1,37429246,F. Wirtz,Florian Wirtz,florian_wirtz,0.5,90,1,LAM,0.50 90' LAM,https://playerstats.football/premier-league/liverpool/xg
29,1378612,19427641,2025/2026,25/26 01 Jan,2026-01-01,1,Premier League,h,Home,Leeds United,0-0,h 0-0,37429246,F. Wirtz,Florian Wirtz,florian_wirtz,0.98,66,1,LAM,0.98 66' 1.02 +0.04 C. Gakpo LAM,https://playerstats.football/premier-league/liverpool/xg
28,1379083,19427650,2025/2026,25/26 04 Jan,2026-01-04,1,Premier League,a,Away,Fulham,2-2,a 2-2,37429246,F. Wirtz,Florian Wirtz,florian_wirtz,0.26,76,1,CAM,0.26 76' CAM,https://playerstats.football/premier-league/liverpool/xg
27,1378873,19427656,2025/2026,25/26 08 Jan,2026-01-08,1,Premier League,a,Away,Arsenal,0-0,a 0-0,37429246,F. Wirtz,Florian Wirtz,florian_wirtz,0.0,90,1,ST,90' ST,https://playerstats.football/premier-league/liverpool/xg
26,1344436,19615693,2025/2026,25/26 12 Jan,2026-01-12,300,FA Cup,h,Home,Barnsley,4-1,h 4-1,37429246,F. Wirtz,Florian Wirtz,florian_wirtz,0.4,30,1,,0.40 30',https://playerstats.football/premier-league/liverpool/xg
25,1378764,19427670,2025/2026,25/26 17 Jan,2026-01-17,1,Premier League,h,Home,Burnley,1-1,h 1-1,37429246,F. Wirtz,Florian Wirtz,florian_wirtz,0.4,90,1,RAM,0.40 90' RAM,https://playerstats.football/premier-league/liverpool/xg
24,1397227,19568558,2025/2026,25/26 21 Jan,2026-01-21,5,Champions League,a,Away,Olympique Marseille,0-3,a 0-3,37429246,F. Wirtz,Florian Wirtz,florian_wirtz,0.39,79,1,LAM,0.39 79' LAM,https://playerstats.football/premier-league/liverpool/xg
23,1378641,19427677,2025/2026,25/26 24 Jan,2026-01-24,1,Premier League,a,Away,AFC Bournemouth,3-2,a 3-2,37429246,F. Wirtz,Florian Wirtz,florian_wirtz,0.15,90,1,LAM,0.15 90' LAM,https://playerstats.football/premier-league/liverpool/xg
22,1396913,19568541,2025/2026,25/26 28 Jan,2026-01-28,5,Champions League,h,Home,Qarabağ,6-0,h 6-0,37429246,F. Wirtz,Florian Wirtz,florian_wirtz,0.54,67,1,CAM,0.54 67' CAM,https://playerstats.football/premier-league/liverpool/xg
21,1378995,19427690,2025/2026,25/26 31 Jan,2026-01-31,1,Premier League,h,Home,Newcastle United,4-1,h 4-1,37429246,F. Wirtz,Florian Wirtz,florian_wirtz,0.15,87,1,CAM,0.15 87' CAM,https://playerstats.football/premier-league/liverpool/xg
20,1378700,19427702,2025/2026,25/26 08 Feb,2026-02-08,1,Premier League,h,Home,Manchester City,1-2,h 1-2,37429246,F. Wirtz,Florian Wirtz,florian_wirtz,0.16,90,1,CAM,0.16 90' CAM,https://playerstats.football/premier-league/liverpool/xg
19,1378607,19427713,2025/2026,25/26 11 Feb,2026-02-11,1,Premier League,a,Away,Sunderland,0-1,a 0-1,37429246,F. Wirtz,Florian Wirtz,florian_wirtz,0.68,90,1,CAM,0.68 90' CAM,https://playerstats.football/premier-league/liverpool/xg
18,1374766,19645325,2025/2026,25/26 14 Feb,2026-02-14,300,FA Cup,h,Home,Brighton & Hove Albion,3-0,h 3-0,37429246,F. Wirtz,Florian Wirtz,florian_wirtz,0.31,71,1,CAM,0.31 71' CAM,https://playerstats.football/premier-league/liverpool/xg
17,1398004,19427151,2025/2026,25/26 22 Feb,2026-02-22,1,Premier League,a,Away,Nottingham Forest,0-1,a 0-1,37429246,F. Wirtz,Florian Wirtz,florian_wirtz,0.0,0,0,,,https://playerstats.football/premier-league/liverpool/xg
16,1405260,19427161,2025/2026,25/26 28 Feb,2026-02-28,1,Premier League,h,Home,West Ham United,5-2,h 5-2,37429246,F. Wirtz,Florian Wirtz,florian_wirtz,0.0,0,0,,,https://playerstats.football/premier-league/liverpool/xg
15,1407609,19427174,2025/2026,25/26 03 Mar,2026-03-03,1,Premier League,a,Away,Wolverhampton Wanderers,2-1,a 2-1,37429246,F. Wirtz,Florian Wirtz,florian_wirtz,0.0,0,0,,,https://playerstats.football/premier-league/liverpool/xg
14,1413001,19676918,2025/2026,25/26 06 Mar,2026-03-06,300,FA Cup,a,Away,Wolverhampton Wanderers,1-3,a 1-3,37429246,F. Wirtz,Florian Wirtz,florian_wirtz,0.07,21,1,,0.07 21',https://playerstats.football/premier-league/liverpool/xg
13,1415031,19662568,2025/2026,25/26 10 Mar,2026-03-10,5,Champions League,a,Away,Galatasaray,1-0,a 1-0,37429246,F. Wirtz,Florian Wirtz,florian_wirtz,0.29,73,1,LAM,0.29 73' 0.45 +0.16 C. Gakpo LAM,https://playerstats.football/premier-league/liverpool/xg
12,1422066,19427180,2025/2026,25/26 15 Mar,2026-03-15,1,Premier League,h,Home,Tottenham Hotspur,1-1,h 1-1,37429246,F. Wirtz,Florian Wirtz,florian_wirtz,0.0,64,1,CAM,64' CAM,https://playerstats.football/premier-league/liverpool/xg
11,1426145,19662560,2025/2026,25/26 18 Mar,2026-03-18,5,Champions League,h,Home,Galatasaray,4-0,h 4-0,37429246,F. Wirtz,Florian Wirtz,florian_wirtz,0.49,89,1,LCM,0.49 89' LCM,https://playerstats.football/premier-league/liverpool/xg
10,1429079,19427187,2025/2026,25/26 21 Mar,2026-03-21,1,Premier League,a,Away,Brighton & Hove Albion,2-1,a 2-1,37429246,F. Wirtz,Florian Wirtz,florian_wirtz,0.05,90,1,LCM,0.05 90' LCM,https://playerstats.football/premier-league/liverpool/xg
9,1443072,19687560,2025/2026,25/26 04 Apr,2026-04-04,300,FA Cup,a,Away,Manchester City,4-0,a 4-0,37429246,F. Wirtz,Florian Wirtz,florian_wirtz,0.14,68,1,LAM,0.14 68' LAM,https://playerstats.football/premier-league/liverpool/xg
8,1447863,19683236,2025/2026,25/26 08 Apr,2026-04-08,5,Champions League,a,Away,Paris Saint Germain,2-0,a 2-0,37429246,F. Wirtz,Florian Wirtz,florian_wirtz,0.11,78,1,ST,0.11 78' ST,https://playerstats.football/premier-league/liverpool/xg
7,1451031,19427197,2025/2026,25/26 11 Apr,2026-04-11,1,Premier League,h,Home,Fulham,2-0,h 2-0,37429246,F. Wirtz,Florian Wirtz,florian_wirtz,0.31,68,1,CAM,0.31 68' 0.41 +0.10 A. Mac Allister CAM,https://playerstats.football/premier-league/liverpool/xg
6,1452845,19683229,2025/2026,25/26 14 Apr,2026-04-14,5,Champions League,h,Home,Paris Saint Germain,0-2,h 0-2,37429246,F. Wirtz,Florian Wirtz,florian_wirtz,0.05,90,1,LAM,0.05 90' LAM,https://playerstats.football/premier-league/liverpool/xg
5,1458937,19427732,2025/2026,25/26 19 Apr,2026-04-19,1,Premier League,a,Away,Everton,1-2,a 1-2,37429246,F. Wirtz,Florian Wirtz,florian_wirtz,0.0,84,1,CAM,84' CAM,https://playerstats.football/premier-league/liverpool/xg
4,1466441,19427201,2025/2026,25/26 25 Apr,2026-04-25,1,Premier League,h,Home,Crystal Palace,3-1,h 3-1,37429246,F. Wirtz,Florian Wirtz,florian_wirtz,0.14,90,1,CAM,0.14 90' CAM,https://playerstats.football/premier-league/liverpool/xg
3,1475068,19427213,2025/2026,25/26 03 May,2026-05-03,1,Premier League,a,Away,Manchester United,3-2,a 3-2,37429246,F. Wirtz,Florian Wirtz,florian_wirtz,0.13,90,1,ST,0.13 90' ST,https://playerstats.football/premier-league/liverpool/xg
2,1480645,19427220,2025/2026,25/26 09 May,2026-05-09,1,Premier League,h,Home,Chelsea,1-1,h 1-1,37429246,F. Wirtz,Florian Wirtz,florian_wirtz,0.0,0,0,,,https://playerstats.football/premier-league/liverpool/xg
1,1487202,19427227,2025/2026,25/26 15 May,2026-05-15,1,Premier League,a,Away,Aston Villa,4-2,a 4-2,37429246,F. Wirtz,Florian Wirtz,florian_wirtz,0.01,24,1,,0.01 24',https://playerstats.football/premier-league/liverpool/xg
56,1193039,19464492,2025/2026,25/26 10 Aug,2025-08-10,7,Community Shield,a,Away,Crystal Palace,2-2,a 2-2 P,4357,F. Woodman,Freddie Woodman,freddie_woodman,0.0,0,0,,,https://playerstats.football/premier-league/liverpool/xg
55,1378727,19427455,2025/2026,25/26 15 Aug,2025-08-15,1,Premier League,h,Home,AFC Bournemouth,4-2,h 4-2,4357,F. Woodman,Freddie Woodman,freddie_woodman,0.0,0,0,,,https://playerstats.football/premier-league/liverpool/xg
54,1378725,19427473,2025/2026,25/26 25 Aug,2025-08-25,1,Premier League,a,Away,Newcastle United,2-3,a 2-3,4357,F. Woodman,Freddie Woodman,freddie_woodman,0.0,0,0,,,https://playerstats.football/premier-league/liverpool/xg
53,1378820,19427479,2025/2026,25/26 31 Aug,2025-08-31,1,Premier League,h,Home,Arsenal,1-0,h 1-0,4357,F. Woodman,Freddie Woodman,freddie_woodman,0.0,0,0,,,https://playerstats.football/premier-league/liverpool/xg
52,1378793,19427488,2025/2026,25/26 14 Sep,2025-09-14,1,Premier League,a,Away,Burnley,0-1,a 0-1,4357,F. Woodman,Freddie Woodman,freddie_woodman,0.0,0,0,,,https://playerstats.football/premier-league/liverpool/xg
51,1397014,19568539,2025/2026,25/26 17 Sep,2025-09-17,5,Champions League,h,Home,Atlético Madrid,3-2,h 3-2,4357,F. Woodman,Freddie Woodman,freddie_woodman,0.0,0,0,,,https://playerstats.football/premier-league/liverpool/xg
50,1379121,19427500,2025/2026,25/26 20 Sep,2025-09-20,1,Premier League,h,Home,Everton,2-1,h 2-1,4357,F. Woodman,Freddie Woodman,freddie_woodman,0.0,0,0,,,https://playerstats.football/premier-league/liverpool/xg
49,1218466,19572904,2025/2026,25/26 23 Sep,2025-09-23,8,Carabao Cup,h,Home,Southampton,2-1,h 2-1,4357,F. Woodman,Freddie Woodman,freddie_woodman,0.0,0,0,,,https://playerstats.football/premier-league/liverpool/xg
48,1379139,19427508,2025/2026,25/26 27 Sep,2025-09-27,1,Premier League,a,Away,Crystal Palace,2-1,a 2-1,4357,F. Woodman,Freddie Woodman,freddie_woodman,0.0,0,0,,,https://playerstats.football/premier-league/liverpool/xg
47,1396787,19568522,2025/2026,25/26 30 Sep,2025-09-30,5,Champions League,a,Away,Galatasaray,1-0,a 1-0,4357,F. Woodman,Freddie Woodman,freddie_woodman,0.0,0,0,,,https://playerstats.football/premier-league/liverpool/xg
46,1378908,19427519,2025/2026,25/26 04 Oct,2025-10-04,1,Premier League,a,Away,Chelsea,2-1,a 2-1,4357,F. Woodman,Freddie Woodman,freddie_woodman,0.0,0,0,,,https://playerstats.football/premier-league/liverpool/xg
45,1378881,19427529,2025/2026,25/26 19 Oct,2025-10-19,1,Premier League,h,Home,Manchester United,1-2,h 1-2,4357,F. Woodman,Freddie Woodman,freddie_woodman,0.0,0,0,,,https://playerstats.football/premier-league/liverpool/xg
44,1397134,19568510,2025/2026,25/26 22 Oct,2025-10-22,5,Champions League,a,Away,Eintracht Frankfurt,1-5,a 1-5,4357,F. Woodman,Freddie Woodman,freddie_woodman,0.0,0,0,,,https://playerstats.football/premier-league/liverpool/xg
43,1378639,19427539,2025/2026,25/26 25 Oct,2025-10-25,1,Premier League,a,Away,Brentford,3-2,a 3-2,4357,F. Woodman,Freddie Woodman,freddie_woodman,0.0,0,0,,,https://playerstats.football/premier-league/liverpool/xg
42,1290118,19585905,2025/2026,25/26 29 Oct,2025-10-29,8,Carabao Cup,h,Home,Crystal Palace,0-3,h 0-3,4357,F. Woodman,Freddie Woodman,freddie_woodman,0.0,90,1,GK,90' GK,https://playerstats.football/premier-league/liverpool/xg
41,1378744,19427550,2025/2026,25/26 01 Nov,2025-11-01,1,Premier League,h,Home,Aston Villa,2-0,h 2-0,4357,F. Woodman,Freddie Woodman,freddie_woodman,0.0,0,0,,,https://playerstats.football/premier-league/liverpool/xg
40,1397140,19568538,2025/2026,25/26 04 Nov,2025-11-04,5,Champions League,h,Home,Real Madrid,1-0,h 1-0,4357,F. Woodman,Freddie Woodman,freddie_woodman,0.0,0,0,,,https://playerstats.football/premier-league/liverpool/xg
39,1378930,19427561,2025/2026,25/26 09 Nov,2025-11-09,1,Premier League,a,Away,Manchester City,3-0,a 3-0,4357,F. Woodman,Freddie Woodman,freddie_woodman,0.0,0,0,,,https://playerstats.football/premier-league/liverpool/xg
38,1378974,19427572,2025/2026,25/26 22 Nov,2025-11-22,1,Premier League,h,Home,Nottingham Forest,0-3,h 0-3,4357,F. Woodman,Freddie Woodman,freddie_woodman,0.0,0,0,,,https://playerstats.football/premier-league/liverpool/xg
37,1396979,19568540,2025/2026,25/26 26 Nov,2025-11-26,5,Champions League,h,Home,PSV,1-4,h 1-4,4357,F. Woodman,Freddie Woodman,freddie_woodman,0.0,0,0,,,https://playerstats.football/premier-league/liverpool/xg
36,1378854,19427585,2025/2026,25/26 30 Nov,2025-11-30,1,Premier League,a,Away,West Ham United,0-2,a 0-2,4357,F. Woodman,Freddie Woodman,freddie_woodman,0.0,0,0,,,https://playerstats.football/premier-league/liverpool/xg
35,1378637,19427592,2025/2026,25/26 03 Dec,2025-12-03,1,Premier League,h,Home,Sunderland,1-1,h 1-1,4357,F. Woodman,Freddie Woodman,freddie_woodman,0.0,0,0,,,https://playerstats.football/premier-league/liverpool/xg
34,1378928,19427601,2025/2026,25/26 06 Dec,2025-12-06,1,Premier League,a,Away,Leeds United,3-3,a 3-3,4357,F. Woodman,Freddie Woodman,freddie_woodman,0.0,0,0,,,https://playerstats.football/premier-league/liverpool/xg
33,1396884,19568526,2025/2026,25/26 09 Dec,2025-12-09,5,Champions League,a,Away,Inter,0-1,a 0-1,4357,F. Woodman,Freddie Woodman,freddie_woodman,0.0,0,0,,,https://playerstats.football/premier-league/liverpool/xg
32,1378936,19427611,2025/2026,25/26 13 Dec,2025-12-13,1,Premier League,h,Home,Brighton & Hove Albion,2-0,h 2-0,4357,F. Woodman,Freddie Woodman,freddie_woodman,0.0,0,0,,,https://playerstats.football/premier-league/liverpool/xg
31,1378949,19427624,2025/2026,25/26 20 Dec,2025-12-20,1,Premier League,a,Away,Tottenham Hotspur,1-2,a 1-2,4357,F. Woodman,Freddie Woodman,freddie_woodman,0.0,0,0,,,https://playerstats.football/premier-league/liverpool/xg
30,1379105,19427631,2025/2026,25/26 27 Dec,2025-12-27,1,Premier League,h,Home,Wolverhampton Wanderers,2-1,h 2-1,4357,F. Woodman,Freddie Woodman,freddie_woodman,0.0,0,0,,,https://playerstats.football/premier-league/liverpool/xg
29,1378612,19427641,2025/2026,25/26 01 Jan,2026-01-01,1,Premier League,h,Home,Leeds United,0-0,h 0-0,4357,F. Woodman,Freddie Woodman,freddie_woodman,0.0,0,0,,,https://playerstats.football/premier-league/liverpool/xg
28,1379083,19427650,2025/2026,25/26 04 Jan,2026-01-04,1,Premier League,a,Away,Fulham,2-2,a 2-2,4357,F. Woodman,Freddie Woodman,freddie_woodman,0.0,0,0,,,https://playerstats.football/premier-league/liverpool/xg
27,1378873,19427656,2025/2026,25/26 08 Jan,2026-01-08,1,Premier League,a,Away,Arsenal,0-0,a 0-0,4357,F. Woodman,Freddie Woodman,freddie_woodman,0.0,0,0,,,https://playerstats.football/premier-league/liverpool/xg
26,1344436,19615693,2025/2026,25/26 12 Jan,2026-01-12,300,FA Cup,h,Home,Barnsley,4-1,h 4-1,4357,F. Woodman,Freddie Woodman,freddie_woodman,0.0,0,0,,,https://playerstats.football/premier-league/liverpool/xg
25,1378764,19427670,2025/2026,25/26 17 Jan,2026-01-17,1,Premier League,h,Home,Burnley,1-1,h 1-1,4357,F. Woodman,Freddie Woodman,freddie_woodman,0.0,0,0,,,https://playerstats.football/premier-league/liverpool/xg
24,1397227,19568558,2025/2026,25/26 21 Jan,2026-01-21,5,Champions League,a,Away,Olympique Marseille,0-3,a 0-3,4357,F. Woodman,Freddie Woodman,freddie_woodman,0.0,0,0,,,https://playerstats.football/premier-league/liverpool/xg
23,1378641,19427677,2025/2026,25/26 24 Jan,2026-01-24,1,Premier League,a,Away,AFC Bournemouth,3-2,a 3-2,4357,F. Woodman,Freddie Woodman,freddie_woodman,0.0,0,0,,,https://playerstats.football/premier-league/liverpool/xg
22,1396913,19568541,2025/2026,25/26 28 Jan,2026-01-28,5,Champions League,h,Home,Qarabağ,6-0,h 6-0,4357,F. Woodman,Freddie Woodman,freddie_woodman,0.0,0,0,,,https://playerstats.football/premier-league/liverpool/xg
21,1378995,19427690,2025/2026,25/26 31 Jan,2026-01-31,1,Premier League,h,Home,Newcastle United,4-1,h 4-1,4357,F. Woodman,Freddie Woodman,freddie_woodman,0.0,0,0,,,https://playerstats.football/premier-league/liverpool/xg
20,1378700,19427702,2025/2026,25/26 08 Feb,2026-02-08,1,Premier League,h,Home,Manchester City,1-2,h 1-2,4357,F. Woodman,Freddie Woodman,freddie_woodman,0.0,0,0,,,https://playerstats.football/premier-league/liverpool/xg
19,1378607,19427713,2025/2026,25/26 11 Feb,2026-02-11,1,Premier League,a,Away,Sunderland,0-1,a 0-1,4357,F. Woodman,Freddie Woodman,freddie_woodman,0.0,0,0,,,https://playerstats.football/premier-league/liverpool/xg
18,1374766,19645325,2025/2026,25/26 14 Feb,2026-02-14,300,FA Cup,h,Home,Brighton & Hove Albion,3-0,h 3-0,4357,F. Woodman,Freddie Woodman,freddie_woodman,0.0,0,0,,,https://playerstats.football/premier-league/liverpool/xg
17,1398004,19427151,2025/2026,25/26 22 Feb,2026-02-22,1,Premier League,a,Away,Nottingham Forest,0-1,a 0-1,4357,F. Woodman,Freddie Woodman,freddie_woodman,0.0,0,0,,,https://playerstats.football/premier-league/liverpool/xg
16,1405260,19427161,2025/2026,25/26 28 Feb,2026-02-28,1,Premier League,h,Home,West Ham United,5-2,h 5-2,4357,F. Woodman,Freddie Woodman,freddie_woodman,0.0,0,0,,,https://playerstats.football/premier-league/liverpool/xg
15,1407609,19427174,2025/2026,25/26 03 Mar,2026-03-03,1,Premier League,a,Away,Wolverhampton Wanderers,2-1,a 2-1,4357,F. Woodman,Freddie Woodman,freddie_woodman,0.0,0,0,,,https://playerstats.football/premier-league/liverpool/xg
14,1413001,19676918,2025/2026,25/26 06 Mar,2026-03-06,300,FA Cup,a,Away,Wolverhampton Wanderers,1-3,a 1-3,4357,F. Woodman,Freddie Woodman,freddie_woodman,0.0,0,0,,,https://playerstats.football/premier-league/liverpool/xg
13,1415031,19662568,2025/2026,25/26 10 Mar,2026-03-10,5,Champions League,a,Away,Galatasaray,1-0,a 1-0,4357,F. Woodman,Freddie Woodman,freddie_woodman,0.0,0,0,,,https://playerstats.football/premier-league/liverpool/xg
12,1422066,19427180,2025/2026,25/26 15 Mar,2026-03-15,1,Premier League,h,Home,Tottenham Hotspur,1-1,h 1-1,4357,F. Woodman,Freddie Woodman,freddie_woodman,0.0,0,0,,,https://playerstats.football/premier-league/liverpool/xg
11,1426145,19662560,2025/2026,25/26 18 Mar,2026-03-18,5,Champions League,h,Home,Galatasaray,4-0,h 4-0,4357,F. Woodman,Freddie Woodman,freddie_woodman,0.0,0,0,,,https://playerstats.football/premier-league/liverpool/xg
10,1429079,19427187,2025/2026,25/26 21 Mar,2026-03-21,1,Premier League,a,Away,Brighton & Hove Albion,2-1,a 2-1,4357,F. Woodman,Freddie Woodman,freddie_woodman,0.0,0,0,,,https://playerstats.football/premier-league/liverpool/xg
9,1443072,19687560,2025/2026,25/26 04 Apr,2026-04-04,300,FA Cup,a,Away,Manchester City,4-0,a 4-0,4357,F. Woodman,Freddie Woodman,freddie_woodman,0.0,0,0,,,https://playerstats.football/premier-league/liverpool/xg
8,1447863,19683236,2025/2026,25/26 08 Apr,2026-04-08,5,Champions League,a,Away,Paris Saint Germain,2-0,a 2-0,4357,F. Woodman,Freddie Woodman,freddie_woodman,0.0,0,0,,,https://playerstats.football/premier-league/liverpool/xg
7,1451031,19427197,2025/2026,25/26 11 Apr,2026-04-11,1,Premier League,h,Home,Fulham,2-0,h 2-0,4357,F. Woodman,Freddie Woodman,freddie_woodman,0.0,0,0,,,https://playerstats.football/premier-league/liverpool/xg
6,1452845,19683229,2025/2026,25/26 14 Apr,2026-04-14,5,Champions League,h,Home,Paris Saint Germain,0-2,h 0-2,4357,F. Woodman,Freddie Woodman,freddie_woodman,0.0,0,0,,,https://playerstats.football/premier-league/liverpool/xg
5,1458937,19427732,2025/2026,25/26 19 Apr,2026-04-19,1,Premier League,a,Away,Everton,1-2,a 1-2,4357,F. Woodman,Freddie Woodman,freddie_woodman,0.0,32,1,,32',https://playerstats.football/premier-league/liverpool/xg
4,1466441,19427201,2025/2026,25/26 25 Apr,2026-04-25,1,Premier League,h,Home,Crystal Palace,3-1,h 3-1,4357,F. Woodman,Freddie Woodman,freddie_woodman,0.0,90,1,GK,90' GK,https://playerstats.football/premier-league/liverpool/xg
3,1475068,19427213,2025/2026,25/26 03 May,2026-05-03,1,Premier League,a,Away,Manchester United,3-2,a 3-2,4357,F. Woodman,Freddie Woodman,freddie_woodman,0.0,90,1,GK,90' GK,https://playerstats.football/premier-league/liverpool/xg
2,1480645,19427220,2025/2026,25/26 09 May,2026-05-09,1,Premier League,h,Home,Chelsea,1-1,h 1-1,4357,F. Woodman,Freddie Woodman,freddie_woodman,0.0,0,0,,,https://playerstats.football/premier-league/liverpool/xg
1,1487202,19427227,2025/2026,25/26 15 May,2026-05-15,1,Premier League,a,Away,Aston Villa,4-2,a 4-2,4357,F. Woodman,Freddie Woodman,freddie_woodman,0.0,0,0,,,https://playerstats.football/premier-league/liverpool/xg
56,1193039,19464492,2025/2026,25/26 10 Aug,2025-08-10,7,Community Shield,a,Away,Crystal Palace,2-2,a 2-2 P,37685025,G. Leoni,Giovanni Leoni,giovanni_leoni,0.0,0,0,,,https://playerstats.football/premier-league/liverpool/xg
55,1378727,19427455,2025/2026,25/26 15 Aug,2025-08-15,1,Premier League,h,Home,AFC Bournemouth,4-2,h 4-2,37685025,G. Leoni,Giovanni Leoni,giovanni_leoni,0.0,0,0,,,https://playerstats.football/premier-league/liverpool/xg
54,1378725,19427473,2025/2026,25/26 25 Aug,2025-08-25,1,Premier League,a,Away,Newcastle United,2-3,a 2-3,37685025,G. Leoni,Giovanni Leoni,giovanni_leoni,0.0,0,0,,,https://playerstats.football/premier-league/liverpool/xg
53,1378820,19427479,2025/2026,25/26 31 Aug,2025-08-31,1,Premier League,h,Home,Arsenal,1-0,h 1-0,37685025,G. Leoni,Giovanni Leoni,giovanni_leoni,0.0,0,0,,,https://playerstats.football/premier-league/liverpool/xg
52,1378793,19427488,2025/2026,25/26 14 Sep,2025-09-14,1,Premier League,a,Away,Burnley,0-1,a 0-1,37685025,G. Leoni,Giovanni Leoni,giovanni_leoni,0.0,0,0,,,https://playerstats.football/premier-league/liverpool/xg
51,1397014,19568539,2025/2026,25/26 17 Sep,2025-09-17,5,Champions League,h,Home,Atlético Madrid,3-2,h 3-2,37685025,G. Leoni,Giovanni Leoni,giovanni_leoni,0.0,0,0,,,https://playerstats.football/premier-league/liverpool/xg
50,1379121,19427500,2025/2026,25/26 20 Sep,2025-09-20,1,Premier League,h,Home,Everton,2-1,h 2-1,37685025,G. Leoni,Giovanni Leoni,giovanni_leoni,0.0,0,0,,,https://playerstats.football/premier-league/liverpool/xg
49,1218466,19572904,2025/2026,25/26 23 Sep,2025-09-23,8,Carabao Cup,h,Home,Southampton,2-1,h 2-1,37685025,G. Leoni,Giovanni Leoni,giovanni_leoni,0.0,81,1,RCB,81' RCB,https://playerstats.football/premier-league/liverpool/xg
48,1379139,19427508,2025/2026,25/26 27 Sep,2025-09-27,1,Premier League,a,Away,Crystal Palace,2-1,a 2-1,37685025,G. Leoni,Giovanni Leoni,giovanni_leoni,0.0,0,0,,,https://playerstats.football/premier-league/liverpool/xg
47,1396787,19568522,2025/2026,25/26 30 Sep,2025-09-30,5,Champions League,a,Away,Galatasaray,1-0,a 1-0,37685025,G. Leoni,Giovanni Leoni,giovanni_leoni,0.0,0,0,,,https://playerstats.football/premier-league/liverpool/xg
46,1378908,19427519,2025/2026,25/26 04 Oct,2025-10-04,1,Premier League,a,Away,Chelsea,2-1,a 2-1,37685025,G. Leoni,Giovanni Leoni,giovanni_leoni,0.0,0,0,,,https://playerstats.football/premier-league/liverpool/xg
45,1378881,19427529,2025/2026,25/26 19 Oct,2025-10-19,1,Premier League,h,Home,Manchester United,1-2,h 1-2,37685025,G. Leoni,Giovanni Leoni,giovanni_leoni,0.0,0,0,,,https://playerstats.football/premier-league/liverpool/xg
44,1397134,19568510,2025/2026,25/26 22 Oct,2025-10-22,5,Champions League,a,Away,Eintracht Frankfurt,1-5,a 1-5,37685025,G. Leoni,Giovanni Leoni,giovanni_leoni,0.0,0,0,,,https://playerstats.football/premier-league/liverpool/xg
43,1378639,19427539,2025/2026,25/26 25 Oct,2025-10-25,1,Premier League,a,Away,Brentford,3-2,a 3-2,37685025,G. Leoni,Giovanni Leoni,giovanni_leoni,0.0,0,0,,,https://playerstats.football/premier-league/liverpool/xg
42,1290118,19585905,2025/2026,25/26 29 Oct,2025-10-29,8,Carabao Cup,h,Home,Crystal Palace,0-3,h 0-3,37685025,G. Leoni,Giovanni Leoni,giovanni_leoni,0.0,0,0,,,https://playerstats.football/premier-league/liverpool/xg
41,1378744,19427550,2025/2026,25/26 01 Nov,2025-11-01,1,Premier League,h,Home,Aston Villa,2-0,h 2-0,37685025,G. Leoni,Giovanni Leoni,giovanni_leoni,0.0,0,0,,,https://playerstats.football/premier-league/liverpool/xg
40,1397140,19568538,2025/2026,25/26 04 Nov,2025-11-04,5,Champions League,h,Home,Real Madrid,1-0,h 1-0,37685025,G. Leoni,Giovanni Leoni,giovanni_leoni,0.0,0,0,,,https://playerstats.football/premier-league/liverpool/xg
39,1378930,19427561,2025/2026,25/26 09 Nov,2025-11-09,1,Premier League,a,Away,Manchester City,3-0,a 3-0,37685025,G. Leoni,Giovanni Leoni,giovanni_leoni,0.0,0,0,,,https://playerstats.football/premier-league/liverpool/xg
38,1378974,19427572,2025/2026,25/26 22 Nov,2025-11-22,1,Premier League,h,Home,Nottingham Forest,0-3,h 0-3,37685025,G. Leoni,Giovanni Leoni,giovanni_leoni,0.0,0,0,,,https://playerstats.football/premier-league/liverpool/xg
37,1396979,19568540,2025/2026,25/26 26 Nov,2025-11-26,5,Champions League,h,Home,PSV,1-4,h 1-4,37685025,G. Leoni,Giovanni Leoni,giovanni_leoni,0.0,0,0,,,https://playerstats.football/premier-league/liverpool/xg
36,1378854,19427585,2025/2026,25/26 30 Nov,2025-11-30,1,Premier League,a,Away,West Ham United,0-2,a 0-2,37685025,G. Leoni,Giovanni Leoni,giovanni_leoni,0.0,0,0,,,https://playerstats.football/premier-league/liverpool/xg
35,1378637,19427592,2025/2026,25/26 03 Dec,2025-12-03,1,Premier League,h,Home,Sunderland,1-1,h 1-1,37685025,G. Leoni,Giovanni Leoni,giovanni_leoni,0.0,0,0,,,https://playerstats.football/premier-league/liverpool/xg
34,1378928,19427601,2025/2026,25/26 06 Dec,2025-12-06,1,Premier League,a,Away,Leeds United,3-3,a 3-3,37685025,G. Leoni,Giovanni Leoni,giovanni_leoni,0.0,0,0,,,https://playerstats.football/premier-league/liverpool/xg
33,1396884,19568526,2025/2026,25/26 09 Dec,2025-12-09,5,Champions League,a,Away,Inter,0-1,a 0-1,37685025,G. Leoni,Giovanni Leoni,giovanni_leoni,0.0,0,0,,,https://playerstats.football/premier-league/liverpool/xg
32,1378936,19427611,2025/2026,25/26 13 Dec,2025-12-13,1,Premier League,h,Home,Brighton & Hove Albion,2-0,h 2-0,37685025,G. Leoni,Giovanni Leoni,giovanni_leoni,0.0,0,0,,,https://playerstats.football/premier-league/liverpool/xg
31,1378949,19427624,2025/2026,25/26 20 Dec,2025-12-20,1,Premier League,a,Away,Tottenham Hotspur,1-2,a 1-2,37685025,G. Leoni,Giovanni Leoni,giovanni_leoni,0.0,0,0,,,https://playerstats.football/premier-league/liverpool/xg
30,1379105,19427631,2025/2026,25/26 27 Dec,2025-12-27,1,Premier League,h,Home,Wolverhampton Wanderers,2-1,h 2-1,37685025,G. Leoni,Giovanni Leoni,giovanni_leoni,0.0,0,0,,,https://playerstats.football/premier-league/liverpool/xg
29,1378612,19427641,2025/2026,25/26 01 Jan,2026-01-01,1,Premier League,h,Home,Leeds United,0-0,h 0-0,37685025,G. Leoni,Giovanni Leoni,giovanni_leoni,0.0,0,0,,,https://playerstats.football/premier-league/liverpool/xg
28,1379083,19427650,2025/2026,25/26 04 Jan,2026-01-04,1,Premier League,a,Away,Fulham,2-2,a 2-2,37685025,G. Leoni,Giovanni Leoni,giovanni_leoni,0.0,0,0,,,https://playerstats.football/premier-league/liverpool/xg
27,1378873,19427656,2025/2026,25/26 08 Jan,2026-01-08,1,Premier League,a,Away,Arsenal,0-0,a 0-0,37685025,G. Leoni,Giovanni Leoni,giovanni_leoni,0.0,0,0,,,https://playerstats.football/premier-league/liverpool/xg
26,1344436,19615693,2025/2026,25/26 12 Jan,2026-01-12,300,FA Cup,h,Home,Barnsley,4-1,h 4-1,37685025,G. Leoni,Giovanni Leoni,giovanni_leoni,0.0,0,0,,,https://playerstats.football/premier-league/liverpool/xg
25,1378764,19427670,2025/2026,25/26 17 Jan,2026-01-17,1,Premier League,h,Home,Burnley,1-1,h 1-1,37685025,G. Leoni,Giovanni Leoni,giovanni_leoni,0.0,0,0,,,https://playerstats.football/premier-league/liverpool/xg
24,1397227,19568558,2025/2026,25/26 21 Jan,2026-01-21,5,Champions League,a,Away,Olympique Marseille,0-3,a 0-3,37685025,G. Leoni,Giovanni Leoni,giovanni_leoni,0.0,0,0,,,https://playerstats.football/premier-league/liverpool/xg
23,1378641,19427677,2025/2026,25/26 24 Jan,2026-01-24,1,Premier League,a,Away,AFC Bournemouth,3-2,a 3-2,37685025,G. Leoni,Giovanni Leoni,giovanni_leoni,0.0,0,0,,,https://playerstats.football/premier-league/liverpool/xg
22,1396913,19568541,2025/2026,25/26 28 Jan,2026-01-28,5,Champions League,h,Home,Qarabağ,6-0,h 6-0,37685025,G. Leoni,Giovanni Leoni,giovanni_leoni,0.0,0,0,,,https://playerstats.football/premier-league/liverpool/xg
21,1378995,19427690,2025/2026,25/26 31 Jan,2026-01-31,1,Premier League,h,Home,Newcastle United,4-1,h 4-1,37685025,G. Leoni,Giovanni Leoni,giovanni_leoni,0.0,0,0,,,https://playerstats.football/premier-league/liverpool/xg
20,1378700,19427702,2025/2026,25/26 08 Feb,2026-02-08,1,Premier League,h,Home,Manchester City,1-2,h 1-2,37685025,G. Leoni,Giovanni Leoni,giovanni_leoni,0.0,0,0,,,https://playerstats.football/premier-league/liverpool/xg
19,1378607,19427713,2025/2026,25/26 11 Feb,2026-02-11,1,Premier League,a,Away,Sunderland,0-1,a 0-1,37685025,G. Leoni,Giovanni Leoni,giovanni_leoni,0.0,0,0,,,https://playerstats.football/premier-league/liverpool/xg
18,1374766,19645325,2025/2026,25/26 14 Feb,2026-02-14,300,FA Cup,h,Home,Brighton & Hove Albion,3-0,h 3-0,37685025,G. Leoni,Giovanni Leoni,giovanni_leoni,0.0,0,0,,,https://playerstats.football/premier-league/liverpool/xg
17,1398004,19427151,2025/2026,25/26 22 Feb,2026-02-22,1,Premier League,a,Away,Nottingham Forest,0-1,a 0-1,37685025,G. Leoni,Giovanni Leoni,giovanni_leoni,0.0,0,0,,,https://playerstats.football/premier-league/liverpool/xg
16,1405260,19427161,2025/2026,25/26 28 Feb,2026-02-28,1,Premier League,h,Home,West Ham United,5-2,h 5-2,37685025,G. Leoni,Giovanni Leoni,giovanni_leoni,0.0,0,0,,,https://playerstats.football/premier-league/liverpool/xg
15,1407609,19427174,2025/2026,25/26 03 Mar,2026-03-03,1,Premier League,a,Away,Wolverhampton Wanderers,2-1,a 2-1,37685025,G. Leoni,Giovanni Leoni,giovanni_leoni,0.0,0,0,,,https://playerstats.football/premier-league/liverpool/xg
14,1413001,19676918,2025/2026,25/26 06 Mar,2026-03-06,300,FA Cup,a,Away,Wolverhampton Wanderers,1-3,a 1-3,37685025,G. Leoni,Giovanni Leoni,giovanni_leoni,0.0,0,0,,,https://playerstats.football/premier-league/liverpool/xg
13,1415031,19662568,2025/2026,25/26 10 Mar,2026-03-10,5,Champions League,a,Away,Galatasaray,1-0,a 1-0,37685025,G. Leoni,Giovanni Leoni,giovanni_leoni,0.0,0,0,,,https://playerstats.football/premier-league/liverpool/xg
12,1422066,19427180,2025/2026,25/26 15 Mar,2026-03-15,1,Premier League,h,Home,Tottenham Hotspur,1-1,h 1-1,37685025,G. Leoni,Giovanni Leoni,giovanni_leoni,0.0,0,0,,,https://playerstats.football/premier-league/liverpool/xg
11,1426145,19662560,2025/2026,25/26 18 Mar,2026-03-18,5,Champions League,h,Home,Galatasaray,4-0,h 4-0,37685025,G. Leoni,Giovanni Leoni,giovanni_leoni,0.0,0,0,,,https://playerstats.football/premier-league/liverpool/xg
10,1429079,19427187,2025/2026,25/26 21 Mar,2026-03-21,1,Premier League,a,Away,Brighton & Hove Albion,2-1,a 2-1,37685025,G. Leoni,Giovanni Leoni,giovanni_leoni,0.0,0,0,,,https://playerstats.football/premier-league/liverpool/xg
9,1443072,19687560,2025/2026,25/26 04 Apr,2026-04-04,300,FA Cup,a,Away,Manchester City,4-0,a 4-0,37685025,G. Leoni,Giovanni Leoni,giovanni_leoni,0.0,0,0,,,https://playerstats.football/premier-league/liverpool/xg
8,1447863,19683236,2025/2026,25/26 08 Apr,2026-04-08,5,Champions League,a,Away,Paris Saint Germain,2-0,a 2-0,37685025,G. Leoni,Giovanni Leoni,giovanni_leoni,0.0,0,0,,,https://playerstats.football/premier-league/liverpool/xg
7,1451031,19427197,2025/2026,25/26 11 Apr,2026-04-11,1,Premier League,h,Home,Fulham,2-0,h 2-0,37685025,G. Leoni,Giovanni Leoni,giovanni_leoni,0.0,0,0,,,https://playerstats.football/premier-league/liverpool/xg
6,1452845,19683229,2025/2026,25/26 14 Apr,2026-04-14,5,Champions League,h,Home,Paris Saint Germain,0-2,h 0-2,37685025,G. Leoni,Giovanni Leoni,giovanni_leoni,0.0,0,0,,,https://playerstats.football/premier-league/liverpool/xg
5,1458937,19427732,2025/2026,25/26 19 Apr,2026-04-19,1,Premier League,a,Away,Everton,1-2,a 1-2,37685025,G. Leoni,Giovanni Leoni,giovanni_leoni,0.0,0,0,,,https://playerstats.football/premier-league/liverpool/xg
4,1466441,19427201,2025/2026,25/26 25 Apr,2026-04-25,1,Premier League,h,Home,Crystal Palace,3-1,h 3-1,37685025,G. Leoni,Giovanni Leoni,giovanni_leoni,0.0,0,0,,,https://playerstats.football/premier-league/liverpool/xg
3,1475068,19427213,2025/2026,25/26 03 May,2026-05-03,1,Premier League,a,Away,Manchester United,3-2,a 3-2,37685025,G. Leoni,Giovanni Leoni,giovanni_leoni,0.0,0,0,,,https://playerstats.football/premier-league/liverpool/xg
2,1480645,19427220,2025/2026,25/26 09 May,2026-05-09,1,Premier League,h,Home,Chelsea,1-1,h 1-1,37685025,G. Leoni,Giovanni Leoni,giovanni_leoni,0.0,0,0,,,https://playerstats.football/premier-league/liverpool/xg
1,1487202,19427227,2025/2026,25/26 15 May,2026-05-15,1,Premier League,a,Away,Aston Villa,4-2,a 4-2,37685025,G. Leoni,Giovanni Leoni,giovanni_leoni,0.0,0,0,,,https://playerstats.football/premier-league/liverpool/xg
56,1193039,19464492,2025/2026,25/26 10 Aug,2025-08-10,7,Community Shield,a,Away,Crystal Palace,2-2,a 2-2 P,14685650,G. Mamardashvili,Giorgi Mamardashvili,giorgi_mamardashvili,0.0,0,0,,,https://playerstats.football/premier-league/liverpool/xg
55,1378727,19427455,2025/2026,25/26 15 Aug,2025-08-15,1,Premier League,h,Home,AFC Bournemouth,4-2,h 4-2,14685650,G. Mamardashvili,Giorgi Mamardashvili,giorgi_mamardashvili,0.0,0,0,,,https://playerstats.football/premier-league/liverpool/xg
54,1378725,19427473,2025/2026,25/26 25 Aug,2025-08-25,1,Premier League,a,Away,Newcastle United,2-3,a 2-3,14685650,G. Mamardashvili,Giorgi Mamardashvili,giorgi_mamardashvili,0.0,0,0,,,https://playerstats.football/premier-league/liverpool/xg
53,1378820,19427479,2025/2026,25/26 31 Aug,2025-08-31,1,Premier League,h,Home,Arsenal,1-0,h 1-0,14685650,G. Mamardashvili,Giorgi Mamardashvili,giorgi_mamardashvili,0.0,0,0,,,https://playerstats.football/premier-league/liverpool/xg
52,1378793,19427488,2025/2026,25/26 14 Sep,2025-09-14,1,Premier League,a,Away,Burnley,0-1,a 0-1,14685650,G. Mamardashvili,Giorgi Mamardashvili,giorgi_mamardashvili,0.0,0,0,,,https://playerstats.football/premier-league/liverpool/xg
51,1397014,19568539,2025/2026,25/26 17 Sep,2025-09-17,5,Champions League,h,Home,Atlético Madrid,3-2,h 3-2,14685650,G. Mamardashvili,Giorgi Mamardashvili,giorgi_mamardashvili,0.0,0,0,,,https://playerstats.football/premier-league/liverpool/xg
50,1379121,19427500,2025/2026,25/26 20 Sep,2025-09-20,1,Premier League,h,Home,Everton,2-1,h 2-1,14685650,G. Mamardashvili,Giorgi Mamardashvili,giorgi_mamardashvili,0.0,0,0,,,https://playerstats.football/premier-league/liverpool/xg
49,1218466,19572904,2025/2026,25/26 23 Sep,2025-09-23,8,Carabao Cup,h,Home,Southampton,2-1,h 2-1,14685650,G. Mamardashvili,Giorgi Mamardashvili,giorgi_mamardashvili,0.0,90,1,GK,90' GK,https://playerstats.football/premier-league/liverpool/xg
48,1379139,19427508,2025/2026,25/26 27 Sep,2025-09-27,1,Premier League,a,Away,Crystal Palace,2-1,a 2-1,14685650,G. Mamardashvili,Giorgi Mamardashvili,giorgi_mamardashvili,0.0,0,0,,,https://playerstats.football/premier-league/liverpool/xg
47,1396787,19568522,2025/2026,25/26 30 Sep,2025-09-30,5,Champions League,a,Away,Galatasaray,1-0,a 1-0,14685650,G. Mamardashvili,Giorgi Mamardashvili,giorgi_mamardashvili,0.0,34,1,,34',https://playerstats.football/premier-league/liverpool/xg
46,1378908,19427519,2025/2026,25/26 04 Oct,2025-10-04,1,Premier League,a,Away,Chelsea,2-1,a 2-1,14685650,G. Mamardashvili,Giorgi Mamardashvili,giorgi_mamardashvili,0.0,90,1,GK,90' GK,https://playerstats.football/premier-league/liverpool/xg
45,1378881,19427529,2025/2026,25/26 19 Oct,2025-10-19,1,Premier League,h,Home,Manchester United,1-2,h 1-2,14685650,G. Mamardashvili,Giorgi Mamardashvili,giorgi_mamardashvili,0.0,90,1,GK,90' GK,https://playerstats.football/premier-league/liverpool/xg
44,1397134,19568510,2025/2026,25/26 22 Oct,2025-10-22,5,Champions League,a,Away,Eintracht Frankfurt,1-5,a 1-5,14685650,G. Mamardashvili,Giorgi Mamardashvili,giorgi_mamardashvili,0.0,90,1,GK,90' GK,https://playerstats.football/premier-league/liverpool/xg
43,1378639,19427539,2025/2026,25/26 25 Oct,2025-10-25,1,Premier League,a,Away,Brentford,3-2,a 3-2,14685650,G. Mamardashvili,Giorgi Mamardashvili,giorgi_mamardashvili,0.0,90,1,GK,90' GK,https://playerstats.football/premier-league/liverpool/xg
42,1290118,19585905,2025/2026,25/26 29 Oct,2025-10-29,8,Carabao Cup,h,Home,Crystal Palace,0-3,h 0-3,14685650,G. Mamardashvili,Giorgi Mamardashvili,giorgi_mamardashvili,0.0,0,0,,,https://playerstats.football/premier-league/liverpool/xg
41,1378744,19427550,2025/2026,25/26 01 Nov,2025-11-01,1,Premier League,h,Home,Aston Villa,2-0,h 2-0,14685650,G. Mamardashvili,Giorgi Mamardashvili,giorgi_mamardashvili,0.0,90,1,GK,90' GK,https://playerstats.football/premier-league/liverpool/xg
40,1397140,19568538,2025/2026,25/26 04 Nov,2025-11-04,5,Champions League,h,Home,Real Madrid,1-0,h 1-0,14685650,G. Mamardashvili,Giorgi Mamardashvili,giorgi_mamardashvili,0.0,90,1,GK,90' GK,https://playerstats.football/premier-league/liverpool/xg
39,1378930,19427561,2025/2026,25/26 09 Nov,2025-11-09,1,Premier League,a,Away,Manchester City,3-0,a 3-0,14685650,G. Mamardashvili,Giorgi Mamardashvili,giorgi_mamardashvili,0.0,90,1,GK,90' GK,https://playerstats.football/premier-league/liverpool/xg
38,1378974,19427572,2025/2026,25/26 22 Nov,2025-11-22,1,Premier League,h,Home,Nottingham Forest,0-3,h 0-3,14685650,G. Mamardashvili,Giorgi Mamardashvili,giorgi_mamardashvili,0.0,0,0,,,https://playerstats.football/premier-league/liverpool/xg
37,1396979,19568540,2025/2026,25/26 26 Nov,2025-11-26,5,Champions League,h,Home,PSV,1-4,h 1-4,14685650,G. Mamardashvili,Giorgi Mamardashvili,giorgi_mamardashvili,0.0,90,1,GK,90' GK,https://playerstats.football/premier-league/liverpool/xg
36,1378854,19427585,2025/2026,25/26 30 Nov,2025-11-30,1,Premier League,a,Away,West Ham United,0-2,a 0-2,14685650,G. Mamardashvili,Giorgi Mamardashvili,giorgi_mamardashvili,0.0,0,0,,,https://playerstats.football/premier-league/liverpool/xg
35,1378637,19427592,2025/2026,25/26 03 Dec,2025-12-03,1,Premier League,h,Home,Sunderland,1-1,h 1-1,14685650,G. Mamardashvili,Giorgi Mamardashvili,giorgi_mamardashvili,0.0,0,0,,,https://playerstats.football/premier-league/liverpool/xg
34,1378928,19427601,2025/2026,25/26 06 Dec,2025-12-06,1,Premier League,a,Away,Leeds United,3-3,a 3-3,14685650,G. Mamardashvili,Giorgi Mamardashvili,giorgi_mamardashvili,0.0,0,0,,,https://playerstats.football/premier-league/liverpool/xg
33,1396884,19568526,2025/2026,25/26 09 Dec,2025-12-09,5,Champions League,a,Away,Inter,0-1,a 0-1,14685650,G. Mamardashvili,Giorgi Mamardashvili,giorgi_mamardashvili,0.0,0,0,,,https://playerstats.football/premier-league/liverpool/xg
32,1378936,19427611,2025/2026,25/26 13 Dec,2025-12-13,1,Premier League,h,Home,Brighton & Hove Albion,2-0,h 2-0,14685650,G. Mamardashvili,Giorgi Mamardashvili,giorgi_mamardashvili,0.0,0,0,,,https://playerstats.football/premier-league/liverpool/xg
31,1378949,19427624,2025/2026,25/26 20 Dec,2025-12-20,1,Premier League,a,Away,Tottenham Hotspur,1-2,a 1-2,14685650,G. Mamardashvili,Giorgi Mamardashvili,giorgi_mamardashvili,0.0,0,0,,,https://playerstats.football/premier-league/liverpool/xg
30,1379105,19427631,2025/2026,25/26 27 Dec,2025-12-27,1,Premier League,h,Home,Wolverhampton Wanderers,2-1,h 2-1,14685650,G. Mamardashvili,Giorgi Mamardashvili,giorgi_mamardashvili,0.0,0,0,,,https://playerstats.football/premier-league/liverpool/xg
29,1378612,19427641,2025/2026,25/26 01 Jan,2026-01-01,1,Premier League,h,Home,Leeds United,0-0,h 0-0,14685650,G. Mamardashvili,Giorgi Mamardashvili,giorgi_mamardashvili,0.0,0,0,,,https://playerstats.football/premier-league/liverpool/xg
28,1379083,19427650,2025/2026,25/26 04 Jan,2026-01-04,1,Premier League,a,Away,Fulham,2-2,a 2-2,14685650,G. Mamardashvili,Giorgi Mamardashvili,giorgi_mamardashvili,0.0,0,0,,,https://playerstats.football/premier-league/liverpool/xg
27,1378873,19427656,2025/2026,25/26 08 Jan,2026-01-08,1,Premier League,a,Away,Arsenal,0-0,a 0-0,14685650,G. Mamardashvili,Giorgi Mamardashvili,giorgi_mamardashvili,0.0,0,0,,,https://playerstats.football/premier-league/liverpool/xg
26,1344436,19615693,2025/2026,25/26 12 Jan,2026-01-12,300,FA Cup,h,Home,Barnsley,4-1,h 4-1,14685650,G. Mamardashvili,Giorgi Mamardashvili,giorgi_mamardashvili,0.0,90,1,GK,90' GK,https://playerstats.football/premier-league/liverpool/xg
25,1378764,19427670,2025/2026,25/26 17 Jan,2026-01-17,1,Premier League,h,Home,Burnley,1-1,h 1-1,14685650,G. Mamardashvili,Giorgi Mamardashvili,giorgi_mamardashvili,0.0,0,0,,,https://playerstats.football/premier-league/liverpool/xg
24,1397227,19568558,2025/2026,25/26 21 Jan,2026-01-21,5,Champions League,a,Away,Olympique Marseille,0-3,a 0-3,14685650,G. Mamardashvili,Giorgi Mamardashvili,giorgi_mamardashvili,0.0,0,0,,,https://playerstats.football/premier-league/liverpool/xg
23,1378641,19427677,2025/2026,25/26 24 Jan,2026-01-24,1,Premier League,a,Away,AFC Bournemouth,3-2,a 3-2,14685650,G. Mamardashvili,Giorgi Mamardashvili,giorgi_mamardashvili,0.0,0,0,,,https://playerstats.football/premier-league/liverpool/xg
22,1396913,19568541,2025/2026,25/26 28 Jan,2026-01-28,5,Champions League,h,Home,Qarabağ,6-0,h 6-0,14685650,G. Mamardashvili,Giorgi Mamardashvili,giorgi_mamardashvili,0.0,0,0,,,https://playerstats.football/premier-league/liverpool/xg
21,1378995,19427690,2025/2026,25/26 31 Jan,2026-01-31,1,Premier League,h,Home,Newcastle United,4-1,h 4-1,14685650,G. Mamardashvili,Giorgi Mamardashvili,giorgi_mamardashvili,0.0,0,0,,,https://playerstats.football/premier-league/liverpool/xg
20,1378700,19427702,2025/2026,25/26 08 Feb,2026-02-08,1,Premier League,h,Home,Manchester City,1-2,h 1-2,14685650,G. Mamardashvili,Giorgi Mamardashvili,giorgi_mamardashvili,0.0,0,0,,,https://playerstats.football/premier-league/liverpool/xg
19,1378607,19427713,2025/2026,25/26 11 Feb,2026-02-11,1,Premier League,a,Away,Sunderland,0-1,a 0-1,14685650,G. Mamardashvili,Giorgi Mamardashvili,giorgi_mamardashvili,0.0,0,0,,,https://playerstats.football/premier-league/liverpool/xg
18,1374766,19645325,2025/2026,25/26 14 Feb,2026-02-14,300,FA Cup,h,Home,Brighton & Hove Albion,3-0,h 3-0,14685650,G. Mamardashvili,Giorgi Mamardashvili,giorgi_mamardashvili,0.0,0,0,,,https://playerstats.football/premier-league/liverpool/xg
17,1398004,19427151,2025/2026,25/26 22 Feb,2026-02-22,1,Premier League,a,Away,Nottingham Forest,0-1,a 0-1,14685650,G. Mamardashvili,Giorgi Mamardashvili,giorgi_mamardashvili,0.0,0,0,,,https://playerstats.football/premier-league/liverpool/xg
16,1405260,19427161,2025/2026,25/26 28 Feb,2026-02-28,1,Premier League,h,Home,West Ham United,5-2,h 5-2,14685650,G. Mamardashvili,Giorgi Mamardashvili,giorgi_mamardashvili,0.0,0,0,,,https://playerstats.football/premier-league/liverpool/xg
15,1407609,19427174,2025/2026,25/26 03 Mar,2026-03-03,1,Premier League,a,Away,Wolverhampton Wanderers,2-1,a 2-1,14685650,G. Mamardashvili,Giorgi Mamardashvili,giorgi_mamardashvili,0.0,0,0,,,https://playerstats.football/premier-league/liverpool/xg
14,1413001,19676918,2025/2026,25/26 06 Mar,2026-03-06,300,FA Cup,a,Away,Wolverhampton Wanderers,1-3,a 1-3,14685650,G. Mamardashvili,Giorgi Mamardashvili,giorgi_mamardashvili,0.0,0,0,,,https://playerstats.football/premier-league/liverpool/xg
13,1415031,19662568,2025/2026,25/26 10 Mar,2026-03-10,5,Champions League,a,Away,Galatasaray,1-0,a 1-0,14685650,G. Mamardashvili,Giorgi Mamardashvili,giorgi_mamardashvili,0.0,90,1,GK,90' GK,https://playerstats.football/premier-league/liverpool/xg
12,1422066,19427180,2025/2026,25/26 15 Mar,2026-03-15,1,Premier League,h,Home,Tottenham Hotspur,1-1,h 1-1,14685650,G. Mamardashvili,Giorgi Mamardashvili,giorgi_mamardashvili,0.0,0,0,,,https://playerstats.football/premier-league/liverpool/xg
11,1426145,19662560,2025/2026,25/26 18 Mar,2026-03-18,5,Champions League,h,Home,Galatasaray,4-0,h 4-0,14685650,G. Mamardashvili,Giorgi Mamardashvili,giorgi_mamardashvili,0.0,0,0,,,https://playerstats.football/premier-league/liverpool/xg
10,1429079,19427187,2025/2026,25/26 21 Mar,2026-03-21,1,Premier League,a,Away,Brighton & Hove Albion,2-1,a 2-1,14685650,G. Mamardashvili,Giorgi Mamardashvili,giorgi_mamardashvili,0.0,90,1,GK,90' GK,https://playerstats.football/premier-league/liverpool/xg
9,1443072,19687560,2025/2026,25/26 04 Apr,2026-04-04,300,FA Cup,a,Away,Manchester City,4-0,a 4-0,14685650,G. Mamardashvili,Giorgi Mamardashvili,giorgi_mamardashvili,0.0,90,1,GK,90' GK,https://playerstats.football/premier-league/liverpool/xg
8,1447863,19683236,2025/2026,25/26 08 Apr,2026-04-08,5,Champions League,a,Away,Paris Saint Germain,2-0,a 2-0,14685650,G. Mamardashvili,Giorgi Mamardashvili,giorgi_mamardashvili,0.0,90,1,GK,90' GK,https://playerstats.football/premier-league/liverpool/xg
7,1451031,19427197,2025/2026,25/26 11 Apr,2026-04-11,1,Premier League,h,Home,Fulham,2-0,h 2-0,14685650,G. Mamardashvili,Giorgi Mamardashvili,giorgi_mamardashvili,0.0,90,1,GK,90' GK,https://playerstats.football/premier-league/liverpool/xg
6,1452845,19683229,2025/2026,25/26 14 Apr,2026-04-14,5,Champions League,h,Home,Paris Saint Germain,0-2,h 0-2,14685650,G. Mamardashvili,Giorgi Mamardashvili,giorgi_mamardashvili,0.0,90,1,GK,90' GK,https://playerstats.football/premier-league/liverpool/xg
5,1458937,19427732,2025/2026,25/26 19 Apr,2026-04-19,1,Premier League,a,Away,Everton,1-2,a 1-2,14685650,G. Mamardashvili,Giorgi Mamardashvili,giorgi_mamardashvili,0.0,58,1,GK,58' GK,https://playerstats.football/premier-league/liverpool/xg
4,1466441,19427201,2025/2026,25/26 25 Apr,2026-04-25,1,Premier League,h,Home,Crystal Palace,3-1,h 3-1,14685650,G. Mamardashvili,Giorgi Mamardashvili,giorgi_mamardashvili,0.0,0,0,,,https://playerstats.football/premier-league/liverpool/xg
3,1475068,19427213,2025/2026,25/26 03 May,2026-05-03,1,Premier League,a,Away,Manchester United,3-2,a 3-2,14685650,G. Mamardashvili,Giorgi Mamardashvili,giorgi_mamardashvili,0.0,0,0,,,https://playerstats.football/premier-league/liverpool/xg
2,1480645,19427220,2025/2026,25/26 09 May,2026-05-09,1,Premier League,h,Home,Chelsea,1-1,h 1-1,14685650,G. Mamardashvili,Giorgi Mamardashvili,giorgi_mamardashvili,0.0,90,1,GK,90' GK,https://playerstats.football/premier-league/liverpool/xg
1,1487202,19427227,2025/2026,25/26 15 May,2026-05-15,1,Premier League,a,Away,Aston Villa,4-2,a 4-2,14685650,G. Mamardashvili,Giorgi Mamardashvili,giorgi_mamardashvili,0.0,90,1,GK,90' GK,https://playerstats.football/premier-league/liverpool/xg
56,1193039,19464492,2025/2026,25/26 10 Aug,2025-08-10,7,Community Shield,a,Away,Crystal Palace,2-2,a 2-2 P,37288979,H. Ekitiké,Hugo Ekitiké,hugo_ekitike,0.0,71,1,ST,71' ST,https://playerstats.football/premier-league/liverpool/xg
55,1378727,19427455,2025/2026,25/26 15 Aug,2025-08-15,1,Premier League,h,Home,AFC Bournemouth,4-2,h 4-2,37288979,H. Ekitiké,Hugo Ekitiké,hugo_ekitike,0.78,72,1,ST,0.78 72' ST,https://playerstats.football/premier-league/liverpool/xg
54,1378725,19427473,2025/2026,25/26 25 Aug,2025-08-25,1,Premier League,a,Away,Newcastle United,2-3,a 2-3,37288979,H. Ekitiké,Hugo Ekitiké,hugo_ekitike,0.09,80,1,ST,0.09 80' ST,https://playerstats.football/premier-league/liverpool/xg
53,1378820,19427479,2025/2026,25/26 31 Aug,2025-08-31,1,Premier League,h,Home,Arsenal,1-0,h 1-0,37288979,H. Ekitiké,Hugo Ekitiké,hugo_ekitike,0.0,79,1,ST,79' 0.25 +0.25 F. Chiesa ST,https://playerstats.football/premier-league/liverpool/xg
52,1378793,19427488,2025/2026,25/26 14 Sep,2025-09-14,1,Premier League,a,Away,Burnley,0-1,a 0-1,37288979,H. Ekitiké,Hugo Ekitiké,hugo_ekitike,0.16,72,1,ST,0.16 72' 0.26 +0.10 F. Chiesa ST,https://playerstats.football/premier-league/liverpool/xg
51,1397014,19568539,2025/2026,25/26 17 Sep,2025-09-17,5,Champions League,h,Home,Atlético Madrid,3-2,h 3-2,37288979,H. Ekitiké,Hugo Ekitiké,hugo_ekitike,1.46,32,1,,1.46 32',https://playerstats.football/premier-league/liverpool/xg
50,1379121,19427500,2025/2026,25/26 20 Sep,2025-09-20,1,Premier League,h,Home,Everton,2-1,h 2-1,37288979,H. Ekitiké,Hugo Ekitiké,hugo_ekitike,0.21,67,1,ST,0.21 67' ST,https://playerstats.football/premier-league/liverpool/xg
49,1218466,19572904,2025/2026,25/26 23 Sep,2025-09-23,8,Carabao Cup,h,Home,Southampton,2-1,h 2-1,37288979,H. Ekitiké,Hugo Ekitiké,hugo_ekitike,0.55,40,1,,0.55 40',https://playerstats.football/premier-league/liverpool/xg
48,1379139,19427508,2025/2026,25/26 27 Sep,2025-09-27,1,Premier League,a,Away,Crystal Palace,2-1,a 2-1,37288979,H. Ekitiké,Hugo Ekitiké,hugo_ekitike,0.0,0,0,,,https://playerstats.football/premier-league/liverpool/xg
47,1396787,19568522,2025/2026,25/26 30 Sep,2025-09-30,5,Champions League,a,Away,Galatasaray,1-0,a 1-0,37288979,H. Ekitiké,Hugo Ekitiké,hugo_ekitike,0.37,68,1,ST,0.37 68' 0.42 +0.05 A. Mac Allister ST,https://playerstats.football/premier-league/liverpool/xg
46,1378908,19427519,2025/2026,25/26 04 Oct,2025-10-04,1,Premier League,a,Away,Chelsea,2-1,a 2-1,37288979,H. Ekitiké,Hugo Ekitiké,hugo_ekitike,0.13,16,1,,0.13 16',https://playerstats.football/premier-league/liverpool/xg
45,1378881,19427529,2025/2026,25/26 19 Oct,2025-10-19,1,Premier League,h,Home,Manchester United,1-2,h 1-2,37288979,H. Ekitiké,Hugo Ekitiké,hugo_ekitike,0.1,28,1,,0.10 28',https://playerstats.football/premier-league/liverpool/xg
44,1397134,19568510,2025/2026,25/26 22 Oct,2025-10-22,5,Champions League,a,Away,Eintracht Frankfurt,1-5,a 1-5,37288979,H. Ekitiké,Hugo Ekitiké,hugo_ekitike,0.39,75,1,ST,0.39 75' 0.78 +0.39 M. Salah ST,https://playerstats.football/premier-league/liverpool/xg
43,1378639,19427539,2025/2026,25/26 25 Oct,2025-10-25,1,Premier League,a,Away,Brentford,3-2,a 3-2,37288979,H. Ekitiké,Hugo Ekitiké,hugo_ekitike,0.37,90,1,ST,0.37 90' ST,https://playerstats.football/premier-league/liverpool/xg
42,1290118,19585905,2025/2026,25/26 29 Oct,2025-10-29,8,Carabao Cup,h,Home,Crystal Palace,0-3,h 0-3,37288979,H. Ekitiké,Hugo Ekitiké,hugo_ekitike,0.0,0,0,,,https://playerstats.football/premier-league/liverpool/xg
41,1378744,19427550,2025/2026,25/26 01 Nov,2025-11-01,1,Premier League,h,Home,Aston Villa,2-0,h 2-0,37288979,H. Ekitiké,Hugo Ekitiké,hugo_ekitike,0.0,77,1,ST,77' ST,https://playerstats.football/premier-league/liverpool/xg
40,1397140,19568538,2025/2026,25/26 04 Nov,2025-11-04,5,Champions League,h,Home,Real Madrid,1-0,h 1-0,37288979,H. Ekitiké,Hugo Ekitiké,hugo_ekitike,0.2,79,1,ST,0.20 79' 0.88 +0.68 C. Gakpo ST,https://playerstats.football/premier-league/liverpool/xg
39,1378930,19427561,2025/2026,25/26 09 Nov,2025-11-09,1,Premier League,a,Away,Manchester City,3-0,a 3-0,37288979,H. Ekitiké,Hugo Ekitiké,hugo_ekitike,0.0,56,1,ST,56' 0.18 +0.18 C. Gakpo ST,https://playerstats.football/premier-league/liverpool/xg
38,1378974,19427572,2025/2026,25/26 22 Nov,2025-11-22,1,Premier League,h,Home,Nottingham Forest,0-3,h 0-3,37288979,H. Ekitiké,Hugo Ekitiké,hugo_ekitike,0.0,35,1,,35',https://playerstats.football/premier-league/liverpool/xg
37,1396979,19568540,2025/2026,25/26 26 Nov,2025-11-26,5,Champions League,h,Home,PSV,1-4,h 1-4,37288979,H. Ekitiké,Hugo Ekitiké,hugo_ekitike,0.45,61,1,ST,0.45 61' 0.66 +0.21 A. Isak ST,https://playerstats.football/premier-league/liverpool/xg
36,1378854,19427585,2025/2026,25/26 30 Nov,2025-11-30,1,Premier League,a,Away,West Ham United,0-2,a 0-2,37288979,H. Ekitiké,Hugo Ekitiké,hugo_ekitike,0.05,22,1,,0.05 22',https://playerstats.football/premier-league/liverpool/xg
35,1378637,19427592,2025/2026,25/26 03 Dec,2025-12-03,1,Premier League,h,Home,Sunderland,1-1,h 1-1,37288979,H. Ekitiké,Hugo Ekitiké,hugo_ekitike,0.09,16,1,,0.09 16',https://playerstats.football/premier-league/liverpool/xg
34,1378928,19427601,2025/2026,25/26 06 Dec,2025-12-06,1,Premier League,a,Away,Leeds United,3-3,a 3-3,37288979,H. Ekitiké,Hugo Ekitiké,hugo_ekitike,0.86,84,1,ST,0.86 84' 0.9 +0.04 A. Isak ST,https://playerstats.football/premier-league/liverpool/xg
33,1396884,19568526,2025/2026,25/26 09 Dec,2025-12-09,5,Champions League,a,Away,Inter,0-1,a 0-1,37288979,H. Ekitiké,Hugo Ekitiké,hugo_ekitike,0.31,90,1,ST,0.31 90' ST,https://playerstats.football/premier-league/liverpool/xg
32,1378936,19427611,2025/2026,25/26 13 Dec,2025-12-13,1,Premier League,h,Home,Brighton & Hove Albion,2-0,h 2-0,37288979,H. Ekitiké,Hugo Ekitiké,hugo_ekitike,1.05,78,1,ST,1.05 78' ST,https://playerstats.football/premier-league/liverpool/xg
31,1378949,19427624,2025/2026,25/26 20 Dec,2025-12-20,1,Premier League,a,Away,Tottenham Hotspur,1-2,a 1-2,37288979,H. Ekitiké,Hugo Ekitiké,hugo_ekitike,0.4,90,1,ST,0.40 90' ST,https://playerstats.football/premier-league/liverpool/xg
30,1379105,19427631,2025/2026,25/26 27 Dec,2025-12-27,1,Premier League,h,Home,Wolverhampton Wanderers,2-1,h 2-1,37288979,H. Ekitiké,Hugo Ekitiké,hugo_ekitike,0.44,86,1,ST,0.44 86' 0.47 +0.03 C. Gakpo ST,https://playerstats.football/premier-league/liverpool/xg
29,1378612,19427641,2025/2026,25/26 01 Jan,2026-01-01,1,Premier League,h,Home,Leeds United,0-0,h 0-0,37288979,H. Ekitiké,Hugo Ekitiké,hugo_ekitike,0.84,90,1,ST,0.84 90' ST,https://playerstats.football/premier-league/liverpool/xg
28,1379083,19427650,2025/2026,25/26 04 Jan,2026-01-04,1,Premier League,a,Away,Fulham,2-2,a 2-2,37288979,H. Ekitiké,Hugo Ekitiké,hugo_ekitike,0.0,0,0,,,https://playerstats.football/premier-league/liverpool/xg
27,1378873,19427656,2025/2026,25/26 08 Jan,2026-01-08,1,Premier League,a,Away,Arsenal,0-0,a 0-0,37288979,H. Ekitiké,Hugo Ekitiké,hugo_ekitike,0.0,0,0,,,https://playerstats.football/premier-league/liverpool/xg
26,1344436,19615693,2025/2026,25/26 12 Jan,2026-01-12,300,FA Cup,h,Home,Barnsley,4-1,h 4-1,37288979,H. Ekitiké,Hugo Ekitiké,hugo_ekitike,0.5,30,1,,0.50 30',https://playerstats.football/premier-league/liverpool/xg
25,1378764,19427670,2025/2026,25/26 17 Jan,2026-01-17,1,Premier League,h,Home,Burnley,1-1,h 1-1,37288979,H. Ekitiké,Hugo Ekitiké,hugo_ekitike,0.83,90,1,ST,0.83 90' ST,https://playerstats.football/premier-league/liverpool/xg
24,1397227,19568558,2025/2026,25/26 21 Jan,2026-01-21,5,Champions League,a,Away,Olympique Marseille,0-3,a 0-3,37288979,H. Ekitiké,Hugo Ekitiké,hugo_ekitike,0.31,79,1,ST,0.31 79' 0.47 +0.16 C. Gakpo ST,https://playerstats.football/premier-league/liverpool/xg
23,1378641,19427677,2025/2026,25/26 24 Jan,2026-01-24,1,Premier League,a,Away,AFC Bournemouth,3-2,a 3-2,37288979,H. Ekitiké,Hugo Ekitiké,hugo_ekitike,0.0,31,1,,31',https://playerstats.football/premier-league/liverpool/xg
22,1396913,19568541,2025/2026,25/26 28 Jan,2026-01-28,5,Champions League,h,Home,Qarabağ,6-0,h 6-0,37288979,H. Ekitiké,Hugo Ekitiké,hugo_ekitike,1.15,67,1,ST,1.15 67' ST,https://playerstats.football/premier-league/liverpool/xg
21,1378995,19427690,2025/2026,25/26 31 Jan,2026-01-31,1,Premier League,h,Home,Newcastle United,4-1,h 4-1,37288979,H. Ekitiké,Hugo Ekitiké,hugo_ekitike,1.08,84,1,ST,1.08 84' ST,https://playerstats.football/premier-league/liverpool/xg
20,1378700,19427702,2025/2026,25/26 08 Feb,2026-02-08,1,Premier League,h,Home,Manchester City,1-2,h 1-2,37288979,H. Ekitiké,Hugo Ekitiké,hugo_ekitike,0.41,90,1,ST,0.41 90' ST,https://playerstats.football/premier-league/liverpool/xg
19,1378607,19427713,2025/2026,25/26 11 Feb,2026-02-11,1,Premier League,a,Away,Sunderland,0-1,a 0-1,37288979,H. Ekitiké,Hugo Ekitiké,hugo_ekitike,0.67,88,1,ST,0.67 88' ST,https://playerstats.football/premier-league/liverpool/xg
18,1374766,19645325,2025/2026,25/26 14 Feb,2026-02-14,300,FA Cup,h,Home,Brighton & Hove Albion,3-0,h 3-0,37288979,H. Ekitiké,Hugo Ekitiké,hugo_ekitike,0.0,13,1,,13',https://playerstats.football/premier-league/liverpool/xg
17,1398004,19427151,2025/2026,25/26 22 Feb,2026-02-22,1,Premier League,a,Away,Nottingham Forest,0-1,a 0-1,37288979,H. Ekitiké,Hugo Ekitiké,hugo_ekitike,0.5,90,1,ST,0.50 90' ST,https://playerstats.football/premier-league/liverpool/xg
16,1405260,19427161,2025/2026,25/26 28 Feb,2026-02-28,1,Premier League,h,Home,West Ham United,5-2,h 5-2,37288979,H. Ekitiké,Hugo Ekitiké,hugo_ekitike,0.33,76,1,ST,0.33 76' 0.42 +0.09 R. Ngumoha ST,https://playerstats.football/premier-league/liverpool/xg
15,1407609,19427174,2025/2026,25/26 03 Mar,2026-03-03,1,Premier League,a,Away,Wolverhampton Wanderers,2-1,a 2-1,37288979,H. Ekitiké,Hugo Ekitiké,hugo_ekitike,0.05,90,1,ST,0.05 90' ST,https://playerstats.football/premier-league/liverpool/xg
14,1413001,19676918,2025/2026,25/26 06 Mar,2026-03-06,300,FA Cup,a,Away,Wolverhampton Wanderers,1-3,a 1-3,37288979,H. Ekitiké,Hugo Ekitiké,hugo_ekitike,0.0,0,0,,,https://playerstats.football/premier-league/liverpool/xg
13,1415031,19662568,2025/2026,25/26 10 Mar,2026-03-10,5,Champions League,a,Away,Galatasaray,1-0,a 1-0,37288979,H. Ekitiké,Hugo Ekitiké,hugo_ekitike,0.35,90,1,ST,0.35 90' ST,https://playerstats.football/premier-league/liverpool/xg
12,1422066,19427180,2025/2026,25/26 15 Mar,2026-03-15,1,Premier League,h,Home,Tottenham Hotspur,1-1,h 1-1,37288979,H. Ekitiké,Hugo Ekitiké,hugo_ekitike,0.52,26,1,,0.52 26',https://playerstats.football/premier-league/liverpool/xg
11,1426145,19662560,2025/2026,25/26 18 Mar,2026-03-18,5,Champions League,h,Home,Galatasaray,4-0,h 4-0,37288979,H. Ekitiké,Hugo Ekitiké,hugo_ekitike,0.77,89,1,ST,0.77 89' 0.86 +0.09 F. Chiesa ST,https://playerstats.football/premier-league/liverpool/xg
10,1429079,19427187,2025/2026,25/26 21 Mar,2026-03-21,1,Premier League,a,Away,Brighton & Hove Albion,2-1,a 2-1,37288979,H. Ekitiké,Hugo Ekitiké,hugo_ekitike,0.0,8,1,ST,8' 0.1 +0.10 C. Jones ST,https://playerstats.football/premier-league/liverpool/xg
9,1443072,19687560,2025/2026,25/26 04 Apr,2026-04-04,300,FA Cup,a,Away,Manchester City,4-0,a 4-0,37288979,H. Ekitiké,Hugo Ekitiké,hugo_ekitike,0.24,68,1,ST,0.24 68' 0.27 +0.03 C. Gakpo ST,https://playerstats.football/premier-league/liverpool/xg
8,1447863,19683236,2025/2026,25/26 08 Apr,2026-04-08,5,Champions League,a,Away,Paris Saint Germain,2-0,a 2-0,37288979,H. Ekitiké,Hugo Ekitiké,hugo_ekitike,0.04,90,1,ST,0.04 90' ST,https://playerstats.football/premier-league/liverpool/xg
7,1451031,19427197,2025/2026,25/26 11 Apr,2026-04-11,1,Premier League,h,Home,Fulham,2-0,h 2-0,37288979,H. Ekitiké,Hugo Ekitiké,hugo_ekitike,0.0,0,0,,,https://playerstats.football/premier-league/liverpool/xg
6,1452845,19683229,2025/2026,25/26 14 Apr,2026-04-14,5,Champions League,h,Home,Paris Saint Germain,0-2,h 0-2,37288979,H. Ekitiké,Hugo Ekitiké,hugo_ekitike,0.0,31,1,RAM,31' 0.3 +0.30 M. Salah RAM,https://playerstats.football/premier-league/liverpool/xg
5,1458937,19427732,2025/2026,25/26 19 Apr,2026-04-19,1,Premier League,a,Away,Everton,1-2,a 1-2,37288979,H. Ekitiké,Hugo Ekitiké,hugo_ekitike,0.0,0,0,,,https://playerstats.football/premier-league/liverpool/xg
4,1466441,19427201,2025/2026,25/26 25 Apr,2026-04-25,1,Premier League,h,Home,Crystal Palace,3-1,h 3-1,37288979,H. Ekitiké,Hugo Ekitiké,hugo_ekitike,0.0,0,0,,,https://playerstats.football/premier-league/liverpool/xg
3,1475068,19427213,2025/2026,25/26 03 May,2026-05-03,1,Premier League,a,Away,Manchester United,3-2,a 3-2,37288979,H. Ekitiké,Hugo Ekitiké,hugo_ekitike,0.0,0,0,,,https://playerstats.football/premier-league/liverpool/xg
2,1480645,19427220,2025/2026,25/26 09 May,2026-05-09,1,Premier League,h,Home,Chelsea,1-1,h 1-1,37288979,H. Ekitiké,Hugo Ekitiké,hugo_ekitike,0.0,0,0,,,https://playerstats.football/premier-league/liverpool/xg
1,1487202,19427227,2025/2026,25/26 15 May,2026-05-15,1,Premier League,a,Away,Aston Villa,4-2,a 4-2,37288979,H. Ekitiké,Hugo Ekitiké,hugo_ekitike,0.0,0,0,,,https://playerstats.football/premier-league/liverpool/xg
56,1193039,19464492,2025/2026,25/26 10 Aug,2025-08-10,7,Community Shield,a,Away,Crystal Palace,2-2,a 2-2 P,23269836,H. Elliott,Harvey Elliott,harvey_elliott,0.0,36,1,,36',https://playerstats.football/premier-league/liverpool/xg
55,1378727,19427455,2025/2026,25/26 15 Aug,2025-08-15,1,Premier League,h,Home,AFC Bournemouth,4-2,h 4-2,23269836,H. Elliott,Harvey Elliott,harvey_elliott,0.0,0,0,,,https://playerstats.football/premier-league/liverpool/xg
54,1378725,19427473,2025/2026,25/26 25 Aug,2025-08-25,1,Premier League,a,Away,Newcastle United,2-3,a 2-3,23269836,H. Elliott,Harvey Elliott,harvey_elliott,0.0,8,1,,8',https://playerstats.football/premier-league/liverpool/xg
53,1378820,19427479,2025/2026,25/26 31 Aug,2025-08-31,1,Premier League,h,Home,Arsenal,1-0,h 1-0,23269836,H. Elliott,Harvey Elliott,harvey_elliott,0.0,0,0,,,https://playerstats.football/premier-league/liverpool/xg
52,1378793,19427488,2025/2026,25/26 14 Sep,2025-09-14,1,Premier League,a,Away,Burnley,0-1,a 0-1,23269836,H. Elliott,Harvey Elliott,harvey_elliott,0.0,0,0,,,https://playerstats.football/premier-league/liverpool/xg
51,1397014,19568539,2025/2026,25/26 17 Sep,2025-09-17,5,Champions League,h,Home,Atlético Madrid,3-2,h 3-2,23269836,H. Elliott,Harvey Elliott,harvey_elliott,0.0,0,0,,,https://playerstats.football/premier-league/liverpool/xg
50,1379121,19427500,2025/2026,25/26 20 Sep,2025-09-20,1,Premier League,h,Home,Everton,2-1,h 2-1,23269836,H. Elliott,Harvey Elliott,harvey_elliott,0.0,0,0,,,https://playerstats.football/premier-league/liverpool/xg
49,1218466,19572904,2025/2026,25/26 23 Sep,2025-09-23,8,Carabao Cup,h,Home,Southampton,2-1,h 2-1,23269836,H. Elliott,Harvey Elliott,harvey_elliott,0.0,0,0,,,https://playerstats.football/premier-league/liverpool/xg
48,1379139,19427508,2025/2026,25/26 27 Sep,2025-09-27,1,Premier League,a,Away,Crystal Palace,2-1,a 2-1,23269836,H. Elliott,Harvey Elliott,harvey_elliott,0.0,0,0,,,https://playerstats.football/premier-league/liverpool/xg
47,1396787,19568522,2025/2026,25/26 30 Sep,2025-09-30,5,Champions League,a,Away,Galatasaray,1-0,a 1-0,23269836,H. Elliott,Harvey Elliott,harvey_elliott,0.0,0,0,,,https://playerstats.football/premier-league/liverpool/xg
46,1378908,19427519,2025/2026,25/26 04 Oct,2025-10-04,1,Premier League,a,Away,Chelsea,2-1,a 2-1,23269836,H. Elliott,Harvey Elliott,harvey_elliott,0.0,0,0,,,https://playerstats.football/premier-league/liverpool/xg
45,1378881,19427529,2025/2026,25/26 19 Oct,2025-10-19,1,Premier League,h,Home,Manchester United,1-2,h 1-2,23269836,H. Elliott,Harvey Elliott,harvey_elliott,0.0,0,0,,,https://playerstats.football/premier-league/liverpool/xg
44,1397134,19568510,2025/2026,25/26 22 Oct,2025-10-22,5,Champions League,a,Away,Eintracht Frankfurt,1-5,a 1-5,23269836,H. Elliott,Harvey Elliott,harvey_elliott,0.0,0,0,,,https://playerstats.football/premier-league/liverpool/xg
43,1378639,19427539,2025/2026,25/26 25 Oct,2025-10-25,1,Premier League,a,Away,Brentford,3-2,a 3-2,23269836,H. Elliott,Harvey Elliott,harvey_elliott,0.0,0,0,,,https://playerstats.football/premier-league/liverpool/xg
42,1290118,19585905,2025/2026,25/26 29 Oct,2025-10-29,8,Carabao Cup,h,Home,Crystal Palace,0-3,h 0-3,23269836,H. Elliott,Harvey Elliott,harvey_elliott,0.0,0,0,,,https://playerstats.football/premier-league/liverpool/xg
41,1378744,19427550,2025/2026,25/26 01 Nov,2025-11-01,1,Premier League,h,Home,Aston Villa,2-0,h 2-0,23269836,H. Elliott,Harvey Elliott,harvey_elliott,0.0,0,0,,,https://playerstats.football/premier-league/liverpool/xg
40,1397140,19568538,2025/2026,25/26 04 Nov,2025-11-04,5,Champions League,h,Home,Real Madrid,1-0,h 1-0,23269836,H. Elliott,Harvey Elliott,harvey_elliott,0.0,0,0,,,https://playerstats.football/premier-league/liverpool/xg
39,1378930,19427561,2025/2026,25/26 09 Nov,2025-11-09,1,Premier League,a,Away,Manchester City,3-0,a 3-0,23269836,H. Elliott,Harvey Elliott,harvey_elliott,0.0,0,0,,,https://playerstats.football/premier-league/liverpool/xg
38,1378974,19427572,2025/2026,25/26 22 Nov,2025-11-22,1,Premier League,h,Home,Nottingham Forest,0-3,h 0-3,23269836,H. Elliott,Harvey Elliott,harvey_elliott,0.0,0,0,,,https://playerstats.football/premier-league/liverpool/xg
37,1396979,19568540,2025/2026,25/26 26 Nov,2025-11-26,5,Champions League,h,Home,PSV,1-4,h 1-4,23269836,H. Elliott,Harvey Elliott,harvey_elliott,0.0,0,0,,,https://playerstats.football/premier-league/liverpool/xg
36,1378854,19427585,2025/2026,25/26 30 Nov,2025-11-30,1,Premier League,a,Away,West Ham United,0-2,a 0-2,23269836,H. Elliott,Harvey Elliott,harvey_elliott,0.0,0,0,,,https://playerstats.football/premier-league/liverpool/xg
35,1378637,19427592,2025/2026,25/26 03 Dec,2025-12-03,1,Premier League,h,Home,Sunderland,1-1,h 1-1,23269836,H. Elliott,Harvey Elliott,harvey_elliott,0.0,0,0,,,https://playerstats.football/premier-league/liverpool/xg
34,1378928,19427601,2025/2026,25/26 06 Dec,2025-12-06,1,Premier League,a,Away,Leeds United,3-3,a 3-3,23269836,H. Elliott,Harvey Elliott,harvey_elliott,0.0,0,0,,,https://playerstats.football/premier-league/liverpool/xg
33,1396884,19568526,2025/2026,25/26 09 Dec,2025-12-09,5,Champions League,a,Away,Inter,0-1,a 0-1,23269836,H. Elliott,Harvey Elliott,harvey_elliott,0.0,0,0,,,https://playerstats.football/premier-league/liverpool/xg
32,1378936,19427611,2025/2026,25/26 13 Dec,2025-12-13,1,Premier League,h,Home,Brighton & Hove Albion,2-0,h 2-0,23269836,H. Elliott,Harvey Elliott,harvey_elliott,0.0,0,0,,,https://playerstats.football/premier-league/liverpool/xg
31,1378949,19427624,2025/2026,25/26 20 Dec,2025-12-20,1,Premier League,a,Away,Tottenham Hotspur,1-2,a 1-2,23269836,H. Elliott,Harvey Elliott,harvey_elliott,0.0,0,0,,,https://playerstats.football/premier-league/liverpool/xg
30,1379105,19427631,2025/2026,25/26 27 Dec,2025-12-27,1,Premier League,h,Home,Wolverhampton Wanderers,2-1,h 2-1,23269836,H. Elliott,Harvey Elliott,harvey_elliott,0.0,0,0,,,https://playerstats.football/premier-league/liverpool/xg
29,1378612,19427641,2025/2026,25/26 01 Jan,2026-01-01,1,Premier League,h,Home,Leeds United,0-0,h 0-0,23269836,H. Elliott,Harvey Elliott,harvey_elliott,0.0,0,0,,,https://playerstats.football/premier-league/liverpool/xg
28,1379083,19427650,2025/2026,25/26 04 Jan,2026-01-04,1,Premier League,a,Away,Fulham,2-2,a 2-2,23269836,H. Elliott,Harvey Elliott,harvey_elliott,0.0,0,0,,,https://playerstats.football/premier-league/liverpool/xg
27,1378873,19427656,2025/2026,25/26 08 Jan,2026-01-08,1,Premier League,a,Away,Arsenal,0-0,a 0-0,23269836,H. Elliott,Harvey Elliott,harvey_elliott,0.0,0,0,,,https://playerstats.football/premier-league/liverpool/xg
26,1344436,19615693,2025/2026,25/26 12 Jan,2026-01-12,300,FA Cup,h,Home,Barnsley,4-1,h 4-1,23269836,H. Elliott,Harvey Elliott,harvey_elliott,0.0,0,0,,,https://playerstats.football/premier-league/liverpool/xg
25,1378764,19427670,2025/2026,25/26 17 Jan,2026-01-17,1,Premier League,h,Home,Burnley,1-1,h 1-1,23269836,H. Elliott,Harvey Elliott,harvey_elliott,0.0,0,0,,,https://playerstats.football/premier-league/liverpool/xg
24,1397227,19568558,2025/2026,25/26 21 Jan,2026-01-21,5,Champions League,a,Away,Olympique Marseille,0-3,a 0-3,23269836,H. Elliott,Harvey Elliott,harvey_elliott,0.0,0,0,,,https://playerstats.football/premier-league/liverpool/xg
23,1378641,19427677,2025/2026,25/26 24 Jan,2026-01-24,1,Premier League,a,Away,AFC Bournemouth,3-2,a 3-2,23269836,H. Elliott,Harvey Elliott,harvey_elliott,0.0,0,0,,,https://playerstats.football/premier-league/liverpool/xg
22,1396913,19568541,2025/2026,25/26 28 Jan,2026-01-28,5,Champions League,h,Home,Qarabağ,6-0,h 6-0,23269836,H. Elliott,Harvey Elliott,harvey_elliott,0.0,0,0,,,https://playerstats.football/premier-league/liverpool/xg
21,1378995,19427690,2025/2026,25/26 31 Jan,2026-01-31,1,Premier League,h,Home,Newcastle United,4-1,h 4-1,23269836,H. Elliott,Harvey Elliott,harvey_elliott,0.0,0,0,,,https://playerstats.football/premier-league/liverpool/xg
20,1378700,19427702,2025/2026,25/26 08 Feb,2026-02-08,1,Premier League,h,Home,Manchester City,1-2,h 1-2,23269836,H. Elliott,Harvey Elliott,harvey_elliott,0.0,0,0,,,https://playerstats.football/premier-league/liverpool/xg
19,1378607,19427713,2025/2026,25/26 11 Feb,2026-02-11,1,Premier League,a,Away,Sunderland,0-1,a 0-1,23269836,H. Elliott,Harvey Elliott,harvey_elliott,0.0,0,0,,,https://playerstats.football/premier-league/liverpool/xg
18,1374766,19645325,2025/2026,25/26 14 Feb,2026-02-14,300,FA Cup,h,Home,Brighton & Hove Albion,3-0,h 3-0,23269836,H. Elliott,Harvey Elliott,harvey_elliott,0.0,0,0,,,https://playerstats.football/premier-league/liverpool/xg
17,1398004,19427151,2025/2026,25/26 22 Feb,2026-02-22,1,Premier League,a,Away,Nottingham Forest,0-1,a 0-1,23269836,H. Elliott,Harvey Elliott,harvey_elliott,0.0,0,0,,,https://playerstats.football/premier-league/liverpool/xg
16,1405260,19427161,2025/2026,25/26 28 Feb,2026-02-28,1,Premier League,h,Home,West Ham United,5-2,h 5-2,23269836,H. Elliott,Harvey Elliott,harvey_elliott,0.0,0,0,,,https://playerstats.football/premier-league/liverpool/xg
15,1407609,19427174,2025/2026,25/26 03 Mar,2026-03-03,1,Premier League,a,Away,Wolverhampton Wanderers,2-1,a 2-1,23269836,H. Elliott,Harvey Elliott,harvey_elliott,0.0,0,0,,,https://playerstats.football/premier-league/liverpool/xg
14,1413001,19676918,2025/2026,25/26 06 Mar,2026-03-06,300,FA Cup,a,Away,Wolverhampton Wanderers,1-3,a 1-3,23269836,H. Elliott,Harvey Elliott,harvey_elliott,0.0,0,0,,,https://playerstats.football/premier-league/liverpool/xg
13,1415031,19662568,2025/2026,25/26 10 Mar,2026-03-10,5,Champions League,a,Away,Galatasaray,1-0,a 1-0,23269836,H. Elliott,Harvey Elliott,harvey_elliott,0.0,0,0,,,https://playerstats.football/premier-league/liverpool/xg
12,1422066,19427180,2025/2026,25/26 15 Mar,2026-03-15,1,Premier League,h,Home,Tottenham Hotspur,1-1,h 1-1,23269836,H. Elliott,Harvey Elliott,harvey_elliott,0.0,0,0,,,https://playerstats.football/premier-league/liverpool/xg
11,1426145,19662560,2025/2026,25/26 18 Mar,2026-03-18,5,Champions League,h,Home,Galatasaray,4-0,h 4-0,23269836,H. Elliott,Harvey Elliott,harvey_elliott,0.0,0,0,,,https://playerstats.football/premier-league/liverpool/xg
10,1429079,19427187,2025/2026,25/26 21 Mar,2026-03-21,1,Premier League,a,Away,Brighton & Hove Albion,2-1,a 2-1,23269836,H. Elliott,Harvey Elliott,harvey_elliott,0.0,0,0,,,https://playerstats.football/premier-league/liverpool/xg
9,1443072,19687560,2025/2026,25/26 04 Apr,2026-04-04,300,FA Cup,a,Away,Manchester City,4-0,a 4-0,23269836,H. Elliott,Harvey Elliott,harvey_elliott,0.0,0,0,,,https://playerstats.football/premier-league/liverpool/xg
8,1447863,19683236,2025/2026,25/26 08 Apr,2026-04-08,5,Champions League,a,Away,Paris Saint Germain,2-0,a 2-0,23269836,H. Elliott,Harvey Elliott,harvey_elliott,0.0,0,0,,,https://playerstats.football/premier-league/liverpool/xg
7,1451031,19427197,2025/2026,25/26 11 Apr,2026-04-11,1,Premier League,h,Home,Fulham,2-0,h 2-0,23269836,H. Elliott,Harvey Elliott,harvey_elliott,0.0,0,0,,,https://playerstats.football/premier-league/liverpool/xg
6,1452845,19683229,2025/2026,25/26 14 Apr,2026-04-14,5,Champions League,h,Home,Paris Saint Germain,0-2,h 0-2,23269836,H. Elliott,Harvey Elliott,harvey_elliott,0.0,0,0,,,https://playerstats.football/premier-league/liverpool/xg
5,1458937,19427732,2025/2026,25/26 19 Apr,2026-04-19,1,Premier League,a,Away,Everton,1-2,a 1-2,23269836,H. Elliott,Harvey Elliott,harvey_elliott,0.0,0,0,,,https://playerstats.football/premier-league/liverpool/xg
4,1466441,19427201,2025/2026,25/26 25 Apr,2026-04-25,1,Premier League,h,Home,Crystal Palace,3-1,h 3-1,23269836,H. Elliott,Harvey Elliott,harvey_elliott,0.0,0,0,,,https://playerstats.football/premier-league/liverpool/xg
3,1475068,19427213,2025/2026,25/26 03 May,2026-05-03,1,Premier League,a,Away,Manchester United,3-2,a 3-2,23269836,H. Elliott,Harvey Elliott,harvey_elliott,0.0,0,0,,,https://playerstats.football/premier-league/liverpool/xg
2,1480645,19427220,2025/2026,25/26 09 May,2026-05-09,1,Premier League,h,Home,Chelsea,1-1,h 1-1,23269836,H. Elliott,Harvey Elliott,harvey_elliott,0.0,0,0,,,https://playerstats.football/premier-league/liverpool/xg
1,1487202,19427227,2025/2026,25/26 15 May,2026-05-15,1,Premier League,a,Away,Aston Villa,4-2,a 4-2,23269836,H. Elliott,Harvey Elliott,harvey_elliott,0.0,0,0,,,https://playerstats.football/premier-league/liverpool/xg
56,1193039,19464492,2025/2026,25/26 10 Aug,2025-08-10,7,Community Shield,a,Away,Crystal Palace,2-2,a 2-2 P,100556,I. Konaté,Ibrahima Konaté,ibrahima_konate,0.0,120,1,RCB,120' RCB,https://playerstats.football/premier-league/liverpool/xg
55,1378727,19427455,2025/2026,25/26 15 Aug,2025-08-15,1,Premier League,h,Home,AFC Bournemouth,4-2,h 4-2,100556,I. Konaté,Ibrahima Konaté,ibrahima_konate,0.0,90,1,RCB,90' RCB,https://playerstats.football/premier-league/liverpool/xg
54,1378725,19427473,2025/2026,25/26 25 Aug,2025-08-25,1,Premier League,a,Away,Newcastle United,2-3,a 2-3,100556,I. Konaté,Ibrahima Konaté,ibrahima_konate,0.0,90,1,RCB,90' RCB,https://playerstats.football/premier-league/liverpool/xg
53,1378820,19427479,2025/2026,25/26 31 Aug,2025-08-31,1,Premier League,h,Home,Arsenal,1-0,h 1-0,100556,I. Konaté,Ibrahima Konaté,ibrahima_konate,0.0,79,1,RCB,79' RCB,https://playerstats.football/premier-league/liverpool/xg
52,1378793,19427488,2025/2026,25/26 14 Sep,2025-09-14,1,Premier League,a,Away,Burnley,0-1,a 0-1,100556,I. Konaté,Ibrahima Konaté,ibrahima_konate,0.74,87,1,RCB,0.74 87' 0.89 +0.15 J. Frimpong RCB,https://playerstats.football/premier-league/liverpool/xg
51,1397014,19568539,2025/2026,25/26 17 Sep,2025-09-17,5,Champions League,h,Home,Atlético Madrid,3-2,h 3-2,100556,I. Konaté,Ibrahima Konaté,ibrahima_konate,0.09,90,1,RCB,0.09 90' RCB,https://playerstats.football/premier-league/liverpool/xg
50,1379121,19427500,2025/2026,25/26 20 Sep,2025-09-20,1,Premier League,h,Home,Everton,2-1,h 2-1,100556,I. Konaté,Ibrahima Konaté,ibrahima_konate,0.04,90,1,RCB,0.04 90' RCB,https://playerstats.football/premier-league/liverpool/xg
49,1218466,19572904,2025/2026,25/26 23 Sep,2025-09-23,8,Carabao Cup,h,Home,Southampton,2-1,h 2-1,100556,I. Konaté,Ibrahima Konaté,ibrahima_konate,0.0,0,0,,,https://playerstats.football/premier-league/liverpool/xg
48,1379139,19427508,2025/2026,25/26 27 Sep,2025-09-27,1,Premier League,a,Away,Crystal Palace,2-1,a 2-1,100556,I. Konaté,Ibrahima Konaté,ibrahima_konate,0.07,74,1,RCB,0.07 74' RCB,https://playerstats.football/premier-league/liverpool/xg
47,1396787,19568522,2025/2026,25/26 30 Sep,2025-09-30,5,Champions League,a,Away,Galatasaray,1-0,a 1-0,100556,I. Konaté,Ibrahima Konaté,ibrahima_konate,0.25,90,1,RCB,0.25 90' RCB,https://playerstats.football/premier-league/liverpool/xg
46,1378908,19427519,2025/2026,25/26 04 Oct,2025-10-04,1,Premier League,a,Away,Chelsea,2-1,a 2-1,100556,I. Konaté,Ibrahima Konaté,ibrahima_konate,0.0,56,1,RCB,56' 0.08 +0.08 C. Jones RCB,https://playerstats.football/premier-league/liverpool/xg
45,1378881,19427529,2025/2026,25/26 19 Oct,2025-10-19,1,Premier League,h,Home,Manchester United,1-2,h 1-2,100556,I. Konaté,Ibrahima Konaté,ibrahima_konate,0.02,90,1,RCB,0.02 90' RCB,https://playerstats.football/premier-league/liverpool/xg
44,1397134,19568510,2025/2026,25/26 22 Oct,2025-10-22,5,Champions League,a,Away,Eintracht Frankfurt,1-5,a 1-5,100556,I. Konaté,Ibrahima Konaté,ibrahima_konate,0.11,74,1,RCB,0.11 74' RCB,https://playerstats.football/premier-league/liverpool/xg
43,1378639,19427539,2025/2026,25/26 25 Oct,2025-10-25,1,Premier League,a,Away,Brentford,3-2,a 3-2,100556,I. Konaté,Ibrahima Konaté,ibrahima_konate,0.0,90,1,RCB,90' RCB,https://playerstats.football/premier-league/liverpool/xg
42,1290118,19585905,2025/2026,25/26 29 Oct,2025-10-29,8,Carabao Cup,h,Home,Crystal Palace,0-3,h 0-3,100556,I. Konaté,Ibrahima Konaté,ibrahima_konate,0.0,0,0,,,https://playerstats.football/premier-league/liverpool/xg
41,1378744,19427550,2025/2026,25/26 01 Nov,2025-11-01,1,Premier League,h,Home,Aston Villa,2-0,h 2-0,100556,I. Konaté,Ibrahima Konaté,ibrahima_konate,0.06,90,1,RCB,0.06 90' RCB,https://playerstats.football/premier-league/liverpool/xg
40,1397140,19568538,2025/2026,25/26 04 Nov,2025-11-04,5,Champions League,h,Home,Real Madrid,1-0,h 1-0,100556,I. Konaté,Ibrahima Konaté,ibrahima_konate,0.0,90,1,RCB,90' RCB,https://playerstats.football/premier-league/liverpool/xg
39,1378930,19427561,2025/2026,25/26 09 Nov,2025-11-09,1,Premier League,a,Away,Manchester City,3-0,a 3-0,100556,I. Konaté,Ibrahima Konaté,ibrahima_konate,0.0,90,1,RCB,90' RCB,https://playerstats.football/premier-league/liverpool/xg
38,1378974,19427572,2025/2026,25/26 22 Nov,2025-11-22,1,Premier League,h,Home,Nottingham Forest,0-3,h 0-3,100556,I. Konaté,Ibrahima Konaté,ibrahima_konate,0.0,55,1,RCB,55' RCB,https://playerstats.football/premier-league/liverpool/xg
37,1396979,19568540,2025/2026,25/26 26 Nov,2025-11-26,5,Champions League,h,Home,PSV,1-4,h 1-4,100556,I. Konaté,Ibrahima Konaté,ibrahima_konate,0.16,76,1,RCB,0.16 76' 0.35 +0.19 F. Chiesa RCB,https://playerstats.football/premier-league/liverpool/xg
36,1378854,19427585,2025/2026,25/26 30 Nov,2025-11-30,1,Premier League,a,Away,West Ham United,0-2,a 0-2,100556,I. Konaté,Ibrahima Konaté,ibrahima_konate,0.0,90,1,RCB,90' RCB,https://playerstats.football/premier-league/liverpool/xg
35,1378637,19427592,2025/2026,25/26 03 Dec,2025-12-03,1,Premier League,h,Home,Sunderland,1-1,h 1-1,100556,I. Konaté,Ibrahima Konaté,ibrahima_konate,0.02,90,1,RCB,0.02 90' RCB,https://playerstats.football/premier-league/liverpool/xg
34,1378928,19427601,2025/2026,25/26 06 Dec,2025-12-06,1,Premier League,a,Away,Leeds United,3-3,a 3-3,100556,I. Konaté,Ibrahima Konaté,ibrahima_konate,0.05,90,1,RCB,0.05 90' RCB,https://playerstats.football/premier-league/liverpool/xg
33,1396884,19568526,2025/2026,25/26 09 Dec,2025-12-09,5,Champions League,a,Away,Inter,0-1,a 0-1,100556,I. Konaté,Ibrahima Konaté,ibrahima_konate,0.0,90,1,RCB,90' RCB,https://playerstats.football/premier-league/liverpool/xg
32,1378936,19427611,2025/2026,25/26 13 Dec,2025-12-13,1,Premier League,h,Home,Brighton & Hove Albion,2-0,h 2-0,100556,I. Konaté,Ibrahima Konaté,ibrahima_konate,0.0,90,1,RCB,90' RCB,https://playerstats.football/premier-league/liverpool/xg
31,1378949,19427624,2025/2026,25/26 20 Dec,2025-12-20,1,Premier League,a,Away,Tottenham Hotspur,1-2,a 1-2,100556,I. Konaté,Ibrahima Konaté,ibrahima_konate,0.0,90,1,RCB,90' RCB,https://playerstats.football/premier-league/liverpool/xg
30,1379105,19427631,2025/2026,25/26 27 Dec,2025-12-27,1,Premier League,h,Home,Wolverhampton Wanderers,2-1,h 2-1,100556,I. Konaté,Ibrahima Konaté,ibrahima_konate,0.0,90,1,RCB,90' RCB,https://playerstats.football/premier-league/liverpool/xg
29,1378612,19427641,2025/2026,25/26 01 Jan,2026-01-01,1,Premier League,h,Home,Leeds United,0-0,h 0-0,100556,I. Konaté,Ibrahima Konaté,ibrahima_konate,0.0,90,1,RCB,90' RCB,https://playerstats.football/premier-league/liverpool/xg
28,1379083,19427650,2025/2026,25/26 04 Jan,2026-01-04,1,Premier League,a,Away,Fulham,2-2,a 2-2,100556,I. Konaté,Ibrahima Konaté,ibrahima_konate,0.0,90,1,RCB,90' RCB,https://playerstats.football/premier-league/liverpool/xg
27,1378873,19427656,2025/2026,25/26 08 Jan,2026-01-08,1,Premier League,a,Away,Arsenal,0-0,a 0-0,100556,I. Konaté,Ibrahima Konaté,ibrahima_konate,0.0,90,1,RCB,90' RCB,https://playerstats.football/premier-league/liverpool/xg
26,1344436,19615693,2025/2026,25/26 12 Jan,2026-01-12,300,FA Cup,h,Home,Barnsley,4-1,h 4-1,100556,I. Konaté,Ibrahima Konaté,ibrahima_konate,0.0,30,1,,30',https://playerstats.football/premier-league/liverpool/xg
25,1378764,19427670,2025/2026,25/26 17 Jan,2026-01-17,1,Premier League,h,Home,Burnley,1-1,h 1-1,100556,I. Konaté,Ibrahima Konaté,ibrahima_konate,0.0,90,1,RCB,90' RCB,https://playerstats.football/premier-league/liverpool/xg
24,1397227,19568558,2025/2026,25/26 21 Jan,2026-01-21,5,Champions League,a,Away,Olympique Marseille,0-3,a 0-3,100556,I. Konaté,Ibrahima Konaté,ibrahima_konate,0.0,0,0,,,https://playerstats.football/premier-league/liverpool/xg
23,1378641,19427677,2025/2026,25/26 24 Jan,2026-01-24,1,Premier League,a,Away,AFC Bournemouth,3-2,a 3-2,100556,I. Konaté,Ibrahima Konaté,ibrahima_konate,0.0,0,0,,,https://playerstats.football/premier-league/liverpool/xg
22,1396913,19568541,2025/2026,25/26 28 Jan,2026-01-28,5,Champions League,h,Home,Qarabağ,6-0,h 6-0,100556,I. Konaté,Ibrahima Konaté,ibrahima_konate,0.0,0,0,,,https://playerstats.football/premier-league/liverpool/xg
21,1378995,19427690,2025/2026,25/26 31 Jan,2026-01-31,1,Premier League,h,Home,Newcastle United,4-1,h 4-1,100556,I. Konaté,Ibrahima Konaté,ibrahima_konate,0.18,90,1,RCB,0.18 90' RCB,https://playerstats.football/premier-league/liverpool/xg
20,1378700,19427702,2025/2026,25/26 08 Feb,2026-02-08,1,Premier League,h,Home,Manchester City,1-2,h 1-2,100556,I. Konaté,Ibrahima Konaté,ibrahima_konate,0.0,90,1,RCB,90' RCB,https://playerstats.football/premier-league/liverpool/xg
19,1378607,19427713,2025/2026,25/26 11 Feb,2026-02-11,1,Premier League,a,Away,Sunderland,0-1,a 0-1,100556,I. Konaté,Ibrahima Konaté,ibrahima_konate,0.03,90,1,RCB,0.03 90' RCB,https://playerstats.football/premier-league/liverpool/xg
18,1374766,19645325,2025/2026,25/26 14 Feb,2026-02-14,300,FA Cup,h,Home,Brighton & Hove Albion,3-0,h 3-0,100556,I. Konaté,Ibrahima Konaté,ibrahima_konate,0.0,90,1,RCB,90' RCB,https://playerstats.football/premier-league/liverpool/xg
17,1398004,19427151,2025/2026,25/26 22 Feb,2026-02-22,1,Premier League,a,Away,Nottingham Forest,0-1,a 0-1,100556,I. Konaté,Ibrahima Konaté,ibrahima_konate,0.0,90,1,RCB,90' RCB,https://playerstats.football/premier-league/liverpool/xg
16,1405260,19427161,2025/2026,25/26 28 Feb,2026-02-28,1,Premier League,h,Home,West Ham United,5-2,h 5-2,100556,I. Konaté,Ibrahima Konaté,ibrahima_konate,0.0,90,1,RCB,90' RCB,https://playerstats.football/premier-league/liverpool/xg
15,1407609,19427174,2025/2026,25/26 03 Mar,2026-03-03,1,Premier League,a,Away,Wolverhampton Wanderers,2-1,a 2-1,100556,I. Konaté,Ibrahima Konaté,ibrahima_konate,0.0,79,1,RCB,79' 0.08 +0.08 F. Chiesa RCB,https://playerstats.football/premier-league/liverpool/xg
14,1413001,19676918,2025/2026,25/26 06 Mar,2026-03-06,300,FA Cup,a,Away,Wolverhampton Wanderers,1-3,a 1-3,100556,I. Konaté,Ibrahima Konaté,ibrahima_konate,0.0,9,1,,9',https://playerstats.football/premier-league/liverpool/xg
13,1415031,19662568,2025/2026,25/26 10 Mar,2026-03-10,5,Champions League,a,Away,Galatasaray,1-0,a 1-0,100556,I. Konaté,Ibrahima Konaté,ibrahima_konate,0.06,90,1,RCB,0.06 90' RCB,https://playerstats.football/premier-league/liverpool/xg
12,1422066,19427180,2025/2026,25/26 15 Mar,2026-03-15,1,Premier League,h,Home,Tottenham Hotspur,1-1,h 1-1,100556,I. Konaté,Ibrahima Konaté,ibrahima_konate,0.0,0,0,,,https://playerstats.football/premier-league/liverpool/xg
11,1426145,19662560,2025/2026,25/26 18 Mar,2026-03-18,5,Champions League,h,Home,Galatasaray,4-0,h 4-0,100556,I. Konaté,Ibrahima Konaté,ibrahima_konate,0.24,90,1,RCB,0.24 90' RCB,https://playerstats.football/premier-league/liverpool/xg
10,1429079,19427187,2025/2026,25/26 21 Mar,2026-03-21,1,Premier League,a,Away,Brighton & Hove Albion,2-1,a 2-1,100556,I. Konaté,Ibrahima Konaté,ibrahima_konate,0.0,77,1,RCB,77' 0.1 +0.10 F. Chiesa RCB,https://playerstats.football/premier-league/liverpool/xg
9,1443072,19687560,2025/2026,25/26 04 Apr,2026-04-04,300,FA Cup,a,Away,Manchester City,4-0,a 4-0,100556,I. Konaté,Ibrahima Konaté,ibrahima_konate,0.04,90,1,RCB,0.04 90' RCB,https://playerstats.football/premier-league/liverpool/xg
8,1447863,19683236,2025/2026,25/26 08 Apr,2026-04-08,5,Champions League,a,Away,Paris Saint Germain,2-0,a 2-0,100556,I. Konaté,Ibrahima Konaté,ibrahima_konate,0.0,90,1,RCB,90' RCB,https://playerstats.football/premier-league/liverpool/xg
7,1451031,19427197,2025/2026,25/26 11 Apr,2026-04-11,1,Premier League,h,Home,Fulham,2-0,h 2-0,100556,I. Konaté,Ibrahima Konaté,ibrahima_konate,0.0,90,1,RCB,90' RCB,https://playerstats.football/premier-league/liverpool/xg
6,1452845,19683229,2025/2026,25/26 14 Apr,2026-04-14,5,Champions League,h,Home,Paris Saint Germain,0-2,h 0-2,100556,I. Konaté,Ibrahima Konaté,ibrahima_konate,0.17,90,1,RCB,0.17 90' RCB,https://playerstats.football/premier-league/liverpool/xg
5,1458937,19427732,2025/2026,25/26 19 Apr,2026-04-19,1,Premier League,a,Away,Everton,1-2,a 1-2,100556,I. Konaté,Ibrahima Konaté,ibrahima_konate,0.0,90,1,RCB,90' RCB,https://playerstats.football/premier-league/liverpool/xg
4,1466441,19427201,2025/2026,25/26 25 Apr,2026-04-25,1,Premier League,h,Home,Crystal Palace,3-1,h 3-1,100556,I. Konaté,Ibrahima Konaté,ibrahima_konate,0.0,90,1,RCB,90' RCB,https://playerstats.football/premier-league/liverpool/xg
3,1475068,19427213,2025/2026,25/26 03 May,2026-05-03,1,Premier League,a,Away,Manchester United,3-2,a 3-2,100556,I. Konaté,Ibrahima Konaté,ibrahima_konate,0.0,87,1,RCB,87' RCB,https://playerstats.football/premier-league/liverpool/xg
2,1480645,19427220,2025/2026,25/26 09 May,2026-05-09,1,Premier League,h,Home,Chelsea,1-1,h 1-1,100556,I. Konaté,Ibrahima Konaté,ibrahima_konate,0.0,77,1,RCB,77' RCB,https://playerstats.football/premier-league/liverpool/xg
1,1487202,19427227,2025/2026,25/26 15 May,2026-05-15,1,Premier League,a,Away,Aston Villa,4-2,a 4-2,100556,I. Konaté,Ibrahima Konaté,ibrahima_konate,0.0,90,1,RCB,90' RCB,https://playerstats.football/premier-league/liverpool/xg
56,1193039,19464492,2025/2026,25/26 10 Aug,2025-08-10,7,Community Shield,a,Away,Crystal Palace,2-2,a 2-2 P,37573827,J. Danns,Jayden Danns,jayden_danns,0.0,0,0,,,https://playerstats.football/premier-league/liverpool/xg
55,1378727,19427455,2025/2026,25/26 15 Aug,2025-08-15,1,Premier League,h,Home,AFC Bournemouth,4-2,h 4-2,37573827,J. Danns,Jayden Danns,jayden_danns,0.0,0,0,,,https://playerstats.football/premier-league/liverpool/xg
54,1378725,19427473,2025/2026,25/26 25 Aug,2025-08-25,1,Premier League,a,Away,Newcastle United,2-3,a 2-3,37573827,J. Danns,Jayden Danns,jayden_danns,0.0,0,0,,,https://playerstats.football/premier-league/liverpool/xg
53,1378820,19427479,2025/2026,25/26 31 Aug,2025-08-31,1,Premier League,h,Home,Arsenal,1-0,h 1-0,37573827,J. Danns,Jayden Danns,jayden_danns,0.0,0,0,,,https://playerstats.football/premier-league/liverpool/xg
52,1378793,19427488,2025/2026,25/26 14 Sep,2025-09-14,1,Premier League,a,Away,Burnley,0-1,a 0-1,37573827,J. Danns,Jayden Danns,jayden_danns,0.0,0,0,,,https://playerstats.football/premier-league/liverpool/xg
51,1397014,19568539,2025/2026,25/26 17 Sep,2025-09-17,5,Champions League,h,Home,Atlético Madrid,3-2,h 3-2,37573827,J. Danns,Jayden Danns,jayden_danns,0.0,0,0,,,https://playerstats.football/premier-league/liverpool/xg
50,1379121,19427500,2025/2026,25/26 20 Sep,2025-09-20,1,Premier League,h,Home,Everton,2-1,h 2-1,37573827,J. Danns,Jayden Danns,jayden_danns,0.0,0,0,,,https://playerstats.football/premier-league/liverpool/xg
49,1218466,19572904,2025/2026,25/26 23 Sep,2025-09-23,8,Carabao Cup,h,Home,Southampton,2-1,h 2-1,37573827,J. Danns,Jayden Danns,jayden_danns,0.0,15,1,,15',https://playerstats.football/premier-league/liverpool/xg
48,1379139,19427508,2025/2026,25/26 27 Sep,2025-09-27,1,Premier League,a,Away,Crystal Palace,2-1,a 2-1,37573827,J. Danns,Jayden Danns,jayden_danns,0.0,0,0,,,https://playerstats.football/premier-league/liverpool/xg
47,1396787,19568522,2025/2026,25/26 30 Sep,2025-09-30,5,Champions League,a,Away,Galatasaray,1-0,a 1-0,37573827,J. Danns,Jayden Danns,jayden_danns,0.0,0,0,,,https://playerstats.football/premier-league/liverpool/xg
46,1378908,19427519,2025/2026,25/26 04 Oct,2025-10-04,1,Premier League,a,Away,Chelsea,2-1,a 2-1,37573827,J. Danns,Jayden Danns,jayden_danns,0.0,0,0,,,https://playerstats.football/premier-league/liverpool/xg
45,1378881,19427529,2025/2026,25/26 19 Oct,2025-10-19,1,Premier League,h,Home,Manchester United,1-2,h 1-2,37573827,J. Danns,Jayden Danns,jayden_danns,0.0,0,0,,,https://playerstats.football/premier-league/liverpool/xg
44,1397134,19568510,2025/2026,25/26 22 Oct,2025-10-22,5,Champions League,a,Away,Eintracht Frankfurt,1-5,a 1-5,37573827,J. Danns,Jayden Danns,jayden_danns,0.0,0,0,,,https://playerstats.football/premier-league/liverpool/xg
43,1378639,19427539,2025/2026,25/26 25 Oct,2025-10-25,1,Premier League,a,Away,Brentford,3-2,a 3-2,37573827,J. Danns,Jayden Danns,jayden_danns,0.0,0,0,,,https://playerstats.football/premier-league/liverpool/xg
42,1290118,19585905,2025/2026,25/26 29 Oct,2025-10-29,8,Carabao Cup,h,Home,Crystal Palace,0-3,h 0-3,37573827,J. Danns,Jayden Danns,jayden_danns,0.0,0,0,,,https://playerstats.football/premier-league/liverpool/xg
41,1378744,19427550,2025/2026,25/26 01 Nov,2025-11-01,1,Premier League,h,Home,Aston Villa,2-0,h 2-0,37573827,J. Danns,Jayden Danns,jayden_danns,0.0,0,0,,,https://playerstats.football/premier-league/liverpool/xg
40,1397140,19568538,2025/2026,25/26 04 Nov,2025-11-04,5,Champions League,h,Home,Real Madrid,1-0,h 1-0,37573827,J. Danns,Jayden Danns,jayden_danns,0.0,0,0,,,https://playerstats.football/premier-league/liverpool/xg
39,1378930,19427561,2025/2026,25/26 09 Nov,2025-11-09,1,Premier League,a,Away,Manchester City,3-0,a 3-0,37573827,J. Danns,Jayden Danns,jayden_danns,0.0,0,0,,,https://playerstats.football/premier-league/liverpool/xg
38,1378974,19427572,2025/2026,25/26 22 Nov,2025-11-22,1,Premier League,h,Home,Nottingham Forest,0-3,h 0-3,37573827,J. Danns,Jayden Danns,jayden_danns,0.0,0,0,,,https://playerstats.football/premier-league/liverpool/xg
37,1396979,19568540,2025/2026,25/26 26 Nov,2025-11-26,5,Champions League,h,Home,PSV,1-4,h 1-4,37573827,J. Danns,Jayden Danns,jayden_danns,0.0,0,0,,,https://playerstats.football/premier-league/liverpool/xg
36,1378854,19427585,2025/2026,25/26 30 Nov,2025-11-30,1,Premier League,a,Away,West Ham United,0-2,a 0-2,37573827,J. Danns,Jayden Danns,jayden_danns,0.0,0,0,,,https://playerstats.football/premier-league/liverpool/xg
35,1378637,19427592,2025/2026,25/26 03 Dec,2025-12-03,1,Premier League,h,Home,Sunderland,1-1,h 1-1,37573827,J. Danns,Jayden Danns,jayden_danns,0.0,0,0,,,https://playerstats.football/premier-league/liverpool/xg
34,1378928,19427601,2025/2026,25/26 06 Dec,2025-12-06,1,Premier League,a,Away,Leeds United,3-3,a 3-3,37573827,J. Danns,Jayden Danns,jayden_danns,0.0,0,0,,,https://playerstats.football/premier-league/liverpool/xg
33,1396884,19568526,2025/2026,25/26 09 Dec,2025-12-09,5,Champions League,a,Away,Inter,0-1,a 0-1,37573827,J. Danns,Jayden Danns,jayden_danns,0.0,0,0,,,https://playerstats.football/premier-league/liverpool/xg
32,1378936,19427611,2025/2026,25/26 13 Dec,2025-12-13,1,Premier League,h,Home,Brighton & Hove Albion,2-0,h 2-0,37573827,J. Danns,Jayden Danns,jayden_danns,0.0,0,0,,,https://playerstats.football/premier-league/liverpool/xg
31,1378949,19427624,2025/2026,25/26 20 Dec,2025-12-20,1,Premier League,a,Away,Tottenham Hotspur,1-2,a 1-2,37573827,J. Danns,Jayden Danns,jayden_danns,0.0,0,0,,,https://playerstats.football/premier-league/liverpool/xg
30,1379105,19427631,2025/2026,25/26 27 Dec,2025-12-27,1,Premier League,h,Home,Wolverhampton Wanderers,2-1,h 2-1,37573827,J. Danns,Jayden Danns,jayden_danns,0.0,0,0,,,https://playerstats.football/premier-league/liverpool/xg
29,1378612,19427641,2025/2026,25/26 01 Jan,2026-01-01,1,Premier League,h,Home,Leeds United,0-0,h 0-0,37573827,J. Danns,Jayden Danns,jayden_danns,0.0,0,0,,,https://playerstats.football/premier-league/liverpool/xg
28,1379083,19427650,2025/2026,25/26 04 Jan,2026-01-04,1,Premier League,a,Away,Fulham,2-2,a 2-2,37573827,J. Danns,Jayden Danns,jayden_danns,0.0,0,0,,,https://playerstats.football/premier-league/liverpool/xg
27,1378873,19427656,2025/2026,25/26 08 Jan,2026-01-08,1,Premier League,a,Away,Arsenal,0-0,a 0-0,37573827,J. Danns,Jayden Danns,jayden_danns,0.0,0,0,,,https://playerstats.football/premier-league/liverpool/xg
26,1344436,19615693,2025/2026,25/26 12 Jan,2026-01-12,300,FA Cup,h,Home,Barnsley,4-1,h 4-1,37573827,J. Danns,Jayden Danns,jayden_danns,0.0,0,0,,,https://playerstats.football/premier-league/liverpool/xg
25,1378764,19427670,2025/2026,25/26 17 Jan,2026-01-17,1,Premier League,h,Home,Burnley,1-1,h 1-1,37573827,J. Danns,Jayden Danns,jayden_danns,0.0,0,0,,,https://playerstats.football/premier-league/liverpool/xg
24,1397227,19568558,2025/2026,25/26 21 Jan,2026-01-21,5,Champions League,a,Away,Olympique Marseille,0-3,a 0-3,37573827,J. Danns,Jayden Danns,jayden_danns,0.0,0,0,,,https://playerstats.football/premier-league/liverpool/xg
23,1378641,19427677,2025/2026,25/26 24 Jan,2026-01-24,1,Premier League,a,Away,AFC Bournemouth,3-2,a 3-2,37573827,J. Danns,Jayden Danns,jayden_danns,0.0,0,0,,,https://playerstats.football/premier-league/liverpool/xg
22,1396913,19568541,2025/2026,25/26 28 Jan,2026-01-28,5,Champions League,h,Home,Qarabağ,6-0,h 6-0,37573827,J. Danns,Jayden Danns,jayden_danns,0.0,0,0,,,https://playerstats.football/premier-league/liverpool/xg
21,1378995,19427690,2025/2026,25/26 31 Jan,2026-01-31,1,Premier League,h,Home,Newcastle United,4-1,h 4-1,37573827,J. Danns,Jayden Danns,jayden_danns,0.0,0,0,,,https://playerstats.football/premier-league/liverpool/xg
20,1378700,19427702,2025/2026,25/26 08 Feb,2026-02-08,1,Premier League,h,Home,Manchester City,1-2,h 1-2,37573827,J. Danns,Jayden Danns,jayden_danns,0.0,0,0,,,https://playerstats.football/premier-league/liverpool/xg
19,1378607,19427713,2025/2026,25/26 11 Feb,2026-02-11,1,Premier League,a,Away,Sunderland,0-1,a 0-1,37573827,J. Danns,Jayden Danns,jayden_danns,0.0,0,0,,,https://playerstats.football/premier-league/liverpool/xg
18,1374766,19645325,2025/2026,25/26 14 Feb,2026-02-14,300,FA Cup,h,Home,Brighton & Hove Albion,3-0,h 3-0,37573827,J. Danns,Jayden Danns,jayden_danns,0.0,0,0,,,https://playerstats.football/premier-league/liverpool/xg
17,1398004,19427151,2025/2026,25/26 22 Feb,2026-02-22,1,Premier League,a,Away,Nottingham Forest,0-1,a 0-1,37573827,J. Danns,Jayden Danns,jayden_danns,0.0,0,0,,,https://playerstats.football/premier-league/liverpool/xg
16,1405260,19427161,2025/2026,25/26 28 Feb,2026-02-28,1,Premier League,h,Home,West Ham United,5-2,h 5-2,37573827,J. Danns,Jayden Danns,jayden_danns,0.0,0,0,,,https://playerstats.football/premier-league/liverpool/xg
15,1407609,19427174,2025/2026,25/26 03 Mar,2026-03-03,1,Premier League,a,Away,Wolverhampton Wanderers,2-1,a 2-1,37573827,J. Danns,Jayden Danns,jayden_danns,0.0,0,0,,,https://playerstats.football/premier-league/liverpool/xg
14,1413001,19676918,2025/2026,25/26 06 Mar,2026-03-06,300,FA Cup,a,Away,Wolverhampton Wanderers,1-3,a 1-3,37573827,J. Danns,Jayden Danns,jayden_danns,0.0,0,0,,,https://playerstats.football/premier-league/liverpool/xg
13,1415031,19662568,2025/2026,25/26 10 Mar,2026-03-10,5,Champions League,a,Away,Galatasaray,1-0,a 1-0,37573827,J. Danns,Jayden Danns,jayden_danns,0.0,0,0,,,https://playerstats.football/premier-league/liverpool/xg
12,1422066,19427180,2025/2026,25/26 15 Mar,2026-03-15,1,Premier League,h,Home,Tottenham Hotspur,1-1,h 1-1,37573827,J. Danns,Jayden Danns,jayden_danns,0.0,0,0,,,https://playerstats.football/premier-league/liverpool/xg
11,1426145,19662560,2025/2026,25/26 18 Mar,2026-03-18,5,Champions League,h,Home,Galatasaray,4-0,h 4-0,37573827,J. Danns,Jayden Danns,jayden_danns,0.0,0,0,,,https://playerstats.football/premier-league/liverpool/xg
10,1429079,19427187,2025/2026,25/26 21 Mar,2026-03-21,1,Premier League,a,Away,Brighton & Hove Albion,2-1,a 2-1,37573827,J. Danns,Jayden Danns,jayden_danns,0.0,0,0,,,https://playerstats.football/premier-league/liverpool/xg
9,1443072,19687560,2025/2026,25/26 04 Apr,2026-04-04,300,FA Cup,a,Away,Manchester City,4-0,a 4-0,37573827,J. Danns,Jayden Danns,jayden_danns,0.0,0,0,,,https://playerstats.football/premier-league/liverpool/xg
8,1447863,19683236,2025/2026,25/26 08 Apr,2026-04-08,5,Champions League,a,Away,Paris Saint Germain,2-0,a 2-0,37573827,J. Danns,Jayden Danns,jayden_danns,0.0,0,0,,,https://playerstats.football/premier-league/liverpool/xg
7,1451031,19427197,2025/2026,25/26 11 Apr,2026-04-11,1,Premier League,h,Home,Fulham,2-0,h 2-0,37573827,J. Danns,Jayden Danns,jayden_danns,0.0,0,0,,,https://playerstats.football/premier-league/liverpool/xg
6,1452845,19683229,2025/2026,25/26 14 Apr,2026-04-14,5,Champions League,h,Home,Paris Saint Germain,0-2,h 0-2,37573827,J. Danns,Jayden Danns,jayden_danns,0.0,0,0,,,https://playerstats.football/premier-league/liverpool/xg
5,1458937,19427732,2025/2026,25/26 19 Apr,2026-04-19,1,Premier League,a,Away,Everton,1-2,a 1-2,37573827,J. Danns,Jayden Danns,jayden_danns,0.0,0,0,,,https://playerstats.football/premier-league/liverpool/xg
4,1466441,19427201,2025/2026,25/26 25 Apr,2026-04-25,1,Premier League,h,Home,Crystal Palace,3-1,h 3-1,37573827,J. Danns,Jayden Danns,jayden_danns,0.0,0,0,,,https://playerstats.football/premier-league/liverpool/xg
3,1475068,19427213,2025/2026,25/26 03 May,2026-05-03,1,Premier League,a,Away,Manchester United,3-2,a 3-2,37573827,J. Danns,Jayden Danns,jayden_danns,0.0,0,0,,,https://playerstats.football/premier-league/liverpool/xg
2,1480645,19427220,2025/2026,25/26 09 May,2026-05-09,1,Premier League,h,Home,Chelsea,1-1,h 1-1,37573827,J. Danns,Jayden Danns,jayden_danns,0.0,0,0,,,https://playerstats.football/premier-league/liverpool/xg
1,1487202,19427227,2025/2026,25/26 15 May,2026-05-15,1,Premier League,a,Away,Aston Villa,4-2,a 4-2,37573827,J. Danns,Jayden Danns,jayden_danns,0.0,0,0,,,https://playerstats.football/premier-league/liverpool/xg
56,1193039,19464492,2025/2026,25/26 10 Aug,2025-08-10,7,Community Shield,a,Away,Crystal Palace,2-2,a 2-2 P,8403182,J. Frimpong,Jeremie Frimpong,jeremie_frimpong,0.0,120,1,RB,120' RB,https://playerstats.football/premier-league/liverpool/xg
55,1378727,19427455,2025/2026,25/26 15 Aug,2025-08-15,1,Premier League,h,Home,AFC Bournemouth,4-2,h 4-2,8403182,J. Frimpong,Jeremie Frimpong,jeremie_frimpong,0.02,60,1,RB,0.02 60' RB,https://playerstats.football/premier-league/liverpool/xg
54,1378725,19427473,2025/2026,25/26 25 Aug,2025-08-25,1,Premier League,a,Away,Newcastle United,2-3,a 2-3,8403182,J. Frimpong,Jeremie Frimpong,jeremie_frimpong,0.0,0,0,,,https://playerstats.football/premier-league/liverpool/xg
53,1378820,19427479,2025/2026,25/26 31 Aug,2025-08-31,1,Premier League,h,Home,Arsenal,1-0,h 1-0,8403182,J. Frimpong,Jeremie Frimpong,jeremie_frimpong,0.0,0,0,,,https://playerstats.football/premier-league/liverpool/xg
52,1378793,19427488,2025/2026,25/26 14 Sep,2025-09-14,1,Premier League,a,Away,Burnley,0-1,a 0-1,8403182,J. Frimpong,Jeremie Frimpong,jeremie_frimpong,0.15,3,1,,0.15 3',https://playerstats.football/premier-league/liverpool/xg
51,1397014,19568539,2025/2026,25/26 17 Sep,2025-09-17,5,Champions League,h,Home,Atlético Madrid,3-2,h 3-2,8403182,J. Frimpong,Jeremie Frimpong,jeremie_frimpong,0.26,58,1,RB,0.26 58' RB,https://playerstats.football/premier-league/liverpool/xg
50,1379121,19427500,2025/2026,25/26 20 Sep,2025-09-20,1,Premier League,h,Home,Everton,2-1,h 2-1,8403182,J. Frimpong,Jeremie Frimpong,jeremie_frimpong,0.0,0,0,,,https://playerstats.football/premier-league/liverpool/xg
49,1218466,19572904,2025/2026,25/26 23 Sep,2025-09-23,8,Carabao Cup,h,Home,Southampton,2-1,h 2-1,8403182,J. Frimpong,Jeremie Frimpong,jeremie_frimpong,0.0,90,1,RB,90' RB,https://playerstats.football/premier-league/liverpool/xg
48,1379139,19427508,2025/2026,25/26 27 Sep,2025-09-27,1,Premier League,a,Away,Crystal Palace,2-1,a 2-1,8403182,J. Frimpong,Jeremie Frimpong,jeremie_frimpong,0.0,16,1,,16',https://playerstats.football/premier-league/liverpool/xg
47,1396787,19568522,2025/2026,25/26 30 Sep,2025-09-30,5,Champions League,a,Away,Galatasaray,1-0,a 1-0,8403182,J. Frimpong,Jeremie Frimpong,jeremie_frimpong,0.0,62,1,RAM,62' 0.07 +0.07 C. Bradley RAM,https://playerstats.football/premier-league/liverpool/xg
46,1378908,19427519,2025/2026,25/26 04 Oct,2025-10-04,1,Premier League,a,Away,Chelsea,2-1,a 2-1,8403182,J. Frimpong,Jeremie Frimpong,jeremie_frimpong,0.0,0,0,,,https://playerstats.football/premier-league/liverpool/xg
45,1378881,19427529,2025/2026,25/26 19 Oct,2025-10-19,1,Premier League,h,Home,Manchester United,1-2,h 1-2,8403182,J. Frimpong,Jeremie Frimpong,jeremie_frimpong,0.0,5,1,,5',https://playerstats.football/premier-league/liverpool/xg
44,1397134,19568510,2025/2026,25/26 22 Oct,2025-10-22,5,Champions League,a,Away,Eintracht Frankfurt,1-5,a 1-5,8403182,J. Frimpong,Jeremie Frimpong,jeremie_frimpong,0.0,19,1,RB,19' 0.14 +0.14 C. Bradley RB,https://playerstats.football/premier-league/liverpool/xg
43,1378639,19427539,2025/2026,25/26 25 Oct,2025-10-25,1,Premier League,a,Away,Brentford,3-2,a 3-2,8403182,J. Frimpong,Jeremie Frimpong,jeremie_frimpong,0.0,0,0,,,https://playerstats.football/premier-league/liverpool/xg
42,1290118,19585905,2025/2026,25/26 29 Oct,2025-10-29,8,Carabao Cup,h,Home,Crystal Palace,0-3,h 0-3,8403182,J. Frimpong,Jeremie Frimpong,jeremie_frimpong,0.0,0,0,,,https://playerstats.football/premier-league/liverpool/xg
41,1378744,19427550,2025/2026,25/26 01 Nov,2025-11-01,1,Premier League,h,Home,Aston Villa,2-0,h 2-0,8403182,J. Frimpong,Jeremie Frimpong,jeremie_frimpong,0.0,0,0,,,https://playerstats.football/premier-league/liverpool/xg
40,1397140,19568538,2025/2026,25/26 04 Nov,2025-11-04,5,Champions League,h,Home,Real Madrid,1-0,h 1-0,8403182,J. Frimpong,Jeremie Frimpong,jeremie_frimpong,0.0,0,0,,,https://playerstats.football/premier-league/liverpool/xg
39,1378930,19427561,2025/2026,25/26 09 Nov,2025-11-09,1,Premier League,a,Away,Manchester City,3-0,a 3-0,8403182,J. Frimpong,Jeremie Frimpong,jeremie_frimpong,0.0,0,0,,,https://playerstats.football/premier-league/liverpool/xg
38,1378974,19427572,2025/2026,25/26 22 Nov,2025-11-22,1,Premier League,h,Home,Nottingham Forest,0-3,h 0-3,8403182,J. Frimpong,Jeremie Frimpong,jeremie_frimpong,0.0,0,0,,,https://playerstats.football/premier-league/liverpool/xg
37,1396979,19568540,2025/2026,25/26 26 Nov,2025-11-26,5,Champions League,h,Home,PSV,1-4,h 1-4,8403182,J. Frimpong,Jeremie Frimpong,jeremie_frimpong,0.0,0,0,,,https://playerstats.football/premier-league/liverpool/xg
36,1378854,19427585,2025/2026,25/26 30 Nov,2025-11-30,1,Premier League,a,Away,West Ham United,0-2,a 0-2,8403182,J. Frimpong,Jeremie Frimpong,jeremie_frimpong,0.0,0,0,,,https://playerstats.football/premier-league/liverpool/xg
35,1378637,19427592,2025/2026,25/26 03 Dec,2025-12-03,1,Premier League,h,Home,Sunderland,1-1,h 1-1,8403182,J. Frimpong,Jeremie Frimpong,jeremie_frimpong,0.0,0,0,,,https://playerstats.football/premier-league/liverpool/xg
34,1378928,19427601,2025/2026,25/26 06 Dec,2025-12-06,1,Premier League,a,Away,Leeds United,3-3,a 3-3,8403182,J. Frimpong,Jeremie Frimpong,jeremie_frimpong,0.0,0,0,,,https://playerstats.football/premier-league/liverpool/xg
33,1396884,19568526,2025/2026,25/26 09 Dec,2025-12-09,5,Champions League,a,Away,Inter,0-1,a 0-1,8403182,J. Frimpong,Jeremie Frimpong,jeremie_frimpong,0.0,0,0,,,https://playerstats.football/premier-league/liverpool/xg
32,1378936,19427611,2025/2026,25/26 13 Dec,2025-12-13,1,Premier League,h,Home,Brighton & Hove Albion,2-0,h 2-0,8403182,J. Frimpong,Jeremie Frimpong,jeremie_frimpong,0.0,0,0,,,https://playerstats.football/premier-league/liverpool/xg
31,1378949,19427624,2025/2026,25/26 20 Dec,2025-12-20,1,Premier League,a,Away,Tottenham Hotspur,1-2,a 1-2,8403182,J. Frimpong,Jeremie Frimpong,jeremie_frimpong,0.0,30,1,,30',https://playerstats.football/premier-league/liverpool/xg
30,1379105,19427631,2025/2026,25/26 27 Dec,2025-12-27,1,Premier League,h,Home,Wolverhampton Wanderers,2-1,h 2-1,8403182,J. Frimpong,Jeremie Frimpong,jeremie_frimpong,0.0,90,1,RB,90' RB,https://playerstats.football/premier-league/liverpool/xg
29,1378612,19427641,2025/2026,25/26 01 Jan,2026-01-01,1,Premier League,h,Home,Leeds United,0-0,h 0-0,8403182,J. Frimpong,Jeremie Frimpong,jeremie_frimpong,0.03,84,1,RAM,0.03 84' RAM,https://playerstats.football/premier-league/liverpool/xg
28,1379083,19427650,2025/2026,25/26 04 Jan,2026-01-04,1,Premier League,a,Away,Fulham,2-2,a 2-2,8403182,J. Frimpong,Jeremie Frimpong,jeremie_frimpong,0.0,14,1,,14',https://playerstats.football/premier-league/liverpool/xg
27,1378873,19427656,2025/2026,25/26 08 Jan,2026-01-08,1,Premier League,a,Away,Arsenal,0-0,a 0-0,8403182,J. Frimpong,Jeremie Frimpong,jeremie_frimpong,0.0,90,1,RAM,90' RAM,https://playerstats.football/premier-league/liverpool/xg
26,1344436,19615693,2025/2026,25/26 12 Jan,2026-01-12,300,FA Cup,h,Home,Barnsley,4-1,h 4-1,8403182,J. Frimpong,Jeremie Frimpong,jeremie_frimpong,0.09,60,1,RB,0.09 60' 0.49 +0.40 F. Wirtz RB,https://playerstats.football/premier-league/liverpool/xg
25,1378764,19427670,2025/2026,25/26 17 Jan,2026-01-17,1,Premier League,h,Home,Burnley,1-1,h 1-1,8403182,J. Frimpong,Jeremie Frimpong,jeremie_frimpong,0.29,90,1,RB,0.29 90' RB,https://playerstats.football/premier-league/liverpool/xg
24,1397227,19568558,2025/2026,25/26 21 Jan,2026-01-21,5,Champions League,a,Away,Olympique Marseille,0-3,a 0-3,8403182,J. Frimpong,Jeremie Frimpong,jeremie_frimpong,0.0,90,1,RB,90' RB,https://playerstats.football/premier-league/liverpool/xg
23,1378641,19427677,2025/2026,25/26 24 Jan,2026-01-24,1,Premier League,a,Away,AFC Bournemouth,3-2,a 3-2,8403182,J. Frimpong,Jeremie Frimpong,jeremie_frimpong,0.13,59,1,RB,0.13 59' 0.25 +0.12 C. Jones RB,https://playerstats.football/premier-league/liverpool/xg
22,1396913,19568541,2025/2026,25/26 28 Jan,2026-01-28,5,Champions League,h,Home,Qarabağ,6-0,h 6-0,8403182,J. Frimpong,Jeremie Frimpong,jeremie_frimpong,0.0,4,1,RB,4' 0.09 +0.09 W. Endo RB,https://playerstats.football/premier-league/liverpool/xg
21,1378995,19427690,2025/2026,25/26 31 Jan,2026-01-31,1,Premier League,h,Home,Newcastle United,4-1,h 4-1,8403182,J. Frimpong,Jeremie Frimpong,jeremie_frimpong,0.0,0,0,,,https://playerstats.football/premier-league/liverpool/xg
20,1378700,19427702,2025/2026,25/26 08 Feb,2026-02-08,1,Premier League,h,Home,Manchester City,1-2,h 1-2,8403182,J. Frimpong,Jeremie Frimpong,jeremie_frimpong,0.0,0,0,,,https://playerstats.football/premier-league/liverpool/xg
19,1378607,19427713,2025/2026,25/26 11 Feb,2026-02-11,1,Premier League,a,Away,Sunderland,0-1,a 0-1,8403182,J. Frimpong,Jeremie Frimpong,jeremie_frimpong,0.0,0,0,,,https://playerstats.football/premier-league/liverpool/xg
18,1374766,19645325,2025/2026,25/26 14 Feb,2026-02-14,300,FA Cup,h,Home,Brighton & Hove Albion,3-0,h 3-0,8403182,J. Frimpong,Jeremie Frimpong,jeremie_frimpong,0.0,0,0,,,https://playerstats.football/premier-league/liverpool/xg
17,1398004,19427151,2025/2026,25/26 22 Feb,2026-02-22,1,Premier League,a,Away,Nottingham Forest,0-1,a 0-1,8403182,J. Frimpong,Jeremie Frimpong,jeremie_frimpong,0.0,0,0,,,https://playerstats.football/premier-league/liverpool/xg
16,1405260,19427161,2025/2026,25/26 28 Feb,2026-02-28,1,Premier League,h,Home,West Ham United,5-2,h 5-2,8403182,J. Frimpong,Jeremie Frimpong,jeremie_frimpong,0.0,13,1,,13',https://playerstats.football/premier-league/liverpool/xg
15,1407609,19427174,2025/2026,25/26 03 Mar,2026-03-03,1,Premier League,a,Away,Wolverhampton Wanderers,2-1,a 2-1,8403182,J. Frimpong,Jeremie Frimpong,jeremie_frimpong,0.09,72,1,RB,0.09 72' RB,https://playerstats.football/premier-league/liverpool/xg
14,1413001,19676918,2025/2026,25/26 06 Mar,2026-03-06,300,FA Cup,a,Away,Wolverhampton Wanderers,1-3,a 1-3,8403182,J. Frimpong,Jeremie Frimpong,jeremie_frimpong,0.15,21,1,,0.15 21',https://playerstats.football/premier-league/liverpool/xg
13,1415031,19662568,2025/2026,25/26 10 Mar,2026-03-10,5,Champions League,a,Away,Galatasaray,1-0,a 1-0,8403182,J. Frimpong,Jeremie Frimpong,jeremie_frimpong,0.03,30,1,,0.03 30',https://playerstats.football/premier-league/liverpool/xg
12,1422066,19427180,2025/2026,25/26 15 Mar,2026-03-15,1,Premier League,h,Home,Tottenham Hotspur,1-1,h 1-1,8403182,J. Frimpong,Jeremie Frimpong,jeremie_frimpong,0.0,64,1,RAM,64' 0.28 +0.28 M. Salah RAM,https://playerstats.football/premier-league/liverpool/xg
11,1426145,19662560,2025/2026,25/26 18 Mar,2026-03-18,5,Champions League,h,Home,Galatasaray,4-0,h 4-0,8403182,J. Frimpong,Jeremie Frimpong,jeremie_frimpong,0.0,67,1,RB,67' RB,https://playerstats.football/premier-league/liverpool/xg
10,1429079,19427187,2025/2026,25/26 21 Mar,2026-03-21,1,Premier League,a,Away,Brighton & Hove Albion,2-1,a 2-1,8403182,J. Frimpong,Jeremie Frimpong,jeremie_frimpong,0.0,63,1,RB,63' RB,https://playerstats.football/premier-league/liverpool/xg
9,1443072,19687560,2025/2026,25/26 04 Apr,2026-04-04,300,FA Cup,a,Away,Manchester City,4-0,a 4-0,8403182,J. Frimpong,Jeremie Frimpong,jeremie_frimpong,0.0,28,1,,28',https://playerstats.football/premier-league/liverpool/xg
8,1447863,19683236,2025/2026,25/26 08 Apr,2026-04-08,5,Champions League,a,Away,Paris Saint Germain,2-0,a 2-0,8403182,J. Frimpong,Jeremie Frimpong,jeremie_frimpong,0.0,90,1,RM,90' RM,https://playerstats.football/premier-league/liverpool/xg
7,1451031,19427197,2025/2026,25/26 11 Apr,2026-04-11,1,Premier League,h,Home,Fulham,2-0,h 2-0,8403182,J. Frimpong,Jeremie Frimpong,jeremie_frimpong,0.0,69,1,RB,69' RB,https://playerstats.football/premier-league/liverpool/xg
6,1452845,19683229,2025/2026,25/26 14 Apr,2026-04-14,5,Champions League,h,Home,Paris Saint Germain,0-2,h 0-2,8403182,J. Frimpong,Jeremie Frimpong,jeremie_frimpong,0.0,46,1,RB,46' 0.43 +0.12 +0.31 J. Gomez R. Ngumoha RB,https://playerstats.football/premier-league/liverpool/xg
5,1458937,19427732,2025/2026,25/26 19 Apr,2026-04-19,1,Premier League,a,Away,Everton,1-2,a 1-2,8403182,J. Frimpong,Jeremie Frimpong,jeremie_frimpong,0.0,6,1,,6',https://playerstats.football/premier-league/liverpool/xg
4,1466441,19427201,2025/2026,25/26 25 Apr,2026-04-25,1,Premier League,h,Home,Crystal Palace,3-1,h 3-1,8403182,J. Frimpong,Jeremie Frimpong,jeremie_frimpong,0.04,31,1,,0.04 31',https://playerstats.football/premier-league/liverpool/xg
3,1475068,19427213,2025/2026,25/26 03 May,2026-05-03,1,Premier League,a,Away,Manchester United,3-2,a 3-2,8403182,J. Frimpong,Jeremie Frimpong,jeremie_frimpong,0.0,75,1,RAM,75' 0.08 +0.08 R. Ngumoha RAM,https://playerstats.football/premier-league/liverpool/xg
2,1480645,19427220,2025/2026,25/26 09 May,2026-05-09,1,Premier League,h,Home,Chelsea,1-1,h 1-1,8403182,J. Frimpong,Jeremie Frimpong,jeremie_frimpong,0.1,90,1,RAM,0.10 90' RAM,https://playerstats.football/premier-league/liverpool/xg
1,1487202,19427227,2025/2026,25/26 15 May,2026-05-15,1,Premier League,a,Away,Aston Villa,4-2,a 4-2,8403182,J. Frimpong,Jeremie Frimpong,jeremie_frimpong,0.0,0,0,,,https://playerstats.football/premier-league/liverpool/xg
56,1193039,19464492,2025/2026,25/26 10 Aug,2025-08-10,7,Community Shield,a,Away,Crystal Palace,2-2,a 2-2 P,1453,J. Gomez,Joe Gomez,joe_gomez,0.0,0,0,,,https://playerstats.football/premier-league/liverpool/xg
55,1378727,19427455,2025/2026,25/26 15 Aug,2025-08-15,1,Premier League,h,Home,AFC Bournemouth,4-2,h 4-2,1453,J. Gomez,Joe Gomez,joe_gomez,0.0,18,1,,18',https://playerstats.football/premier-league/liverpool/xg
54,1378725,19427473,2025/2026,25/26 25 Aug,2025-08-25,1,Premier League,a,Away,Newcastle United,2-3,a 2-3,1453,J. Gomez,Joe Gomez,joe_gomez,0.0,0,0,,,https://playerstats.football/premier-league/liverpool/xg
53,1378820,19427479,2025/2026,25/26 31 Aug,2025-08-31,1,Premier League,h,Home,Arsenal,1-0,h 1-0,1453,J. Gomez,Joe Gomez,joe_gomez,0.0,11,1,,11',https://playerstats.football/premier-league/liverpool/xg
52,1378793,19427488,2025/2026,25/26 14 Sep,2025-09-14,1,Premier League,a,Away,Burnley,0-1,a 0-1,1453,J. Gomez,Joe Gomez,joe_gomez,0.0,0,0,,,https://playerstats.football/premier-league/liverpool/xg
51,1397014,19568539,2025/2026,25/26 17 Sep,2025-09-17,5,Champions League,h,Home,Atlético Madrid,3-2,h 3-2,1453,J. Gomez,Joe Gomez,joe_gomez,0.0,0,0,,,https://playerstats.football/premier-league/liverpool/xg
50,1379121,19427500,2025/2026,25/26 20 Sep,2025-09-20,1,Premier League,h,Home,Everton,2-1,h 2-1,1453,J. Gomez,Joe Gomez,joe_gomez,0.0,0,0,,,https://playerstats.football/premier-league/liverpool/xg
49,1218466,19572904,2025/2026,25/26 23 Sep,2025-09-23,8,Carabao Cup,h,Home,Southampton,2-1,h 2-1,1453,J. Gomez,Joe Gomez,joe_gomez,0.0,90,1,LCB,90' LCB,https://playerstats.football/premier-league/liverpool/xg
48,1379139,19427508,2025/2026,25/26 27 Sep,2025-09-27,1,Premier League,a,Away,Crystal Palace,2-1,a 2-1,1453,J. Gomez,Joe Gomez,joe_gomez,0.0,0,0,,,https://playerstats.football/premier-league/liverpool/xg
47,1396787,19568522,2025/2026,25/26 30 Sep,2025-09-30,5,Champions League,a,Away,Galatasaray,1-0,a 1-0,1453,J. Gomez,Joe Gomez,joe_gomez,0.0,0,0,,,https://playerstats.football/premier-league/liverpool/xg
46,1378908,19427519,2025/2026,25/26 04 Oct,2025-10-04,1,Premier League,a,Away,Chelsea,2-1,a 2-1,1453,J. Gomez,Joe Gomez,joe_gomez,0.0,0,0,,,https://playerstats.football/premier-league/liverpool/xg
45,1378881,19427529,2025/2026,25/26 19 Oct,2025-10-19,1,Premier League,h,Home,Manchester United,1-2,h 1-2,1453,J. Gomez,Joe Gomez,joe_gomez,0.0,0,0,,,https://playerstats.football/premier-league/liverpool/xg
44,1397134,19568510,2025/2026,25/26 22 Oct,2025-10-22,5,Champions League,a,Away,Eintracht Frankfurt,1-5,a 1-5,1453,J. Gomez,Joe Gomez,joe_gomez,0.0,16,1,,16',https://playerstats.football/premier-league/liverpool/xg
43,1378639,19427539,2025/2026,25/26 25 Oct,2025-10-25,1,Premier League,a,Away,Brentford,3-2,a 3-2,1453,J. Gomez,Joe Gomez,joe_gomez,0.05,7,1,,0.05 7',https://playerstats.football/premier-league/liverpool/xg
42,1290118,19585905,2025/2026,25/26 29 Oct,2025-10-29,8,Carabao Cup,h,Home,Crystal Palace,0-3,h 0-3,1453,J. Gomez,Joe Gomez,joe_gomez,0.0,90,1,CB,90' CB,https://playerstats.football/premier-league/liverpool/xg
41,1378744,19427550,2025/2026,25/26 01 Nov,2025-11-01,1,Premier League,h,Home,Aston Villa,2-0,h 2-0,1453,J. Gomez,Joe Gomez,joe_gomez,0.0,0,0,,,https://playerstats.football/premier-league/liverpool/xg
40,1397140,19568538,2025/2026,25/26 04 Nov,2025-11-04,5,Champions League,h,Home,Real Madrid,1-0,h 1-0,1453,J. Gomez,Joe Gomez,joe_gomez,0.0,0,0,,,https://playerstats.football/premier-league/liverpool/xg
39,1378930,19427561,2025/2026,25/26 09 Nov,2025-11-09,1,Premier League,a,Away,Manchester City,3-0,a 3-0,1453,J. Gomez,Joe Gomez,joe_gomez,0.0,7,1,,7',https://playerstats.football/premier-league/liverpool/xg
38,1378974,19427572,2025/2026,25/26 22 Nov,2025-11-22,1,Premier League,h,Home,Nottingham Forest,0-3,h 0-3,1453,J. Gomez,Joe Gomez,joe_gomez,0.0,0,0,,,https://playerstats.football/premier-league/liverpool/xg
37,1396979,19568540,2025/2026,25/26 26 Nov,2025-11-26,5,Champions League,h,Home,PSV,1-4,h 1-4,1453,J. Gomez,Joe Gomez,joe_gomez,0.0,0,0,,,https://playerstats.football/premier-league/liverpool/xg
36,1378854,19427585,2025/2026,25/26 30 Nov,2025-11-30,1,Premier League,a,Away,West Ham United,0-2,a 0-2,1453,J. Gomez,Joe Gomez,joe_gomez,0.0,90,1,RB,90' RB,https://playerstats.football/premier-league/liverpool/xg
35,1378637,19427592,2025/2026,25/26 03 Dec,2025-12-03,1,Premier League,h,Home,Sunderland,1-1,h 1-1,1453,J. Gomez,Joe Gomez,joe_gomez,0.04,65,1,RB,0.04 65' 0.07 +0.03 C. Jones RB,https://playerstats.football/premier-league/liverpool/xg
34,1378928,19427601,2025/2026,25/26 06 Dec,2025-12-06,1,Premier League,a,Away,Leeds United,3-3,a 3-3,1453,J. Gomez,Joe Gomez,joe_gomez,0.0,22,1,,22',https://playerstats.football/premier-league/liverpool/xg
33,1396884,19568526,2025/2026,25/26 09 Dec,2025-12-09,5,Champions League,a,Away,Inter,0-1,a 0-1,1453,J. Gomez,Joe Gomez,joe_gomez,0.0,68,1,RB,68' 0.1 +0.10 C. Bradley RB,https://playerstats.football/premier-league/liverpool/xg
32,1378936,19427611,2025/2026,25/26 13 Dec,2025-12-13,1,Premier League,h,Home,Brighton & Hove Albion,2-0,h 2-0,1453,J. Gomez,Joe Gomez,joe_gomez,0.0,26,1,RB,26' 0.88 +0.88 M. Salah RB,https://playerstats.football/premier-league/liverpool/xg
31,1378949,19427624,2025/2026,25/26 20 Dec,2025-12-20,1,Premier League,a,Away,Tottenham Hotspur,1-2,a 1-2,1453,J. Gomez,Joe Gomez,joe_gomez,0.0,0,0,,,https://playerstats.football/premier-league/liverpool/xg
30,1379105,19427631,2025/2026,25/26 27 Dec,2025-12-27,1,Premier League,h,Home,Wolverhampton Wanderers,2-1,h 2-1,1453,J. Gomez,Joe Gomez,joe_gomez,0.0,0,0,,,https://playerstats.football/premier-league/liverpool/xg
29,1378612,19427641,2025/2026,25/26 01 Jan,2026-01-01,1,Premier League,h,Home,Leeds United,0-0,h 0-0,1453,J. Gomez,Joe Gomez,joe_gomez,0.0,0,0,,,https://playerstats.football/premier-league/liverpool/xg
28,1379083,19427650,2025/2026,25/26 04 Jan,2026-01-04,1,Premier League,a,Away,Fulham,2-2,a 2-2,1453,J. Gomez,Joe Gomez,joe_gomez,0.0,1,1,,1',https://playerstats.football/premier-league/liverpool/xg
27,1378873,19427656,2025/2026,25/26 08 Jan,2026-01-08,1,Premier League,a,Away,Arsenal,0-0,a 0-0,1453,J. Gomez,Joe Gomez,joe_gomez,0.0,1,1,,1',https://playerstats.football/premier-league/liverpool/xg
26,1344436,19615693,2025/2026,25/26 12 Jan,2026-01-12,300,FA Cup,h,Home,Barnsley,4-1,h 4-1,1453,J. Gomez,Joe Gomez,joe_gomez,0.0,60,1,RCB,60' RCB,https://playerstats.football/premier-league/liverpool/xg
25,1378764,19427670,2025/2026,25/26 17 Jan,2026-01-17,1,Premier League,h,Home,Burnley,1-1,h 1-1,1453,J. Gomez,Joe Gomez,joe_gomez,0.0,0,0,,,https://playerstats.football/premier-league/liverpool/xg
24,1397227,19568558,2025/2026,25/26 21 Jan,2026-01-21,5,Champions League,a,Away,Olympique Marseille,0-3,a 0-3,1453,J. Gomez,Joe Gomez,joe_gomez,0.08,90,1,RCB,0.08 90' RCB,https://playerstats.football/premier-league/liverpool/xg
23,1378641,19427677,2025/2026,25/26 24 Jan,2026-01-24,1,Premier League,a,Away,AFC Bournemouth,3-2,a 3-2,1453,J. Gomez,Joe Gomez,joe_gomez,0.0,35,1,RCB,35' RCB,https://playerstats.football/premier-league/liverpool/xg
22,1396913,19568541,2025/2026,25/26 28 Jan,2026-01-28,5,Champions League,h,Home,Qarabağ,6-0,h 6-0,1453,J. Gomez,Joe Gomez,joe_gomez,0.0,0,0,,,https://playerstats.football/premier-league/liverpool/xg
21,1378995,19427690,2025/2026,25/26 31 Jan,2026-01-31,1,Premier League,h,Home,Newcastle United,4-1,h 4-1,1453,J. Gomez,Joe Gomez,joe_gomez,0.0,0,0,,,https://playerstats.football/premier-league/liverpool/xg
20,1378700,19427702,2025/2026,25/26 08 Feb,2026-02-08,1,Premier League,h,Home,Manchester City,1-2,h 1-2,1453,J. Gomez,Joe Gomez,joe_gomez,0.0,0,0,,,https://playerstats.football/premier-league/liverpool/xg
19,1378607,19427713,2025/2026,25/26 11 Feb,2026-02-11,1,Premier League,a,Away,Sunderland,0-1,a 0-1,1453,J. Gomez,Joe Gomez,joe_gomez,0.0,21,1,,21',https://playerstats.football/premier-league/liverpool/xg
18,1374766,19645325,2025/2026,25/26 14 Feb,2026-02-14,300,FA Cup,h,Home,Brighton & Hove Albion,3-0,h 3-0,1453,J. Gomez,Joe Gomez,joe_gomez,0.0,19,1,,19',https://playerstats.football/premier-league/liverpool/xg
17,1398004,19427151,2025/2026,25/26 22 Feb,2026-02-22,1,Premier League,a,Away,Nottingham Forest,0-1,a 0-1,1453,J. Gomez,Joe Gomez,joe_gomez,0.0,7,1,,7',https://playerstats.football/premier-league/liverpool/xg
16,1405260,19427161,2025/2026,25/26 28 Feb,2026-02-28,1,Premier League,h,Home,West Ham United,5-2,h 5-2,1453,J. Gomez,Joe Gomez,joe_gomez,0.09,77,1,RB,0.09 77' RB,https://playerstats.football/premier-league/liverpool/xg
15,1407609,19427174,2025/2026,25/26 03 Mar,2026-03-03,1,Premier League,a,Away,Wolverhampton Wanderers,2-1,a 2-1,1453,J. Gomez,Joe Gomez,joe_gomez,0.0,18,1,,18',https://playerstats.football/premier-league/liverpool/xg
14,1413001,19676918,2025/2026,25/26 06 Mar,2026-03-06,300,FA Cup,a,Away,Wolverhampton Wanderers,1-3,a 1-3,1453,J. Gomez,Joe Gomez,joe_gomez,0.16,90,1,RCB,0.16 90' RCB,https://playerstats.football/premier-league/liverpool/xg
13,1415031,19662568,2025/2026,25/26 10 Mar,2026-03-10,5,Champions League,a,Away,Galatasaray,1-0,a 1-0,1453,J. Gomez,Joe Gomez,joe_gomez,0.0,90,1,RB,90' RB,https://playerstats.football/premier-league/liverpool/xg
12,1422066,19427180,2025/2026,25/26 15 Mar,2026-03-15,1,Premier League,h,Home,Tottenham Hotspur,1-1,h 1-1,1453,J. Gomez,Joe Gomez,joe_gomez,0.0,90,1,RCB,90' RCB,https://playerstats.football/premier-league/liverpool/xg
11,1426145,19662560,2025/2026,25/26 18 Mar,2026-03-18,5,Champions League,h,Home,Galatasaray,4-0,h 4-0,1453,J. Gomez,Joe Gomez,joe_gomez,0.0,0,0,,,https://playerstats.football/premier-league/liverpool/xg
10,1429079,19427187,2025/2026,25/26 21 Mar,2026-03-21,1,Premier League,a,Away,Brighton & Hove Albion,2-1,a 2-1,1453,J. Gomez,Joe Gomez,joe_gomez,0.0,0,0,,,https://playerstats.football/premier-league/liverpool/xg
9,1443072,19687560,2025/2026,25/26 04 Apr,2026-04-04,300,FA Cup,a,Away,Manchester City,4-0,a 4-0,1453,J. Gomez,Joe Gomez,joe_gomez,0.0,62,1,RB,62' RB,https://playerstats.football/premier-league/liverpool/xg
8,1447863,19683236,2025/2026,25/26 08 Apr,2026-04-08,5,Champions League,a,Away,Paris Saint Germain,2-0,a 2-0,1453,J. Gomez,Joe Gomez,joe_gomez,0.0,90,1,LCB,90' LCB,https://playerstats.football/premier-league/liverpool/xg
7,1451031,19427197,2025/2026,25/26 11 Apr,2026-04-11,1,Premier League,h,Home,Fulham,2-0,h 2-0,1453,J. Gomez,Joe Gomez,joe_gomez,0.0,21,1,,21',https://playerstats.football/premier-league/liverpool/xg
6,1452845,19683229,2025/2026,25/26 14 Apr,2026-04-14,5,Champions League,h,Home,Paris Saint Germain,0-2,h 0-2,1453,J. Gomez,Joe Gomez,joe_gomez,0.12,21,1,,0.12 21' 0.43 +0.31 R. Ngumoha,https://playerstats.football/premier-league/liverpool/xg
5,1458937,19427732,2025/2026,25/26 19 Apr,2026-04-19,1,Premier League,a,Away,Everton,1-2,a 1-2,1453,J. Gomez,Joe Gomez,joe_gomez,0.0,0,0,,,https://playerstats.football/premier-league/liverpool/xg
4,1466441,19427201,2025/2026,25/26 25 Apr,2026-04-25,1,Premier League,h,Home,Crystal Palace,3-1,h 3-1,1453,J. Gomez,Joe Gomez,joe_gomez,0.0,3,1,,3',https://playerstats.football/premier-league/liverpool/xg
3,1475068,19427213,2025/2026,25/26 03 May,2026-05-03,1,Premier League,a,Away,Manchester United,3-2,a 3-2,1453,J. Gomez,Joe Gomez,joe_gomez,0.0,0,0,,,https://playerstats.football/premier-league/liverpool/xg
2,1480645,19427220,2025/2026,25/26 09 May,2026-05-09,1,Premier League,h,Home,Chelsea,1-1,h 1-1,1453,J. Gomez,Joe Gomez,joe_gomez,0.0,13,1,,13',https://playerstats.football/premier-league/liverpool/xg
1,1487202,19427227,2025/2026,25/26 15 May,2026-05-15,1,Premier League,a,Away,Aston Villa,4-2,a 4-2,1453,J. Gomez,Joe Gomez,joe_gomez,0.04,66,1,RB,0.04 66' 0.13 +0.09 F. Chiesa RB,https://playerstats.football/premier-league/liverpool/xg
56,1193039,19464492,2025/2026,25/26 10 Aug,2025-08-10,7,Community Shield,a,Away,Crystal Palace,2-2,a 2-2 P,37373580,K. Gordon,Kaide Gordon,kaide_gordon,0.0,0,0,,,https://playerstats.football/premier-league/liverpool/xg
55,1378727,19427455,2025/2026,25/26 15 Aug,2025-08-15,1,Premier League,h,Home,AFC Bournemouth,4-2,h 4-2,37373580,K. Gordon,Kaide Gordon,kaide_gordon,0.0,0,0,,,https://playerstats.football/premier-league/liverpool/xg
54,1378725,19427473,2025/2026,25/26 25 Aug,2025-08-25,1,Premier League,a,Away,Newcastle United,2-3,a 2-3,37373580,K. Gordon,Kaide Gordon,kaide_gordon,0.0,0,0,,,https://playerstats.football/premier-league/liverpool/xg
53,1378820,19427479,2025/2026,25/26 31 Aug,2025-08-31,1,Premier League,h,Home,Arsenal,1-0,h 1-0,37373580,K. Gordon,Kaide Gordon,kaide_gordon,0.0,0,0,,,https://playerstats.football/premier-league/liverpool/xg
52,1378793,19427488,2025/2026,25/26 14 Sep,2025-09-14,1,Premier League,a,Away,Burnley,0-1,a 0-1,37373580,K. Gordon,Kaide Gordon,kaide_gordon,0.0,0,0,,,https://playerstats.football/premier-league/liverpool/xg
51,1397014,19568539,2025/2026,25/26 17 Sep,2025-09-17,5,Champions League,h,Home,Atlético Madrid,3-2,h 3-2,37373580,K. Gordon,Kaide Gordon,kaide_gordon,0.0,0,0,,,https://playerstats.football/premier-league/liverpool/xg
50,1379121,19427500,2025/2026,25/26 20 Sep,2025-09-20,1,Premier League,h,Home,Everton,2-1,h 2-1,37373580,K. Gordon,Kaide Gordon,kaide_gordon,0.0,0,0,,,https://playerstats.football/premier-league/liverpool/xg
49,1218466,19572904,2025/2026,25/26 23 Sep,2025-09-23,8,Carabao Cup,h,Home,Southampton,2-1,h 2-1,37373580,K. Gordon,Kaide Gordon,kaide_gordon,0.0,0,0,,,https://playerstats.football/premier-league/liverpool/xg
48,1379139,19427508,2025/2026,25/26 27 Sep,2025-09-27,1,Premier League,a,Away,Crystal Palace,2-1,a 2-1,37373580,K. Gordon,Kaide Gordon,kaide_gordon,0.0,0,0,,,https://playerstats.football/premier-league/liverpool/xg
47,1396787,19568522,2025/2026,25/26 30 Sep,2025-09-30,5,Champions League,a,Away,Galatasaray,1-0,a 1-0,37373580,K. Gordon,Kaide Gordon,kaide_gordon,0.0,0,0,,,https://playerstats.football/premier-league/liverpool/xg
46,1378908,19427519,2025/2026,25/26 04 Oct,2025-10-04,1,Premier League,a,Away,Chelsea,2-1,a 2-1,37373580,K. Gordon,Kaide Gordon,kaide_gordon,0.0,0,0,,,https://playerstats.football/premier-league/liverpool/xg
45,1378881,19427529,2025/2026,25/26 19 Oct,2025-10-19,1,Premier League,h,Home,Manchester United,1-2,h 1-2,37373580,K. Gordon,Kaide Gordon,kaide_gordon,0.0,0,0,,,https://playerstats.football/premier-league/liverpool/xg
44,1397134,19568510,2025/2026,25/26 22 Oct,2025-10-22,5,Champions League,a,Away,Eintracht Frankfurt,1-5,a 1-5,37373580,K. Gordon,Kaide Gordon,kaide_gordon,0.0,0,0,,,https://playerstats.football/premier-league/liverpool/xg
43,1378639,19427539,2025/2026,25/26 25 Oct,2025-10-25,1,Premier League,a,Away,Brentford,3-2,a 3-2,37373580,K. Gordon,Kaide Gordon,kaide_gordon,0.0,0,0,,,https://playerstats.football/premier-league/liverpool/xg
42,1290118,19585905,2025/2026,25/26 29 Oct,2025-10-29,8,Carabao Cup,h,Home,Crystal Palace,0-3,h 0-3,37373580,K. Gordon,Kaide Gordon,kaide_gordon,0.04,23,1,,0.04 23',https://playerstats.football/premier-league/liverpool/xg
41,1378744,19427550,2025/2026,25/26 01 Nov,2025-11-01,1,Premier League,h,Home,Aston Villa,2-0,h 2-0,37373580,K. Gordon,Kaide Gordon,kaide_gordon,0.0,0,0,,,https://playerstats.football/premier-league/liverpool/xg
40,1397140,19568538,2025/2026,25/26 04 Nov,2025-11-04,5,Champions League,h,Home,Real Madrid,1-0,h 1-0,37373580,K. Gordon,Kaide Gordon,kaide_gordon,0.0,0,0,,,https://playerstats.football/premier-league/liverpool/xg
39,1378930,19427561,2025/2026,25/26 09 Nov,2025-11-09,1,Premier League,a,Away,Manchester City,3-0,a 3-0,37373580,K. Gordon,Kaide Gordon,kaide_gordon,0.0,0,0,,,https://playerstats.football/premier-league/liverpool/xg
38,1378974,19427572,2025/2026,25/26 22 Nov,2025-11-22,1,Premier League,h,Home,Nottingham Forest,0-3,h 0-3,37373580,K. Gordon,Kaide Gordon,kaide_gordon,0.0,0,0,,,https://playerstats.football/premier-league/liverpool/xg
37,1396979,19568540,2025/2026,25/26 26 Nov,2025-11-26,5,Champions League,h,Home,PSV,1-4,h 1-4,37373580,K. Gordon,Kaide Gordon,kaide_gordon,0.0,0,0,,,https://playerstats.football/premier-league/liverpool/xg
36,1378854,19427585,2025/2026,25/26 30 Nov,2025-11-30,1,Premier League,a,Away,West Ham United,0-2,a 0-2,37373580,K. Gordon,Kaide Gordon,kaide_gordon,0.0,0,0,,,https://playerstats.football/premier-league/liverpool/xg
35,1378637,19427592,2025/2026,25/26 03 Dec,2025-12-03,1,Premier League,h,Home,Sunderland,1-1,h 1-1,37373580,K. Gordon,Kaide Gordon,kaide_gordon,0.0,0,0,,,https://playerstats.football/premier-league/liverpool/xg
34,1378928,19427601,2025/2026,25/26 06 Dec,2025-12-06,1,Premier League,a,Away,Leeds United,3-3,a 3-3,37373580,K. Gordon,Kaide Gordon,kaide_gordon,0.0,0,0,,,https://playerstats.football/premier-league/liverpool/xg
33,1396884,19568526,2025/2026,25/26 09 Dec,2025-12-09,5,Champions League,a,Away,Inter,0-1,a 0-1,37373580,K. Gordon,Kaide Gordon,kaide_gordon,0.0,0,0,,,https://playerstats.football/premier-league/liverpool/xg
32,1378936,19427611,2025/2026,25/26 13 Dec,2025-12-13,1,Premier League,h,Home,Brighton & Hove Albion,2-0,h 2-0,37373580,K. Gordon,Kaide Gordon,kaide_gordon,0.0,0,0,,,https://playerstats.football/premier-league/liverpool/xg
31,1378949,19427624,2025/2026,25/26 20 Dec,2025-12-20,1,Premier League,a,Away,Tottenham Hotspur,1-2,a 1-2,37373580,K. Gordon,Kaide Gordon,kaide_gordon,0.0,0,0,,,https://playerstats.football/premier-league/liverpool/xg
30,1379105,19427631,2025/2026,25/26 27 Dec,2025-12-27,1,Premier League,h,Home,Wolverhampton Wanderers,2-1,h 2-1,37373580,K. Gordon,Kaide Gordon,kaide_gordon,0.0,0,0,,,https://playerstats.football/premier-league/liverpool/xg
29,1378612,19427641,2025/2026,25/26 01 Jan,2026-01-01,1,Premier League,h,Home,Leeds United,0-0,h 0-0,37373580,K. Gordon,Kaide Gordon,kaide_gordon,0.0,0,0,,,https://playerstats.football/premier-league/liverpool/xg
28,1379083,19427650,2025/2026,25/26 04 Jan,2026-01-04,1,Premier League,a,Away,Fulham,2-2,a 2-2,37373580,K. Gordon,Kaide Gordon,kaide_gordon,0.0,0,0,,,https://playerstats.football/premier-league/liverpool/xg
27,1378873,19427656,2025/2026,25/26 08 Jan,2026-01-08,1,Premier League,a,Away,Arsenal,0-0,a 0-0,37373580,K. Gordon,Kaide Gordon,kaide_gordon,0.0,0,0,,,https://playerstats.football/premier-league/liverpool/xg
26,1344436,19615693,2025/2026,25/26 12 Jan,2026-01-12,300,FA Cup,h,Home,Barnsley,4-1,h 4-1,37373580,K. Gordon,Kaide Gordon,kaide_gordon,0.0,0,0,,,https://playerstats.football/premier-league/liverpool/xg
25,1378764,19427670,2025/2026,25/26 17 Jan,2026-01-17,1,Premier League,h,Home,Burnley,1-1,h 1-1,37373580,K. Gordon,Kaide Gordon,kaide_gordon,0.0,0,0,,,https://playerstats.football/premier-league/liverpool/xg
24,1397227,19568558,2025/2026,25/26 21 Jan,2026-01-21,5,Champions League,a,Away,Olympique Marseille,0-3,a 0-3,37373580,K. Gordon,Kaide Gordon,kaide_gordon,0.0,0,0,,,https://playerstats.football/premier-league/liverpool/xg
23,1378641,19427677,2025/2026,25/26 24 Jan,2026-01-24,1,Premier League,a,Away,AFC Bournemouth,3-2,a 3-2,37373580,K. Gordon,Kaide Gordon,kaide_gordon,0.0,0,0,,,https://playerstats.football/premier-league/liverpool/xg
22,1396913,19568541,2025/2026,25/26 28 Jan,2026-01-28,5,Champions League,h,Home,Qarabağ,6-0,h 6-0,37373580,K. Gordon,Kaide Gordon,kaide_gordon,0.0,0,0,,,https://playerstats.football/premier-league/liverpool/xg
21,1378995,19427690,2025/2026,25/26 31 Jan,2026-01-31,1,Premier League,h,Home,Newcastle United,4-1,h 4-1,37373580,K. Gordon,Kaide Gordon,kaide_gordon,0.0,0,0,,,https://playerstats.football/premier-league/liverpool/xg
20,1378700,19427702,2025/2026,25/26 08 Feb,2026-02-08,1,Premier League,h,Home,Manchester City,1-2,h 1-2,37373580,K. Gordon,Kaide Gordon,kaide_gordon,0.0,0,0,,,https://playerstats.football/premier-league/liverpool/xg
19,1378607,19427713,2025/2026,25/26 11 Feb,2026-02-11,1,Premier League,a,Away,Sunderland,0-1,a 0-1,37373580,K. Gordon,Kaide Gordon,kaide_gordon,0.0,0,0,,,https://playerstats.football/premier-league/liverpool/xg
18,1374766,19645325,2025/2026,25/26 14 Feb,2026-02-14,300,FA Cup,h,Home,Brighton & Hove Albion,3-0,h 3-0,37373580,K. Gordon,Kaide Gordon,kaide_gordon,0.0,0,0,,,https://playerstats.football/premier-league/liverpool/xg
17,1398004,19427151,2025/2026,25/26 22 Feb,2026-02-22,1,Premier League,a,Away,Nottingham Forest,0-1,a 0-1,37373580,K. Gordon,Kaide Gordon,kaide_gordon,0.0,0,0,,,https://playerstats.football/premier-league/liverpool/xg
16,1405260,19427161,2025/2026,25/26 28 Feb,2026-02-28,1,Premier League,h,Home,West Ham United,5-2,h 5-2,37373580,K. Gordon,Kaide Gordon,kaide_gordon,0.0,0,0,,,https://playerstats.football/premier-league/liverpool/xg
15,1407609,19427174,2025/2026,25/26 03 Mar,2026-03-03,1,Premier League,a,Away,Wolverhampton Wanderers,2-1,a 2-1,37373580,K. Gordon,Kaide Gordon,kaide_gordon,0.0,0,0,,,https://playerstats.football/premier-league/liverpool/xg
14,1413001,19676918,2025/2026,25/26 06 Mar,2026-03-06,300,FA Cup,a,Away,Wolverhampton Wanderers,1-3,a 1-3,37373580,K. Gordon,Kaide Gordon,kaide_gordon,0.0,0,0,,,https://playerstats.football/premier-league/liverpool/xg
13,1415031,19662568,2025/2026,25/26 10 Mar,2026-03-10,5,Champions League,a,Away,Galatasaray,1-0,a 1-0,37373580,K. Gordon,Kaide Gordon,kaide_gordon,0.0,0,0,,,https://playerstats.football/premier-league/liverpool/xg
12,1422066,19427180,2025/2026,25/26 15 Mar,2026-03-15,1,Premier League,h,Home,Tottenham Hotspur,1-1,h 1-1,37373580,K. Gordon,Kaide Gordon,kaide_gordon,0.0,0,0,,,https://playerstats.football/premier-league/liverpool/xg
11,1426145,19662560,2025/2026,25/26 18 Mar,2026-03-18,5,Champions League,h,Home,Galatasaray,4-0,h 4-0,37373580,K. Gordon,Kaide Gordon,kaide_gordon,0.0,0,0,,,https://playerstats.football/premier-league/liverpool/xg
10,1429079,19427187,2025/2026,25/26 21 Mar,2026-03-21,1,Premier League,a,Away,Brighton & Hove Albion,2-1,a 2-1,37373580,K. Gordon,Kaide Gordon,kaide_gordon,0.0,0,0,,,https://playerstats.football/premier-league/liverpool/xg
9,1443072,19687560,2025/2026,25/26 04 Apr,2026-04-04,300,FA Cup,a,Away,Manchester City,4-0,a 4-0,37373580,K. Gordon,Kaide Gordon,kaide_gordon,0.0,0,0,,,https://playerstats.football/premier-league/liverpool/xg
8,1447863,19683236,2025/2026,25/26 08 Apr,2026-04-08,5,Champions League,a,Away,Paris Saint Germain,2-0,a 2-0,37373580,K. Gordon,Kaide Gordon,kaide_gordon,0.0,0,0,,,https://playerstats.football/premier-league/liverpool/xg
7,1451031,19427197,2025/2026,25/26 11 Apr,2026-04-11,1,Premier League,h,Home,Fulham,2-0,h 2-0,37373580,K. Gordon,Kaide Gordon,kaide_gordon,0.0,0,0,,,https://playerstats.football/premier-league/liverpool/xg
6,1452845,19683229,2025/2026,25/26 14 Apr,2026-04-14,5,Champions League,h,Home,Paris Saint Germain,0-2,h 0-2,37373580,K. Gordon,Kaide Gordon,kaide_gordon,0.0,0,0,,,https://playerstats.football/premier-league/liverpool/xg
5,1458937,19427732,2025/2026,25/26 19 Apr,2026-04-19,1,Premier League,a,Away,Everton,1-2,a 1-2,37373580,K. Gordon,Kaide Gordon,kaide_gordon,0.0,0,0,,,https://playerstats.football/premier-league/liverpool/xg
4,1466441,19427201,2025/2026,25/26 25 Apr,2026-04-25,1,Premier League,h,Home,Crystal Palace,3-1,h 3-1,37373580,K. Gordon,Kaide Gordon,kaide_gordon,0.0,0,0,,,https://playerstats.football/premier-league/liverpool/xg
3,1475068,19427213,2025/2026,25/26 03 May,2026-05-03,1,Premier League,a,Away,Manchester United,3-2,a 3-2,37373580,K. Gordon,Kaide Gordon,kaide_gordon,0.0,0,0,,,https://playerstats.football/premier-league/liverpool/xg
2,1480645,19427220,2025/2026,25/26 09 May,2026-05-09,1,Premier League,h,Home,Chelsea,1-1,h 1-1,37373580,K. Gordon,Kaide Gordon,kaide_gordon,0.0,0,0,,,https://playerstats.football/premier-league/liverpool/xg
1,1487202,19427227,2025/2026,25/26 15 May,2026-05-15,1,Premier League,a,Away,Aston Villa,4-2,a 4-2,37373580,K. Gordon,Kaide Gordon,kaide_gordon,0.0,0,0,,,https://playerstats.football/premier-league/liverpool/xg
56,1193039,19464492,2025/2026,25/26 10 Aug,2025-08-10,7,Community Shield,a,Away,Crystal Palace,2-2,a 2-2 P,37661364,K. Morrison,Kieran Morrison,kieran_morrison,0.0,0,0,,,https://playerstats.football/premier-league/liverpool/xg
55,1378727,19427455,2025/2026,25/26 15 Aug,2025-08-15,1,Premier League,h,Home,AFC Bournemouth,4-2,h 4-2,37661364,K. Morrison,Kieran Morrison,kieran_morrison,0.0,0,0,,,https://playerstats.football/premier-league/liverpool/xg
54,1378725,19427473,2025/2026,25/26 25 Aug,2025-08-25,1,Premier League,a,Away,Newcastle United,2-3,a 2-3,37661364,K. Morrison,Kieran Morrison,kieran_morrison,0.0,0,0,,,https://playerstats.football/premier-league/liverpool/xg
53,1378820,19427479,2025/2026,25/26 31 Aug,2025-08-31,1,Premier League,h,Home,Arsenal,1-0,h 1-0,37661364,K. Morrison,Kieran Morrison,kieran_morrison,0.0,0,0,,,https://playerstats.football/premier-league/liverpool/xg
52,1378793,19427488,2025/2026,25/26 14 Sep,2025-09-14,1,Premier League,a,Away,Burnley,0-1,a 0-1,37661364,K. Morrison,Kieran Morrison,kieran_morrison,0.0,0,0,,,https://playerstats.football/premier-league/liverpool/xg
51,1397014,19568539,2025/2026,25/26 17 Sep,2025-09-17,5,Champions League,h,Home,Atlético Madrid,3-2,h 3-2,37661364,K. Morrison,Kieran Morrison,kieran_morrison,0.0,0,0,,,https://playerstats.football/premier-league/liverpool/xg
50,1379121,19427500,2025/2026,25/26 20 Sep,2025-09-20,1,Premier League,h,Home,Everton,2-1,h 2-1,37661364,K. Morrison,Kieran Morrison,kieran_morrison,0.0,0,0,,,https://playerstats.football/premier-league/liverpool/xg
49,1218466,19572904,2025/2026,25/26 23 Sep,2025-09-23,8,Carabao Cup,h,Home,Southampton,2-1,h 2-1,37661364,K. Morrison,Kieran Morrison,kieran_morrison,0.0,0,0,,,https://playerstats.football/premier-league/liverpool/xg
48,1379139,19427508,2025/2026,25/26 27 Sep,2025-09-27,1,Premier League,a,Away,Crystal Palace,2-1,a 2-1,37661364,K. Morrison,Kieran Morrison,kieran_morrison,0.0,0,0,,,https://playerstats.football/premier-league/liverpool/xg
47,1396787,19568522,2025/2026,25/26 30 Sep,2025-09-30,5,Champions League,a,Away,Galatasaray,1-0,a 1-0,37661364,K. Morrison,Kieran Morrison,kieran_morrison,0.0,0,0,,,https://playerstats.football/premier-league/liverpool/xg
46,1378908,19427519,2025/2026,25/26 04 Oct,2025-10-04,1,Premier League,a,Away,Chelsea,2-1,a 2-1,37661364,K. Morrison,Kieran Morrison,kieran_morrison,0.0,0,0,,,https://playerstats.football/premier-league/liverpool/xg
45,1378881,19427529,2025/2026,25/26 19 Oct,2025-10-19,1,Premier League,h,Home,Manchester United,1-2,h 1-2,37661364,K. Morrison,Kieran Morrison,kieran_morrison,0.0,0,0,,,https://playerstats.football/premier-league/liverpool/xg
44,1397134,19568510,2025/2026,25/26 22 Oct,2025-10-22,5,Champions League,a,Away,Eintracht Frankfurt,1-5,a 1-5,37661364,K. Morrison,Kieran Morrison,kieran_morrison,0.0,0,0,,,https://playerstats.football/premier-league/liverpool/xg
43,1378639,19427539,2025/2026,25/26 25 Oct,2025-10-25,1,Premier League,a,Away,Brentford,3-2,a 3-2,37661364,K. Morrison,Kieran Morrison,kieran_morrison,0.0,0,0,,,https://playerstats.football/premier-league/liverpool/xg
42,1290118,19585905,2025/2026,25/26 29 Oct,2025-10-29,8,Carabao Cup,h,Home,Crystal Palace,0-3,h 0-3,37661364,K. Morrison,Kieran Morrison,kieran_morrison,0.12,67,1,RM,0.12 67' 0.16 +0.04 K. Gordon RM,https://playerstats.football/premier-league/liverpool/xg
41,1378744,19427550,2025/2026,25/26 01 Nov,2025-11-01,1,Premier League,h,Home,Aston Villa,2-0,h 2-0,37661364,K. Morrison,Kieran Morrison,kieran_morrison,0.0,0,0,,,https://playerstats.football/premier-league/liverpool/xg
40,1397140,19568538,2025/2026,25/26 04 Nov,2025-11-04,5,Champions League,h,Home,Real Madrid,1-0,h 1-0,37661364,K. Morrison,Kieran Morrison,kieran_morrison,0.0,0,0,,,https://playerstats.football/premier-league/liverpool/xg
39,1378930,19427561,2025/2026,25/26 09 Nov,2025-11-09,1,Premier League,a,Away,Manchester City,3-0,a 3-0,37661364,K. Morrison,Kieran Morrison,kieran_morrison,0.0,0,0,,,https://playerstats.football/premier-league/liverpool/xg
38,1378974,19427572,2025/2026,25/26 22 Nov,2025-11-22,1,Premier League,h,Home,Nottingham Forest,0-3,h 0-3,37661364,K. Morrison,Kieran Morrison,kieran_morrison,0.0,0,0,,,https://playerstats.football/premier-league/liverpool/xg
37,1396979,19568540,2025/2026,25/26 26 Nov,2025-11-26,5,Champions League,h,Home,PSV,1-4,h 1-4,37661364,K. Morrison,Kieran Morrison,kieran_morrison,0.0,0,0,,,https://playerstats.football/premier-league/liverpool/xg
36,1378854,19427585,2025/2026,25/26 30 Nov,2025-11-30,1,Premier League,a,Away,West Ham United,0-2,a 0-2,37661364,K. Morrison,Kieran Morrison,kieran_morrison,0.0,0,0,,,https://playerstats.football/premier-league/liverpool/xg
35,1378637,19427592,2025/2026,25/26 03 Dec,2025-12-03,1,Premier League,h,Home,Sunderland,1-1,h 1-1,37661364,K. Morrison,Kieran Morrison,kieran_morrison,0.0,0,0,,,https://playerstats.football/premier-league/liverpool/xg
34,1378928,19427601,2025/2026,25/26 06 Dec,2025-12-06,1,Premier League,a,Away,Leeds United,3-3,a 3-3,37661364,K. Morrison,Kieran Morrison,kieran_morrison,0.0,0,0,,,https://playerstats.football/premier-league/liverpool/xg
33,1396884,19568526,2025/2026,25/26 09 Dec,2025-12-09,5,Champions League,a,Away,Inter,0-1,a 0-1,37661364,K. Morrison,Kieran Morrison,kieran_morrison,0.0,0,0,,,https://playerstats.football/premier-league/liverpool/xg
32,1378936,19427611,2025/2026,25/26 13 Dec,2025-12-13,1,Premier League,h,Home,Brighton & Hove Albion,2-0,h 2-0,37661364,K. Morrison,Kieran Morrison,kieran_morrison,0.0,0,0,,,https://playerstats.football/premier-league/liverpool/xg
31,1378949,19427624,2025/2026,25/26 20 Dec,2025-12-20,1,Premier League,a,Away,Tottenham Hotspur,1-2,a 1-2,37661364,K. Morrison,Kieran Morrison,kieran_morrison,0.0,0,0,,,https://playerstats.football/premier-league/liverpool/xg
30,1379105,19427631,2025/2026,25/26 27 Dec,2025-12-27,1,Premier League,h,Home,Wolverhampton Wanderers,2-1,h 2-1,37661364,K. Morrison,Kieran Morrison,kieran_morrison,0.0,0,0,,,https://playerstats.football/premier-league/liverpool/xg
29,1378612,19427641,2025/2026,25/26 01 Jan,2026-01-01,1,Premier League,h,Home,Leeds United,0-0,h 0-0,37661364,K. Morrison,Kieran Morrison,kieran_morrison,0.0,0,0,,,https://playerstats.football/premier-league/liverpool/xg
28,1379083,19427650,2025/2026,25/26 04 Jan,2026-01-04,1,Premier League,a,Away,Fulham,2-2,a 2-2,37661364,K. Morrison,Kieran Morrison,kieran_morrison,0.0,0,0,,,https://playerstats.football/premier-league/liverpool/xg
27,1378873,19427656,2025/2026,25/26 08 Jan,2026-01-08,1,Premier League,a,Away,Arsenal,0-0,a 0-0,37661364,K. Morrison,Kieran Morrison,kieran_morrison,0.0,0,0,,,https://playerstats.football/premier-league/liverpool/xg
26,1344436,19615693,2025/2026,25/26 12 Jan,2026-01-12,300,FA Cup,h,Home,Barnsley,4-1,h 4-1,37661364,K. Morrison,Kieran Morrison,kieran_morrison,0.0,0,0,,,https://playerstats.football/premier-league/liverpool/xg
25,1378764,19427670,2025/2026,25/26 17 Jan,2026-01-17,1,Premier League,h,Home,Burnley,1-1,h 1-1,37661364,K. Morrison,Kieran Morrison,kieran_morrison,0.0,0,0,,,https://playerstats.football/premier-league/liverpool/xg
24,1397227,19568558,2025/2026,25/26 21 Jan,2026-01-21,5,Champions League,a,Away,Olympique Marseille,0-3,a 0-3,37661364,K. Morrison,Kieran Morrison,kieran_morrison,0.0,0,0,,,https://playerstats.football/premier-league/liverpool/xg
23,1378641,19427677,2025/2026,25/26 24 Jan,2026-01-24,1,Premier League,a,Away,AFC Bournemouth,3-2,a 3-2,37661364,K. Morrison,Kieran Morrison,kieran_morrison,0.0,0,0,,,https://playerstats.football/premier-league/liverpool/xg
22,1396913,19568541,2025/2026,25/26 28 Jan,2026-01-28,5,Champions League,h,Home,Qarabağ,6-0,h 6-0,37661364,K. Morrison,Kieran Morrison,kieran_morrison,0.0,0,0,,,https://playerstats.football/premier-league/liverpool/xg
21,1378995,19427690,2025/2026,25/26 31 Jan,2026-01-31,1,Premier League,h,Home,Newcastle United,4-1,h 4-1,37661364,K. Morrison,Kieran Morrison,kieran_morrison,0.0,0,0,,,https://playerstats.football/premier-league/liverpool/xg
20,1378700,19427702,2025/2026,25/26 08 Feb,2026-02-08,1,Premier League,h,Home,Manchester City,1-2,h 1-2,37661364,K. Morrison,Kieran Morrison,kieran_morrison,0.0,0,0,,,https://playerstats.football/premier-league/liverpool/xg
19,1378607,19427713,2025/2026,25/26 11 Feb,2026-02-11,1,Premier League,a,Away,Sunderland,0-1,a 0-1,37661364,K. Morrison,Kieran Morrison,kieran_morrison,0.0,0,0,,,https://playerstats.football/premier-league/liverpool/xg
18,1374766,19645325,2025/2026,25/26 14 Feb,2026-02-14,300,FA Cup,h,Home,Brighton & Hove Albion,3-0,h 3-0,37661364,K. Morrison,Kieran Morrison,kieran_morrison,0.0,0,0,,,https://playerstats.football/premier-league/liverpool/xg
17,1398004,19427151,2025/2026,25/26 22 Feb,2026-02-22,1,Premier League,a,Away,Nottingham Forest,0-1,a 0-1,37661364,K. Morrison,Kieran Morrison,kieran_morrison,0.0,0,0,,,https://playerstats.football/premier-league/liverpool/xg
16,1405260,19427161,2025/2026,25/26 28 Feb,2026-02-28,1,Premier League,h,Home,West Ham United,5-2,h 5-2,37661364,K. Morrison,Kieran Morrison,kieran_morrison,0.0,0,0,,,https://playerstats.football/premier-league/liverpool/xg
15,1407609,19427174,2025/2026,25/26 03 Mar,2026-03-03,1,Premier League,a,Away,Wolverhampton Wanderers,2-1,a 2-1,37661364,K. Morrison,Kieran Morrison,kieran_morrison,0.0,0,0,,,https://playerstats.football/premier-league/liverpool/xg
14,1413001,19676918,2025/2026,25/26 06 Mar,2026-03-06,300,FA Cup,a,Away,Wolverhampton Wanderers,1-3,a 1-3,37661364,K. Morrison,Kieran Morrison,kieran_morrison,0.13,4,1,,0.13 4',https://playerstats.football/premier-league/liverpool/xg
13,1415031,19662568,2025/2026,25/26 10 Mar,2026-03-10,5,Champions League,a,Away,Galatasaray,1-0,a 1-0,37661364,K. Morrison,Kieran Morrison,kieran_morrison,0.0,0,0,,,https://playerstats.football/premier-league/liverpool/xg
12,1422066,19427180,2025/2026,25/26 15 Mar,2026-03-15,1,Premier League,h,Home,Tottenham Hotspur,1-1,h 1-1,37661364,K. Morrison,Kieran Morrison,kieran_morrison,0.0,0,0,,,https://playerstats.football/premier-league/liverpool/xg
11,1426145,19662560,2025/2026,25/26 18 Mar,2026-03-18,5,Champions League,h,Home,Galatasaray,4-0,h 4-0,37661364,K. Morrison,Kieran Morrison,kieran_morrison,0.0,0,0,,,https://playerstats.football/premier-league/liverpool/xg
10,1429079,19427187,2025/2026,25/26 21 Mar,2026-03-21,1,Premier League,a,Away,Brighton & Hove Albion,2-1,a 2-1,37661364,K. Morrison,Kieran Morrison,kieran_morrison,0.0,0,0,,,https://playerstats.football/premier-league/liverpool/xg
9,1443072,19687560,2025/2026,25/26 04 Apr,2026-04-04,300,FA Cup,a,Away,Manchester City,4-0,a 4-0,37661364,K. Morrison,Kieran Morrison,kieran_morrison,0.0,0,0,,,https://playerstats.football/premier-league/liverpool/xg
8,1447863,19683236,2025/2026,25/26 08 Apr,2026-04-08,5,Champions League,a,Away,Paris Saint Germain,2-0,a 2-0,37661364,K. Morrison,Kieran Morrison,kieran_morrison,0.0,0,0,,,https://playerstats.football/premier-league/liverpool/xg
7,1451031,19427197,2025/2026,25/26 11 Apr,2026-04-11,1,Premier League,h,Home,Fulham,2-0,h 2-0,37661364,K. Morrison,Kieran Morrison,kieran_morrison,0.0,0,0,,,https://playerstats.football/premier-league/liverpool/xg
6,1452845,19683229,2025/2026,25/26 14 Apr,2026-04-14,5,Champions League,h,Home,Paris Saint Germain,0-2,h 0-2,37661364,K. Morrison,Kieran Morrison,kieran_morrison,0.0,0,0,,,https://playerstats.football/premier-league/liverpool/xg
5,1458937,19427732,2025/2026,25/26 19 Apr,2026-04-19,1,Premier League,a,Away,Everton,1-2,a 1-2,37661364,K. Morrison,Kieran Morrison,kieran_morrison,0.0,0,0,,,https://playerstats.football/premier-league/liverpool/xg
4,1466441,19427201,2025/2026,25/26 25 Apr,2026-04-25,1,Premier League,h,Home,Crystal Palace,3-1,h 3-1,37661364,K. Morrison,Kieran Morrison,kieran_morrison,0.0,0,0,,,https://playerstats.football/premier-league/liverpool/xg
3,1475068,19427213,2025/2026,25/26 03 May,2026-05-03,1,Premier League,a,Away,Manchester United,3-2,a 3-2,37661364,K. Morrison,Kieran Morrison,kieran_morrison,0.0,0,0,,,https://playerstats.football/premier-league/liverpool/xg
2,1480645,19427220,2025/2026,25/26 09 May,2026-05-09,1,Premier League,h,Home,Chelsea,1-1,h 1-1,37661364,K. Morrison,Kieran Morrison,kieran_morrison,0.0,0,0,,,https://playerstats.football/premier-league/liverpool/xg
1,1487202,19427227,2025/2026,25/26 15 May,2026-05-15,1,Premier League,a,Away,Aston Villa,4-2,a 4-2,37661364,K. Morrison,Kieran Morrison,kieran_morrison,0.0,0,0,,,https://playerstats.football/premier-league/liverpool/xg
56,1193039,19464492,2025/2026,25/26 10 Aug,2025-08-10,7,Community Shield,a,Away,Crystal Palace,2-2,a 2-2 P,37381778,M. Kerkez,Milos Kerkez,milos_kerkez,0.0,84,1,LB,84' LB,https://playerstats.football/premier-league/liverpool/xg
55,1378727,19427455,2025/2026,25/26 15 Aug,2025-08-15,1,Premier League,h,Home,AFC Bournemouth,4-2,h 4-2,37381778,M. Kerkez,Milos Kerkez,milos_kerkez,0.0,60,1,LB,60' LB,https://playerstats.football/premier-league/liverpool/xg
54,1378725,19427473,2025/2026,25/26 25 Aug,2025-08-25,1,Premier League,a,Away,Newcastle United,2-3,a 2-3,37381778,M. Kerkez,Milos Kerkez,milos_kerkez,0.0,90,1,LB,90' LB,https://playerstats.football/premier-league/liverpool/xg
53,1378820,19427479,2025/2026,25/26 31 Aug,2025-08-31,1,Premier League,h,Home,Arsenal,1-0,h 1-0,37381778,M. Kerkez,Milos Kerkez,milos_kerkez,0.0,90,1,LB,90' LB,https://playerstats.football/premier-league/liverpool/xg
52,1378793,19427488,2025/2026,25/26 14 Sep,2025-09-14,1,Premier League,a,Away,Burnley,0-1,a 0-1,37381778,M. Kerkez,Milos Kerkez,milos_kerkez,0.28,38,1,LB,0.28 38' 0.39 +0.11 A. Robertson LB,https://playerstats.football/premier-league/liverpool/xg
51,1397014,19568539,2025/2026,25/26 17 Sep,2025-09-17,5,Champions League,h,Home,Atlético Madrid,3-2,h 3-2,37381778,M. Kerkez,Milos Kerkez,milos_kerkez,0.0,4,1,,4',https://playerstats.football/premier-league/liverpool/xg
50,1379121,19427500,2025/2026,25/26 20 Sep,2025-09-20,1,Premier League,h,Home,Everton,2-1,h 2-1,37381778,M. Kerkez,Milos Kerkez,milos_kerkez,0.0,90,1,LB,90' LB,https://playerstats.football/premier-league/liverpool/xg
49,1218466,19572904,2025/2026,25/26 23 Sep,2025-09-23,8,Carabao Cup,h,Home,Southampton,2-1,h 2-1,37381778,M. Kerkez,Milos Kerkez,milos_kerkez,0.0,9,1,,9',https://playerstats.football/premier-league/liverpool/xg
48,1379139,19427508,2025/2026,25/26 27 Sep,2025-09-27,1,Premier League,a,Away,Crystal Palace,2-1,a 2-1,37381778,M. Kerkez,Milos Kerkez,milos_kerkez,0.03,90,1,LB,0.03 90' LB,https://playerstats.football/premier-league/liverpool/xg
47,1396787,19568522,2025/2026,25/26 30 Sep,2025-09-30,5,Champions League,a,Away,Galatasaray,1-0,a 1-0,37381778,M. Kerkez,Milos Kerkez,milos_kerkez,0.22,90,1,LB,0.22 90' LB,https://playerstats.football/premier-league/liverpool/xg
46,1378908,19427519,2025/2026,25/26 04 Oct,2025-10-04,1,Premier League,a,Away,Chelsea,2-1,a 2-1,37381778,M. Kerkez,Milos Kerkez,milos_kerkez,0.0,55,1,LB,55' 0.07 +0.07 A. Robertson LB,https://playerstats.football/premier-league/liverpool/xg
45,1378881,19427529,2025/2026,25/26 19 Oct,2025-10-19,1,Premier League,h,Home,Manchester United,1-2,h 1-2,37381778,M. Kerkez,Milos Kerkez,milos_kerkez,0.0,90,1,LB,90' LB,https://playerstats.football/premier-league/liverpool/xg
44,1397134,19568510,2025/2026,25/26 22 Oct,2025-10-22,5,Champions League,a,Away,Eintracht Frankfurt,1-5,a 1-5,37381778,M. Kerkez,Milos Kerkez,milos_kerkez,0.0,0,0,,,https://playerstats.football/premier-league/liverpool/xg
43,1378639,19427539,2025/2026,25/26 25 Oct,2025-10-25,1,Premier League,a,Away,Brentford,3-2,a 3-2,37381778,M. Kerkez,Milos Kerkez,milos_kerkez,0.51,61,1,LB,0.51 61' LB,https://playerstats.football/premier-league/liverpool/xg
42,1290118,19585905,2025/2026,25/26 29 Oct,2025-10-29,8,Carabao Cup,h,Home,Crystal Palace,0-3,h 0-3,37381778,M. Kerkez,Milos Kerkez,milos_kerkez,0.0,90,1,LWB,90' LWB,https://playerstats.football/premier-league/liverpool/xg
41,1378744,19427550,2025/2026,25/26 01 Nov,2025-11-01,1,Premier League,h,Home,Aston Villa,2-0,h 2-0,37381778,M. Kerkez,Milos Kerkez,milos_kerkez,0.0,0,0,,,https://playerstats.football/premier-league/liverpool/xg
40,1397140,19568538,2025/2026,25/26 04 Nov,2025-11-04,5,Champions League,h,Home,Real Madrid,1-0,h 1-0,37381778,M. Kerkez,Milos Kerkez,milos_kerkez,0.0,2,1,,2',https://playerstats.football/premier-league/liverpool/xg
39,1378930,19427561,2025/2026,25/26 09 Nov,2025-11-09,1,Premier League,a,Away,Manchester City,3-0,a 3-0,37381778,M. Kerkez,Milos Kerkez,milos_kerkez,0.0,34,1,,34',https://playerstats.football/premier-league/liverpool/xg
38,1378974,19427572,2025/2026,25/26 22 Nov,2025-11-22,1,Premier League,h,Home,Nottingham Forest,0-3,h 0-3,37381778,M. Kerkez,Milos Kerkez,milos_kerkez,0.35,68,1,LB,0.35 68' LB,https://playerstats.football/premier-league/liverpool/xg
37,1396979,19568540,2025/2026,25/26 26 Nov,2025-11-26,5,Champions League,h,Home,PSV,1-4,h 1-4,37381778,M. Kerkez,Milos Kerkez,milos_kerkez,0.04,90,1,LB,0.04 90' LB,https://playerstats.football/premier-league/liverpool/xg
36,1378854,19427585,2025/2026,25/26 30 Nov,2025-11-30,1,Premier League,a,Away,West Ham United,0-2,a 0-2,37381778,M. Kerkez,Milos Kerkez,milos_kerkez,0.0,85,1,LB,85' LB,https://playerstats.football/premier-league/liverpool/xg
35,1378637,19427592,2025/2026,25/26 03 Dec,2025-12-03,1,Premier League,h,Home,Sunderland,1-1,h 1-1,37381778,M. Kerkez,Milos Kerkez,milos_kerkez,0.0,4,1,,4',https://playerstats.football/premier-league/liverpool/xg
34,1378928,19427601,2025/2026,25/26 06 Dec,2025-12-06,1,Premier League,a,Away,Leeds United,3-3,a 3-3,37381778,M. Kerkez,Milos Kerkez,milos_kerkez,0.02,90,1,LB,0.02 90' LB,https://playerstats.football/premier-league/liverpool/xg
33,1396884,19568526,2025/2026,25/26 09 Dec,2025-12-09,5,Champions League,a,Away,Inter,0-1,a 0-1,37381778,M. Kerkez,Milos Kerkez,milos_kerkez,0.0,0,0,,,https://playerstats.football/premier-league/liverpool/xg
32,1378936,19427611,2025/2026,25/26 13 Dec,2025-12-13,1,Premier League,h,Home,Brighton & Hove Albion,2-0,h 2-0,37381778,M. Kerkez,Milos Kerkez,milos_kerkez,0.0,90,1,LB,90' LB,https://playerstats.football/premier-league/liverpool/xg
31,1378949,19427624,2025/2026,25/26 20 Dec,2025-12-20,1,Premier League,a,Away,Tottenham Hotspur,1-2,a 1-2,37381778,M. Kerkez,Milos Kerkez,milos_kerkez,0.0,90,1,LB,90' LB,https://playerstats.football/premier-league/liverpool/xg
30,1379105,19427631,2025/2026,25/26 27 Dec,2025-12-27,1,Premier League,h,Home,Wolverhampton Wanderers,2-1,h 2-1,37381778,M. Kerkez,Milos Kerkez,milos_kerkez,0.04,90,1,LB,0.04 90' LB,https://playerstats.football/premier-league/liverpool/xg
29,1378612,19427641,2025/2026,25/26 01 Jan,2026-01-01,1,Premier League,h,Home,Leeds United,0-0,h 0-0,37381778,M. Kerkez,Milos Kerkez,milos_kerkez,0.0,24,1,,24',https://playerstats.football/premier-league/liverpool/xg
28,1379083,19427650,2025/2026,25/26 04 Jan,2026-01-04,1,Premier League,a,Away,Fulham,2-2,a 2-2,37381778,M. Kerkez,Milos Kerkez,milos_kerkez,0.0,90,1,LB,90' LB,https://playerstats.football/premier-league/liverpool/xg
27,1378873,19427656,2025/2026,25/26 08 Jan,2026-01-08,1,Premier League,a,Away,Arsenal,0-0,a 0-0,37381778,M. Kerkez,Milos Kerkez,milos_kerkez,0.0,90,1,LB,90' LB,https://playerstats.football/premier-league/liverpool/xg
26,1344436,19615693,2025/2026,25/26 12 Jan,2026-01-12,300,FA Cup,h,Home,Barnsley,4-1,h 4-1,37381778,M. Kerkez,Milos Kerkez,milos_kerkez,0.0,0,0,,,https://playerstats.football/premier-league/liverpool/xg
25,1378764,19427670,2025/2026,25/26 17 Jan,2026-01-17,1,Premier League,h,Home,Burnley,1-1,h 1-1,37381778,M. Kerkez,Milos Kerkez,milos_kerkez,0.0,78,1,LB,78' LB,https://playerstats.football/premier-league/liverpool/xg
24,1397227,19568558,2025/2026,25/26 21 Jan,2026-01-21,5,Champions League,a,Away,Olympique Marseille,0-3,a 0-3,37381778,M. Kerkez,Milos Kerkez,milos_kerkez,0.0,90,1,LB,90' LB,https://playerstats.football/premier-league/liverpool/xg
23,1378641,19427677,2025/2026,25/26 24 Jan,2026-01-24,1,Premier League,a,Away,AFC Bournemouth,3-2,a 3-2,37381778,M. Kerkez,Milos Kerkez,milos_kerkez,0.02,46,1,LB,0.02 46' LB,https://playerstats.football/premier-league/liverpool/xg
22,1396913,19568541,2025/2026,25/26 28 Jan,2026-01-28,5,Champions League,h,Home,Qarabağ,6-0,h 6-0,37381778,M. Kerkez,Milos Kerkez,milos_kerkez,0.0,0,0,,,https://playerstats.football/premier-league/liverpool/xg
21,1378995,19427690,2025/2026,25/26 31 Jan,2026-01-31,1,Premier League,h,Home,Newcastle United,4-1,h 4-1,37381778,M. Kerkez,Milos Kerkez,milos_kerkez,0.0,90,1,LB,90' LB,https://playerstats.football/premier-league/liverpool/xg
20,1378700,19427702,2025/2026,25/26 08 Feb,2026-02-08,1,Premier League,h,Home,Manchester City,1-2,h 1-2,37381778,M. Kerkez,Milos Kerkez,milos_kerkez,0.0,90,1,LB,90' 0.03 +0.03 F. Chiesa LB,https://playerstats.football/premier-league/liverpool/xg
19,1378607,19427713,2025/2026,25/26 11 Feb,2026-02-11,1,Premier League,a,Away,Sunderland,0-1,a 0-1,37381778,M. Kerkez,Milos Kerkez,milos_kerkez,0.0,0,0,,,https://playerstats.football/premier-league/liverpool/xg
18,1374766,19645325,2025/2026,25/26 14 Feb,2026-02-14,300,FA Cup,h,Home,Brighton & Hove Albion,3-0,h 3-0,37381778,M. Kerkez,Milos Kerkez,milos_kerkez,0.01,90,1,LB,0.01 90' LB,https://playerstats.football/premier-league/liverpool/xg
17,1398004,19427151,2025/2026,25/26 22 Feb,2026-02-22,1,Premier League,a,Away,Nottingham Forest,0-1,a 0-1,37381778,M. Kerkez,Milos Kerkez,milos_kerkez,0.0,83,1,LB,83' LB,https://playerstats.football/premier-league/liverpool/xg
16,1405260,19427161,2025/2026,25/26 28 Feb,2026-02-28,1,Premier League,h,Home,West Ham United,5-2,h 5-2,37381778,M. Kerkez,Milos Kerkez,milos_kerkez,0.0,90,1,LB,90' LB,https://playerstats.football/premier-league/liverpool/xg
15,1407609,19427174,2025/2026,25/26 03 Mar,2026-03-03,1,Premier League,a,Away,Wolverhampton Wanderers,2-1,a 2-1,37381778,M. Kerkez,Milos Kerkez,milos_kerkez,0.0,65,1,LB,65' LB,https://playerstats.football/premier-league/liverpool/xg
14,1413001,19676918,2025/2026,25/26 06 Mar,2026-03-06,300,FA Cup,a,Away,Wolverhampton Wanderers,1-3,a 1-3,37381778,M. Kerkez,Milos Kerkez,milos_kerkez,0.0,0,0,,,https://playerstats.football/premier-league/liverpool/xg
13,1415031,19662568,2025/2026,25/26 10 Mar,2026-03-10,5,Champions League,a,Away,Galatasaray,1-0,a 1-0,37381778,M. Kerkez,Milos Kerkez,milos_kerkez,0.0,60,1,LB,60' LB,https://playerstats.football/premier-league/liverpool/xg
12,1422066,19427180,2025/2026,25/26 15 Mar,2026-03-15,1,Premier League,h,Home,Tottenham Hotspur,1-1,h 1-1,37381778,M. Kerkez,Milos Kerkez,milos_kerkez,0.0,0,0,,,https://playerstats.football/premier-league/liverpool/xg
11,1426145,19662560,2025/2026,25/26 18 Mar,2026-03-18,5,Champions League,h,Home,Galatasaray,4-0,h 4-0,37381778,M. Kerkez,Milos Kerkez,milos_kerkez,0.0,90,1,LB,90' LB,https://playerstats.football/premier-league/liverpool/xg
10,1429079,19427187,2025/2026,25/26 21 Mar,2026-03-21,1,Premier League,a,Away,Brighton & Hove Albion,2-1,a 2-1,37381778,M. Kerkez,Milos Kerkez,milos_kerkez,0.16,76,1,LB,0.16 76' LB,https://playerstats.football/premier-league/liverpool/xg
9,1443072,19687560,2025/2026,25/26 04 Apr,2026-04-04,300,FA Cup,a,Away,Manchester City,4-0,a 4-0,37381778,M. Kerkez,Milos Kerkez,milos_kerkez,0.0,90,1,LB,90' LB,https://playerstats.football/premier-league/liverpool/xg
8,1447863,19683236,2025/2026,25/26 08 Apr,2026-04-08,5,Champions League,a,Away,Paris Saint Germain,2-0,a 2-0,37381778,M. Kerkez,Milos Kerkez,milos_kerkez,0.0,78,1,LM,78' LM,https://playerstats.football/premier-league/liverpool/xg
7,1451031,19427197,2025/2026,25/26 11 Apr,2026-04-11,1,Premier League,h,Home,Fulham,2-0,h 2-0,37381778,M. Kerkez,Milos Kerkez,milos_kerkez,0.0,0,0,,,https://playerstats.football/premier-league/liverpool/xg
6,1452845,19683229,2025/2026,25/26 14 Apr,2026-04-14,5,Champions League,h,Home,Paris Saint Germain,0-2,h 0-2,37381778,M. Kerkez,Milos Kerkez,milos_kerkez,0.29,90,1,LB,0.29 90' LB,https://playerstats.football/premier-league/liverpool/xg
5,1458937,19427732,2025/2026,25/26 19 Apr,2026-04-19,1,Premier League,a,Away,Everton,1-2,a 1-2,37381778,M. Kerkez,Milos Kerkez,milos_kerkez,0.0,4,1,,4',https://playerstats.football/premier-league/liverpool/xg
4,1466441,19427201,2025/2026,25/26 25 Apr,2026-04-25,1,Premier League,h,Home,Crystal Palace,3-1,h 3-1,37381778,M. Kerkez,Milos Kerkez,milos_kerkez,0.0,3,1,,3',https://playerstats.football/premier-league/liverpool/xg
3,1475068,19427213,2025/2026,25/26 03 May,2026-05-03,1,Premier League,a,Away,Manchester United,3-2,a 3-2,37381778,M. Kerkez,Milos Kerkez,milos_kerkez,0.0,31,1,,31',https://playerstats.football/premier-league/liverpool/xg
2,1480645,19427220,2025/2026,25/26 09 May,2026-05-09,1,Premier League,h,Home,Chelsea,1-1,h 1-1,37381778,M. Kerkez,Milos Kerkez,milos_kerkez,0.0,90,1,LB,90' LB,https://playerstats.football/premier-league/liverpool/xg
1,1487202,19427227,2025/2026,25/26 15 May,2026-05-15,1,Premier League,a,Away,Aston Villa,4-2,a 4-2,37381778,M. Kerkez,Milos Kerkez,milos_kerkez,0.0,90,1,LB,90' LB,https://playerstats.football/premier-league/liverpool/xg
56,1193039,19464492,2025/2026,25/26 10 Aug,2025-08-10,7,Community Shield,a,Away,Crystal Palace,2-2,a 2-2 P,4125,M. Salah,Mohamed Salah,mohamed_salah,0.0,120,1,RAM,120' RAM,https://playerstats.football/premier-league/liverpool/xg
55,1378727,19427455,2025/2026,25/26 15 Aug,2025-08-15,1,Premier League,h,Home,AFC Bournemouth,4-2,h 4-2,4125,M. Salah,Mohamed Salah,mohamed_salah,0.56,90,1,RAM,0.56 90' RAM,https://playerstats.football/premier-league/liverpool/xg
54,1378725,19427473,2025/2026,25/26 25 Aug,2025-08-25,1,Premier League,a,Away,Newcastle United,2-3,a 2-3,4125,M. Salah,Mohamed Salah,mohamed_salah,0.0,90,1,RAM,90' RAM,https://playerstats.football/premier-league/liverpool/xg
53,1378820,19427479,2025/2026,25/26 31 Aug,2025-08-31,1,Premier League,h,Home,Arsenal,1-0,h 1-0,4125,M. Salah,Mohamed Salah,mohamed_salah,0.12,90,1,RAM,0.12 90' RAM,https://playerstats.football/premier-league/liverpool/xg
52,1378793,19427488,2025/2026,25/26 14 Sep,2025-09-14,1,Premier League,a,Away,Burnley,0-1,a 0-1,4125,M. Salah,Mohamed Salah,mohamed_salah,0.79,90,1,RAM,0.79 90' RAM,https://playerstats.football/premier-league/liverpool/xg
51,1397014,19568539,2025/2026,25/26 17 Sep,2025-09-17,5,Champions League,h,Home,Atlético Madrid,3-2,h 3-2,4125,M. Salah,Mohamed Salah,mohamed_salah,0.98,90,1,RAM,0.98 90' RAM,https://playerstats.football/premier-league/liverpool/xg
50,1379121,19427500,2025/2026,25/26 20 Sep,2025-09-20,1,Premier League,h,Home,Everton,2-1,h 2-1,4125,M. Salah,Mohamed Salah,mohamed_salah,0.17,90,1,RAM,0.17 90' RAM,https://playerstats.football/premier-league/liverpool/xg
49,1218466,19572904,2025/2026,25/26 23 Sep,2025-09-23,8,Carabao Cup,h,Home,Southampton,2-1,h 2-1,4125,M. Salah,Mohamed Salah,mohamed_salah,0.0,0,0,,,https://playerstats.football/premier-league/liverpool/xg
48,1379139,19427508,2025/2026,25/26 27 Sep,2025-09-27,1,Premier League,a,Away,Crystal Palace,2-1,a 2-1,4125,M. Salah,Mohamed Salah,mohamed_salah,0.51,90,1,RAM,0.51 90' RAM,https://playerstats.football/premier-league/liverpool/xg
47,1396787,19568522,2025/2026,25/26 30 Sep,2025-09-30,5,Champions League,a,Away,Galatasaray,1-0,a 1-0,4125,M. Salah,Mohamed Salah,mohamed_salah,0.0,28,1,,28',https://playerstats.football/premier-league/liverpool/xg
46,1378908,19427519,2025/2026,25/26 04 Oct,2025-10-04,1,Premier League,a,Away,Chelsea,2-1,a 2-1,4125,M. Salah,Mohamed Salah,mohamed_salah,0.36,90,1,RAM,0.36 90' RAM,https://playerstats.football/premier-league/liverpool/xg
45,1378881,19427529,2025/2026,25/26 19 Oct,2025-10-19,1,Premier League,h,Home,Manchester United,1-2,h 1-2,4125,M. Salah,Mohamed Salah,mohamed_salah,0.33,85,1,RAM,0.33 85' RAM,https://playerstats.football/premier-league/liverpool/xg
44,1397134,19568510,2025/2026,25/26 22 Oct,2025-10-22,5,Champions League,a,Away,Eintracht Frankfurt,1-5,a 1-5,4125,M. Salah,Mohamed Salah,mohamed_salah,0.39,15,1,,0.39 15',https://playerstats.football/premier-league/liverpool/xg
43,1378639,19427539,2025/2026,25/26 25 Oct,2025-10-25,1,Premier League,a,Away,Brentford,3-2,a 3-2,4125,M. Salah,Mohamed Salah,mohamed_salah,0.97,90,1,RAM,0.97 90' RAM,https://playerstats.football/premier-league/liverpool/xg
42,1290118,19585905,2025/2026,25/26 29 Oct,2025-10-29,8,Carabao Cup,h,Home,Crystal Palace,0-3,h 0-3,4125,M. Salah,Mohamed Salah,mohamed_salah,0.0,0,0,,,https://playerstats.football/premier-league/liverpool/xg
41,1378744,19427550,2025/2026,25/26 01 Nov,2025-11-01,1,Premier League,h,Home,Aston Villa,2-0,h 2-0,4125,M. Salah,Mohamed Salah,mohamed_salah,0.18,90,1,RAM,0.18 90' RAM,https://playerstats.football/premier-league/liverpool/xg
40,1397140,19568538,2025/2026,25/26 04 Nov,2025-11-04,5,Champions League,h,Home,Real Madrid,1-0,h 1-0,4125,M. Salah,Mohamed Salah,mohamed_salah,0.47,90,1,RAM,0.47 90' RAM,https://playerstats.football/premier-league/liverpool/xg
39,1378930,19427561,2025/2026,25/26 09 Nov,2025-11-09,1,Premier League,a,Away,Manchester City,3-0,a 3-0,4125,M. Salah,Mohamed Salah,mohamed_salah,0.48,90,1,RAM,0.48 90' RAM,https://playerstats.football/premier-league/liverpool/xg
38,1378974,19427572,2025/2026,25/26 22 Nov,2025-11-22,1,Premier League,h,Home,Nottingham Forest,0-3,h 0-3,4125,M. Salah,Mohamed Salah,mohamed_salah,0.28,90,1,RW,0.28 90' RW,https://playerstats.football/premier-league/liverpool/xg
37,1396979,19568540,2025/2026,25/26 26 Nov,2025-11-26,5,Champions League,h,Home,PSV,1-4,h 1-4,4125,M. Salah,Mohamed Salah,mohamed_salah,0.05,90,1,RAM,0.05 90' RAM,https://playerstats.football/premier-league/liverpool/xg
36,1378854,19427585,2025/2026,25/26 30 Nov,2025-11-30,1,Premier League,a,Away,West Ham United,0-2,a 0-2,4125,M. Salah,Mohamed Salah,mohamed_salah,0.0,0,0,,,https://playerstats.football/premier-league/liverpool/xg
35,1378637,19427592,2025/2026,25/26 03 Dec,2025-12-03,1,Premier League,h,Home,Sunderland,1-1,h 1-1,4125,M. Salah,Mohamed Salah,mohamed_salah,0.06,44,1,,0.06 44',https://playerstats.football/premier-league/liverpool/xg
34,1378928,19427601,2025/2026,25/26 06 Dec,2025-12-06,1,Premier League,a,Away,Leeds United,3-3,a 3-3,4125,M. Salah,Mohamed Salah,mohamed_salah,0.0,0,0,,,https://playerstats.football/premier-league/liverpool/xg
33,1396884,19568526,2025/2026,25/26 09 Dec,2025-12-09,5,Champions League,a,Away,Inter,0-1,a 0-1,4125,M. Salah,Mohamed Salah,mohamed_salah,0.0,0,0,,,https://playerstats.football/premier-league/liverpool/xg
32,1378936,19427611,2025/2026,25/26 13 Dec,2025-12-13,1,Premier League,h,Home,Brighton & Hove Albion,2-0,h 2-0,4125,M. Salah,Mohamed Salah,mohamed_salah,0.88,64,1,,0.88 64',https://playerstats.football/premier-league/liverpool/xg
31,1378949,19427624,2025/2026,25/26 20 Dec,2025-12-20,1,Premier League,a,Away,Tottenham Hotspur,1-2,a 1-2,4125,M. Salah,Mohamed Salah,mohamed_salah,0.0,0,0,,,https://playerstats.football/premier-league/liverpool/xg
30,1379105,19427631,2025/2026,25/26 27 Dec,2025-12-27,1,Premier League,h,Home,Wolverhampton Wanderers,2-1,h 2-1,4125,M. Salah,Mohamed Salah,mohamed_salah,0.0,0,0,,,https://playerstats.football/premier-league/liverpool/xg
29,1378612,19427641,2025/2026,25/26 01 Jan,2026-01-01,1,Premier League,h,Home,Leeds United,0-0,h 0-0,4125,M. Salah,Mohamed Salah,mohamed_salah,0.0,0,0,,,https://playerstats.football/premier-league/liverpool/xg
28,1379083,19427650,2025/2026,25/26 04 Jan,2026-01-04,1,Premier League,a,Away,Fulham,2-2,a 2-2,4125,M. Salah,Mohamed Salah,mohamed_salah,0.0,0,0,,,https://playerstats.football/premier-league/liverpool/xg
27,1378873,19427656,2025/2026,25/26 08 Jan,2026-01-08,1,Premier League,a,Away,Arsenal,0-0,a 0-0,4125,M. Salah,Mohamed Salah,mohamed_salah,0.0,0,0,,,https://playerstats.football/premier-league/liverpool/xg
26,1344436,19615693,2025/2026,25/26 12 Jan,2026-01-12,300,FA Cup,h,Home,Barnsley,4-1,h 4-1,4125,M. Salah,Mohamed Salah,mohamed_salah,0.0,0,0,,,https://playerstats.football/premier-league/liverpool/xg
25,1378764,19427670,2025/2026,25/26 17 Jan,2026-01-17,1,Premier League,h,Home,Burnley,1-1,h 1-1,4125,M. Salah,Mohamed Salah,mohamed_salah,0.0,0,0,,,https://playerstats.football/premier-league/liverpool/xg
24,1397227,19568558,2025/2026,25/26 21 Jan,2026-01-21,5,Champions League,a,Away,Olympique Marseille,0-3,a 0-3,4125,M. Salah,Mohamed Salah,mohamed_salah,0.51,90,1,ST,0.51 90' ST,https://playerstats.football/premier-league/liverpool/xg
23,1378641,19427677,2025/2026,25/26 24 Jan,2026-01-24,1,Premier League,a,Away,AFC Bournemouth,3-2,a 3-2,4125,M. Salah,Mohamed Salah,mohamed_salah,0.31,90,1,ST,0.31 90' ST,https://playerstats.football/premier-league/liverpool/xg
22,1396913,19568541,2025/2026,25/26 28 Jan,2026-01-28,5,Champions League,h,Home,Qarabağ,6-0,h 6-0,4125,M. Salah,Mohamed Salah,mohamed_salah,0.43,90,1,RAM,0.43 90' RAM,https://playerstats.football/premier-league/liverpool/xg
21,1378995,19427690,2025/2026,25/26 31 Jan,2026-01-31,1,Premier League,h,Home,Newcastle United,4-1,h 4-1,4125,M. Salah,Mohamed Salah,mohamed_salah,0.28,84,1,RAM,0.28 84' RAM,https://playerstats.football/premier-league/liverpool/xg
20,1378700,19427702,2025/2026,25/26 08 Feb,2026-02-08,1,Premier League,h,Home,Manchester City,1-2,h 1-2,4125,M. Salah,Mohamed Salah,mohamed_salah,0.32,90,1,RAM,0.32 90' RAM,https://playerstats.football/premier-league/liverpool/xg
19,1378607,19427713,2025/2026,25/26 11 Feb,2026-02-11,1,Premier League,a,Away,Sunderland,0-1,a 0-1,4125,M. Salah,Mohamed Salah,mohamed_salah,0.68,90,1,RAM,0.68 90' RAM,https://playerstats.football/premier-league/liverpool/xg
18,1374766,19645325,2025/2026,25/26 14 Feb,2026-02-14,300,FA Cup,h,Home,Brighton & Hove Albion,3-0,h 3-0,4125,M. Salah,Mohamed Salah,mohamed_salah,2.15,77,1,RAM,2.15 77' RAM,https://playerstats.football/premier-league/liverpool/xg
17,1398004,19427151,2025/2026,25/26 22 Feb,2026-02-22,1,Premier League,a,Away,Nottingham Forest,0-1,a 0-1,4125,M. Salah,Mohamed Salah,mohamed_salah,0.0,77,1,RAM,77' RAM,https://playerstats.football/premier-league/liverpool/xg
16,1405260,19427161,2025/2026,25/26 28 Feb,2026-02-28,1,Premier League,h,Home,West Ham United,5-2,h 5-2,4125,M. Salah,Mohamed Salah,mohamed_salah,0.32,90,1,RAM,0.32 90' RAM,https://playerstats.football/premier-league/liverpool/xg
15,1407609,19427174,2025/2026,25/26 03 Mar,2026-03-03,1,Premier League,a,Away,Wolverhampton Wanderers,2-1,a 2-1,4125,M. Salah,Mohamed Salah,mohamed_salah,0.17,90,1,RAM,0.17 90' RAM,https://playerstats.football/premier-league/liverpool/xg
14,1413001,19676918,2025/2026,25/26 06 Mar,2026-03-06,300,FA Cup,a,Away,Wolverhampton Wanderers,1-3,a 1-3,4125,M. Salah,Mohamed Salah,mohamed_salah,0.66,69,1,RAM,0.66 69' 0.81 +0.15 J. Frimpong RAM,https://playerstats.football/premier-league/liverpool/xg
13,1415031,19662568,2025/2026,25/26 10 Mar,2026-03-10,5,Champions League,a,Away,Galatasaray,1-0,a 1-0,4125,M. Salah,Mohamed Salah,mohamed_salah,0.0,60,1,RAM,60' 0.03 +0.03 J. Frimpong RAM,https://playerstats.football/premier-league/liverpool/xg
12,1422066,19427180,2025/2026,25/26 15 Mar,2026-03-15,1,Premier League,h,Home,Tottenham Hotspur,1-1,h 1-1,4125,M. Salah,Mohamed Salah,mohamed_salah,0.28,26,1,,0.28 26',https://playerstats.football/premier-league/liverpool/xg
11,1426145,19662560,2025/2026,25/26 18 Mar,2026-03-18,5,Champions League,h,Home,Galatasaray,4-0,h 4-0,4125,M. Salah,Mohamed Salah,mohamed_salah,1.66,74,1,ST,1.66 74' ST,https://playerstats.football/premier-league/liverpool/xg
10,1429079,19427187,2025/2026,25/26 21 Mar,2026-03-21,1,Premier League,a,Away,Brighton & Hove Albion,2-1,a 2-1,4125,M. Salah,Mohamed Salah,mohamed_salah,0.0,0,0,,,https://playerstats.football/premier-league/liverpool/xg
9,1443072,19687560,2025/2026,25/26 04 Apr,2026-04-04,300,FA Cup,a,Away,Manchester City,4-0,a 4-0,4125,M. Salah,Mohamed Salah,mohamed_salah,1.12,77,1,ST,1.12 77' ST,https://playerstats.football/premier-league/liverpool/xg
8,1447863,19683236,2025/2026,25/26 08 Apr,2026-04-08,5,Champions League,a,Away,Paris Saint Germain,2-0,a 2-0,4125,M. Salah,Mohamed Salah,mohamed_salah,0.0,0,0,,,https://playerstats.football/premier-league/liverpool/xg
7,1451031,19427197,2025/2026,25/26 11 Apr,2026-04-11,1,Premier League,h,Home,Fulham,2-0,h 2-0,4125,M. Salah,Mohamed Salah,mohamed_salah,0.53,90,1,RAM,0.53 90' RAM,https://playerstats.football/premier-league/liverpool/xg
6,1452845,19683229,2025/2026,25/26 14 Apr,2026-04-14,5,Champions League,h,Home,Paris Saint Germain,0-2,h 0-2,4125,M. Salah,Mohamed Salah,mohamed_salah,0.3,59,1,,0.30 59',https://playerstats.football/premier-league/liverpool/xg
5,1458937,19427732,2025/2026,25/26 19 Apr,2026-04-19,1,Premier League,a,Away,Everton,1-2,a 1-2,4125,M. Salah,Mohamed Salah,mohamed_salah,0.15,90,1,RAM,0.15 90' RAM,https://playerstats.football/premier-league/liverpool/xg
4,1466441,19427201,2025/2026,25/26 25 Apr,2026-04-25,1,Premier League,h,Home,Crystal Palace,3-1,h 3-1,4125,M. Salah,Mohamed Salah,mohamed_salah,0.13,59,1,RAM,0.13 59' 0.17 +0.04 J. Frimpong RAM,https://playerstats.football/premier-league/liverpool/xg
3,1475068,19427213,2025/2026,25/26 03 May,2026-05-03,1,Premier League,a,Away,Manchester United,3-2,a 3-2,4125,M. Salah,Mohamed Salah,mohamed_salah,0.0,0,0,,,https://playerstats.football/premier-league/liverpool/xg
2,1480645,19427220,2025/2026,25/26 09 May,2026-05-09,1,Premier League,h,Home,Chelsea,1-1,h 1-1,4125,M. Salah,Mohamed Salah,mohamed_salah,0.0,0,0,,,https://playerstats.football/premier-league/liverpool/xg
1,1487202,19427227,2025/2026,25/26 15 May,2026-05-15,1,Premier League,a,Away,Aston Villa,4-2,a 4-2,4125,M. Salah,Mohamed Salah,mohamed_salah,0.0,16,1,,16',https://playerstats.football/premier-league/liverpool/xg
56,1193039,19464492,2025/2026,25/26 10 Aug,2025-08-10,7,Community Shield,a,Away,Crystal Palace,2-2,a 2-2 P,5270462,R. Gravenberch,Ryan Gravenberch,ryan_gravenberch,0.0,0,0,,,https://playerstats.football/premier-league/liverpool/xg
55,1378727,19427455,2025/2026,25/26 15 Aug,2025-08-15,1,Premier League,h,Home,AFC Bournemouth,4-2,h 4-2,5270462,R. Gravenberch,Ryan Gravenberch,ryan_gravenberch,0.0,0,0,,,https://playerstats.football/premier-league/liverpool/xg
54,1378725,19427473,2025/2026,25/26 25 Aug,2025-08-25,1,Premier League,a,Away,Newcastle United,2-3,a 2-3,5270462,R. Gravenberch,Ryan Gravenberch,ryan_gravenberch,0.03,90,1,RDM,0.03 90' RDM,https://playerstats.football/premier-league/liverpool/xg
53,1378820,19427479,2025/2026,25/26 31 Aug,2025-08-31,1,Premier League,h,Home,Arsenal,1-0,h 1-0,5270462,R. Gravenberch,Ryan Gravenberch,ryan_gravenberch,0.02,90,1,RDM,0.02 90' RDM,https://playerstats.football/premier-league/liverpool/xg
52,1378793,19427488,2025/2026,25/26 14 Sep,2025-09-14,1,Premier League,a,Away,Burnley,0-1,a 0-1,5270462,R. Gravenberch,Ryan Gravenberch,ryan_gravenberch,0.18,90,1,RDM,0.18 90' RDM,https://playerstats.football/premier-league/liverpool/xg
51,1397014,19568539,2025/2026,25/26 17 Sep,2025-09-17,5,Champions League,h,Home,Atlético Madrid,3-2,h 3-2,5270462,R. Gravenberch,Ryan Gravenberch,ryan_gravenberch,0.0,90,1,RDM,90' RDM,https://playerstats.football/premier-league/liverpool/xg
50,1379121,19427500,2025/2026,25/26 20 Sep,2025-09-20,1,Premier League,h,Home,Everton,2-1,h 2-1,5270462,R. Gravenberch,Ryan Gravenberch,ryan_gravenberch,0.12,90,1,RDM,0.12 90' RDM,https://playerstats.football/premier-league/liverpool/xg
49,1218466,19572904,2025/2026,25/26 23 Sep,2025-09-23,8,Carabao Cup,h,Home,Southampton,2-1,h 2-1,5270462,R. Gravenberch,Ryan Gravenberch,ryan_gravenberch,0.0,0,0,,,https://playerstats.football/premier-league/liverpool/xg
48,1379139,19427508,2025/2026,25/26 27 Sep,2025-09-27,1,Premier League,a,Away,Crystal Palace,2-1,a 2-1,5270462,R. Gravenberch,Ryan Gravenberch,ryan_gravenberch,0.03,90,1,RDM,0.03 90' RDM,https://playerstats.football/premier-league/liverpool/xg
47,1396787,19568522,2025/2026,25/26 30 Sep,2025-09-30,5,Champions League,a,Away,Galatasaray,1-0,a 1-0,5270462,R. Gravenberch,Ryan Gravenberch,ryan_gravenberch,0.0,62,1,RDM,62' 0.07 +0.07 A. Isak RDM,https://playerstats.football/premier-league/liverpool/xg
46,1378908,19427519,2025/2026,25/26 04 Oct,2025-10-04,1,Premier League,a,Away,Chelsea,2-1,a 2-1,5270462,R. Gravenberch,Ryan Gravenberch,ryan_gravenberch,0.04,90,1,RDM,0.04 90' RDM,https://playerstats.football/premier-league/liverpool/xg
45,1378881,19427529,2025/2026,25/26 19 Oct,2025-10-19,1,Premier League,h,Home,Manchester United,1-2,h 1-2,5270462,R. Gravenberch,Ryan Gravenberch,ryan_gravenberch,0.0,62,1,RDM,62' 0.08 +0.08 C. Jones RDM,https://playerstats.football/premier-league/liverpool/xg
44,1397134,19568510,2025/2026,25/26 22 Oct,2025-10-22,5,Champions League,a,Away,Eintracht Frankfurt,1-5,a 1-5,5270462,R. Gravenberch,Ryan Gravenberch,ryan_gravenberch,0.0,0,0,,,https://playerstats.football/premier-league/liverpool/xg
43,1378639,19427539,2025/2026,25/26 25 Oct,2025-10-25,1,Premier League,a,Away,Brentford,3-2,a 3-2,5270462,R. Gravenberch,Ryan Gravenberch,ryan_gravenberch,0.0,0,0,,,https://playerstats.football/premier-league/liverpool/xg
42,1290118,19585905,2025/2026,25/26 29 Oct,2025-10-29,8,Carabao Cup,h,Home,Crystal Palace,0-3,h 0-3,5270462,R. Gravenberch,Ryan Gravenberch,ryan_gravenberch,0.0,0,0,,,https://playerstats.football/premier-league/liverpool/xg
41,1378744,19427550,2025/2026,25/26 01 Nov,2025-11-01,1,Premier League,h,Home,Aston Villa,2-0,h 2-0,5270462,R. Gravenberch,Ryan Gravenberch,ryan_gravenberch,0.11,90,1,RDM,0.11 90' RDM,https://playerstats.football/premier-league/liverpool/xg
40,1397140,19568538,2025/2026,25/26 04 Nov,2025-11-04,5,Champions League,h,Home,Real Madrid,1-0,h 1-0,5270462,R. Gravenberch,Ryan Gravenberch,ryan_gravenberch,0.0,90,1,RDM,90' RDM,https://playerstats.football/premier-league/liverpool/xg
39,1378930,19427561,2025/2026,25/26 09 Nov,2025-11-09,1,Premier League,a,Away,Manchester City,3-0,a 3-0,5270462,R. Gravenberch,Ryan Gravenberch,ryan_gravenberch,0.0,90,1,RDM,90' RDM,https://playerstats.football/premier-league/liverpool/xg
38,1378974,19427572,2025/2026,25/26 22 Nov,2025-11-22,1,Premier League,h,Home,Nottingham Forest,0-3,h 0-3,5270462,R. Gravenberch,Ryan Gravenberch,ryan_gravenberch,0.0,90,1,CDM,90' CDM,https://playerstats.football/premier-league/liverpool/xg
37,1396979,19568540,2025/2026,25/26 26 Nov,2025-11-26,5,Champions League,h,Home,PSV,1-4,h 1-4,5270462,R. Gravenberch,Ryan Gravenberch,ryan_gravenberch,0.15,90,1,RDM,0.15 90' RDM,https://playerstats.football/premier-league/liverpool/xg
36,1378854,19427585,2025/2026,25/26 30 Nov,2025-11-30,1,Premier League,a,Away,West Ham United,0-2,a 0-2,5270462,R. Gravenberch,Ryan Gravenberch,ryan_gravenberch,0.0,90,1,RDM,90' RDM,https://playerstats.football/premier-league/liverpool/xg
35,1378637,19427592,2025/2026,25/26 03 Dec,2025-12-03,1,Premier League,h,Home,Sunderland,1-1,h 1-1,5270462,R. Gravenberch,Ryan Gravenberch,ryan_gravenberch,0.02,90,1,RDM,0.02 90' RDM,https://playerstats.football/premier-league/liverpool/xg
34,1378928,19427601,2025/2026,25/26 06 Dec,2025-12-06,1,Premier League,a,Away,Leeds United,3-3,a 3-3,5270462,R. Gravenberch,Ryan Gravenberch,ryan_gravenberch,0.0,90,1,RDM,90' RDM,https://playerstats.football/premier-league/liverpool/xg
33,1396884,19568526,2025/2026,25/26 09 Dec,2025-12-09,5,Champions League,a,Away,Inter,0-1,a 0-1,5270462,R. Gravenberch,Ryan Gravenberch,ryan_gravenberch,0.06,90,1,CDM,0.06 90' CDM,https://playerstats.football/premier-league/liverpool/xg
32,1378936,19427611,2025/2026,25/26 13 Dec,2025-12-13,1,Premier League,h,Home,Brighton & Hove Albion,2-0,h 2-0,5270462,R. Gravenberch,Ryan Gravenberch,ryan_gravenberch,0.12,90,1,RDM,0.12 90' RDM,https://playerstats.football/premier-league/liverpool/xg
31,1378949,19427624,2025/2026,25/26 20 Dec,2025-12-20,1,Premier League,a,Away,Tottenham Hotspur,1-2,a 1-2,5270462,R. Gravenberch,Ryan Gravenberch,ryan_gravenberch,0.0,90,1,RDM,90' RDM,https://playerstats.football/premier-league/liverpool/xg
30,1379105,19427631,2025/2026,25/26 27 Dec,2025-12-27,1,Premier League,h,Home,Wolverhampton Wanderers,2-1,h 2-1,5270462,R. Gravenberch,Ryan Gravenberch,ryan_gravenberch,0.38,90,1,RDM,0.38 90' RDM,https://playerstats.football/premier-league/liverpool/xg
29,1378612,19427641,2025/2026,25/26 01 Jan,2026-01-01,1,Premier League,h,Home,Leeds United,0-0,h 0-0,5270462,R. Gravenberch,Ryan Gravenberch,ryan_gravenberch,0.03,90,1,RDM,0.03 90' RDM,https://playerstats.football/premier-league/liverpool/xg
28,1379083,19427650,2025/2026,25/26 04 Jan,2026-01-04,1,Premier League,a,Away,Fulham,2-2,a 2-2,5270462,R. Gravenberch,Ryan Gravenberch,ryan_gravenberch,0.0,90,1,RDM,90' RDM,https://playerstats.football/premier-league/liverpool/xg
27,1378873,19427656,2025/2026,25/26 08 Jan,2026-01-08,1,Premier League,a,Away,Arsenal,0-0,a 0-0,5270462,R. Gravenberch,Ryan Gravenberch,ryan_gravenberch,0.04,90,1,RDM,0.04 90' RDM,https://playerstats.football/premier-league/liverpool/xg
26,1344436,19615693,2025/2026,25/26 12 Jan,2026-01-12,300,FA Cup,h,Home,Barnsley,4-1,h 4-1,5270462,R. Gravenberch,Ryan Gravenberch,ryan_gravenberch,0.0,17,1,,17',https://playerstats.football/premier-league/liverpool/xg
25,1378764,19427670,2025/2026,25/26 17 Jan,2026-01-17,1,Premier League,h,Home,Burnley,1-1,h 1-1,5270462,R. Gravenberch,Ryan Gravenberch,ryan_gravenberch,0.07,78,1,RDM,0.07 78' 0.32 +0.25 A. Mac Allister RDM,https://playerstats.football/premier-league/liverpool/xg
24,1397227,19568558,2025/2026,25/26 21 Jan,2026-01-21,5,Champions League,a,Away,Olympique Marseille,0-3,a 0-3,5270462,R. Gravenberch,Ryan Gravenberch,ryan_gravenberch,0.0,90,1,RDM,90' RDM,https://playerstats.football/premier-league/liverpool/xg
23,1378641,19427677,2025/2026,25/26 24 Jan,2026-01-24,1,Premier League,a,Away,AFC Bournemouth,3-2,a 3-2,5270462,R. Gravenberch,Ryan Gravenberch,ryan_gravenberch,0.05,90,1,RDM,0.05 90' RDM,https://playerstats.football/premier-league/liverpool/xg
22,1396913,19568541,2025/2026,25/26 28 Jan,2026-01-28,5,Champions League,h,Home,Qarabağ,6-0,h 6-0,5270462,R. Gravenberch,Ryan Gravenberch,ryan_gravenberch,0.0,90,1,RCB,90' RCB,https://playerstats.football/premier-league/liverpool/xg
21,1378995,19427690,2025/2026,25/26 31 Jan,2026-01-31,1,Premier League,h,Home,Newcastle United,4-1,h 4-1,5270462,R. Gravenberch,Ryan Gravenberch,ryan_gravenberch,0.05,90,1,RDM,0.05 90' RDM,https://playerstats.football/premier-league/liverpool/xg
20,1378700,19427702,2025/2026,25/26 08 Feb,2026-02-08,1,Premier League,h,Home,Manchester City,1-2,h 1-2,5270462,R. Gravenberch,Ryan Gravenberch,ryan_gravenberch,0.03,90,1,RDM,0.03 90' RDM,https://playerstats.football/premier-league/liverpool/xg
19,1378607,19427713,2025/2026,25/26 11 Feb,2026-02-11,1,Premier League,a,Away,Sunderland,0-1,a 0-1,5270462,R. Gravenberch,Ryan Gravenberch,ryan_gravenberch,0.03,90,1,RDM,0.03 90' RDM,https://playerstats.football/premier-league/liverpool/xg
18,1374766,19645325,2025/2026,25/26 14 Feb,2026-02-14,300,FA Cup,h,Home,Brighton & Hove Albion,3-0,h 3-0,5270462,R. Gravenberch,Ryan Gravenberch,ryan_gravenberch,0.0,0,0,,,https://playerstats.football/premier-league/liverpool/xg
17,1398004,19427151,2025/2026,25/26 22 Feb,2026-02-22,1,Premier League,a,Away,Nottingham Forest,0-1,a 0-1,5270462,R. Gravenberch,Ryan Gravenberch,ryan_gravenberch,0.0,90,1,RDM,90' RDM,https://playerstats.football/premier-league/liverpool/xg
16,1405260,19427161,2025/2026,25/26 28 Feb,2026-02-28,1,Premier League,h,Home,West Ham United,5-2,h 5-2,5270462,R. Gravenberch,Ryan Gravenberch,ryan_gravenberch,0.09,86,1,RDM,0.09 86' 0.3 +0.21 T. Nyoni RDM,https://playerstats.football/premier-league/liverpool/xg
15,1407609,19427174,2025/2026,25/26 03 Mar,2026-03-03,1,Premier League,a,Away,Wolverhampton Wanderers,2-1,a 2-1,5270462,R. Gravenberch,Ryan Gravenberch,ryan_gravenberch,0.0,46,1,RDM,46' 0.05 +0.05 C. Jones RDM,https://playerstats.football/premier-league/liverpool/xg
14,1413001,19676918,2025/2026,25/26 06 Mar,2026-03-06,300,FA Cup,a,Away,Wolverhampton Wanderers,1-3,a 1-3,5270462,R. Gravenberch,Ryan Gravenberch,ryan_gravenberch,0.18,90,1,RDM,0.18 90' RDM,https://playerstats.football/premier-league/liverpool/xg
13,1415031,19662568,2025/2026,25/26 10 Mar,2026-03-10,5,Champions League,a,Away,Galatasaray,1-0,a 1-0,5270462,R. Gravenberch,Ryan Gravenberch,ryan_gravenberch,0.02,90,1,RDM,0.02 90' RDM,https://playerstats.football/premier-league/liverpool/xg
12,1422066,19427180,2025/2026,25/26 15 Mar,2026-03-15,1,Premier League,h,Home,Tottenham Hotspur,1-1,h 1-1,5270462,R. Gravenberch,Ryan Gravenberch,ryan_gravenberch,0.17,90,1,RDM,0.17 90' RDM,https://playerstats.football/premier-league/liverpool/xg
11,1426145,19662560,2025/2026,25/26 18 Mar,2026-03-18,5,Champions League,h,Home,Galatasaray,4-0,h 4-0,5270462,R. Gravenberch,Ryan Gravenberch,ryan_gravenberch,0.09,89,1,CDM,0.09 89' CDM,https://playerstats.football/premier-league/liverpool/xg
10,1429079,19427187,2025/2026,25/26 21 Mar,2026-03-21,1,Premier League,a,Away,Brighton & Hove Albion,2-1,a 2-1,5270462,R. Gravenberch,Ryan Gravenberch,ryan_gravenberch,0.0,90,1,CDM,90' CDM,https://playerstats.football/premier-league/liverpool/xg
9,1443072,19687560,2025/2026,25/26 04 Apr,2026-04-04,300,FA Cup,a,Away,Manchester City,4-0,a 4-0,5270462,R. Gravenberch,Ryan Gravenberch,ryan_gravenberch,0.0,67,1,RDM,67' 0.02 +0.02 A. Mac Allister RDM,https://playerstats.football/premier-league/liverpool/xg
8,1447863,19683236,2025/2026,25/26 08 Apr,2026-04-08,5,Champions League,a,Away,Paris Saint Germain,2-0,a 2-0,5270462,R. Gravenberch,Ryan Gravenberch,ryan_gravenberch,0.0,90,1,CDM,90' CDM,https://playerstats.football/premier-league/liverpool/xg
7,1451031,19427197,2025/2026,25/26 11 Apr,2026-04-11,1,Premier League,h,Home,Fulham,2-0,h 2-0,5270462,R. Gravenberch,Ryan Gravenberch,ryan_gravenberch,0.0,44,1,,44',https://playerstats.football/premier-league/liverpool/xg
6,1452845,19683229,2025/2026,25/26 14 Apr,2026-04-14,5,Champions League,h,Home,Paris Saint Germain,0-2,h 0-2,5270462,R. Gravenberch,Ryan Gravenberch,ryan_gravenberch,0.21,90,1,RDM,0.21 90' RDM,https://playerstats.football/premier-league/liverpool/xg
5,1458937,19427732,2025/2026,25/26 19 Apr,2026-04-19,1,Premier League,a,Away,Everton,1-2,a 1-2,5270462,R. Gravenberch,Ryan Gravenberch,ryan_gravenberch,0.02,90,1,LDM,0.02 90' LDM,https://playerstats.football/premier-league/liverpool/xg
4,1466441,19427201,2025/2026,25/26 25 Apr,2026-04-25,1,Premier League,h,Home,Crystal Palace,3-1,h 3-1,5270462,R. Gravenberch,Ryan Gravenberch,ryan_gravenberch,0.0,11,1,,11',https://playerstats.football/premier-league/liverpool/xg
3,1475068,19427213,2025/2026,25/26 03 May,2026-05-03,1,Premier League,a,Away,Manchester United,3-2,a 3-2,5270462,R. Gravenberch,Ryan Gravenberch,ryan_gravenberch,0.11,90,1,RDM,0.11 90' RDM,https://playerstats.football/premier-league/liverpool/xg
2,1480645,19427220,2025/2026,25/26 09 May,2026-05-09,1,Premier League,h,Home,Chelsea,1-1,h 1-1,5270462,R. Gravenberch,Ryan Gravenberch,ryan_gravenberch,0.04,90,1,RDM,0.04 90' RDM,https://playerstats.football/premier-league/liverpool/xg
1,1487202,19427227,2025/2026,25/26 15 May,2026-05-15,1,Premier League,a,Away,Aston Villa,4-2,a 4-2,5270462,R. Gravenberch,Ryan Gravenberch,ryan_gravenberch,0.04,66,1,RDM,0.04 66' 0.05 +0.01 F. Wirtz RDM,https://playerstats.football/premier-league/liverpool/xg
56,1193039,19464492,2025/2026,25/26 10 Aug,2025-08-10,7,Community Shield,a,Away,Crystal Palace,2-2,a 2-2 P,37721333,R. Ngumoha,Rio Ngumoha,rio_ngumoha,0.0,0,0,,,https://playerstats.football/premier-league/liverpool/xg
55,1378727,19427455,2025/2026,25/26 15 Aug,2025-08-15,1,Premier League,h,Home,AFC Bournemouth,4-2,h 4-2,37721333,R. Ngumoha,Rio Ngumoha,rio_ngumoha,0.0,0,0,,,https://playerstats.football/premier-league/liverpool/xg
54,1378725,19427473,2025/2026,25/26 25 Aug,2025-08-25,1,Premier League,a,Away,Newcastle United,2-3,a 2-3,37721333,R. Ngumoha,Rio Ngumoha,rio_ngumoha,0.23,8,1,,0.23 8',https://playerstats.football/premier-league/liverpool/xg
53,1378820,19427479,2025/2026,25/26 31 Aug,2025-08-31,1,Premier League,h,Home,Arsenal,1-0,h 1-0,37721333,R. Ngumoha,Rio Ngumoha,rio_ngumoha,0.0,0,0,,,https://playerstats.football/premier-league/liverpool/xg
52,1378793,19427488,2025/2026,25/26 14 Sep,2025-09-14,1,Premier League,a,Away,Burnley,0-1,a 0-1,37721333,R. Ngumoha,Rio Ngumoha,rio_ngumoha,0.0,3,1,,3',https://playerstats.football/premier-league/liverpool/xg
51,1397014,19568539,2025/2026,25/26 17 Sep,2025-09-17,5,Champions League,h,Home,Atlético Madrid,3-2,h 3-2,37721333,R. Ngumoha,Rio Ngumoha,rio_ngumoha,0.0,16,1,,16',https://playerstats.football/premier-league/liverpool/xg
50,1379121,19427500,2025/2026,25/26 20 Sep,2025-09-20,1,Premier League,h,Home,Everton,2-1,h 2-1,37721333,R. Ngumoha,Rio Ngumoha,rio_ngumoha,0.0,0,0,,,https://playerstats.football/premier-league/liverpool/xg
49,1218466,19572904,2025/2026,25/26 23 Sep,2025-09-23,8,Carabao Cup,h,Home,Southampton,2-1,h 2-1,37721333,R. Ngumoha,Rio Ngumoha,rio_ngumoha,0.0,75,1,LAM,75' LAM,https://playerstats.football/premier-league/liverpool/xg
48,1379139,19427508,2025/2026,25/26 27 Sep,2025-09-27,1,Premier League,a,Away,Crystal Palace,2-1,a 2-1,37721333,R. Ngumoha,Rio Ngumoha,rio_ngumoha,0.0,6,1,,6',https://playerstats.football/premier-league/liverpool/xg
47,1396787,19568522,2025/2026,25/26 30 Sep,2025-09-30,5,Champions League,a,Away,Galatasaray,1-0,a 1-0,37721333,R. Ngumoha,Rio Ngumoha,rio_ngumoha,0.0,0,0,,,https://playerstats.football/premier-league/liverpool/xg
46,1378908,19427519,2025/2026,25/26 04 Oct,2025-10-04,1,Premier League,a,Away,Chelsea,2-1,a 2-1,37721333,R. Ngumoha,Rio Ngumoha,rio_ngumoha,0.0,0,0,,,https://playerstats.football/premier-league/liverpool/xg
45,1378881,19427529,2025/2026,25/26 19 Oct,2025-10-19,1,Premier League,h,Home,Manchester United,1-2,h 1-2,37721333,R. Ngumoha,Rio Ngumoha,rio_ngumoha,0.0,0,0,,,https://playerstats.football/premier-league/liverpool/xg
44,1397134,19568510,2025/2026,25/26 22 Oct,2025-10-22,5,Champions League,a,Away,Eintracht Frankfurt,1-5,a 1-5,37721333,R. Ngumoha,Rio Ngumoha,rio_ngumoha,0.0,0,0,,,https://playerstats.football/premier-league/liverpool/xg
43,1378639,19427539,2025/2026,25/26 25 Oct,2025-10-25,1,Premier League,a,Away,Brentford,3-2,a 3-2,37721333,R. Ngumoha,Rio Ngumoha,rio_ngumoha,0.0,20,1,,20',https://playerstats.football/premier-league/liverpool/xg
42,1290118,19585905,2025/2026,25/26 29 Oct,2025-10-29,8,Carabao Cup,h,Home,Crystal Palace,0-3,h 0-3,37721333,R. Ngumoha,Rio Ngumoha,rio_ngumoha,0.1,86,1,LM,0.10 86' LM,https://playerstats.football/premier-league/liverpool/xg
41,1378744,19427550,2025/2026,25/26 01 Nov,2025-11-01,1,Premier League,h,Home,Aston Villa,2-0,h 2-0,37721333,R. Ngumoha,Rio Ngumoha,rio_ngumoha,0.0,0,0,,,https://playerstats.football/premier-league/liverpool/xg
40,1397140,19568538,2025/2026,25/26 04 Nov,2025-11-04,5,Champions League,h,Home,Real Madrid,1-0,h 1-0,37721333,R. Ngumoha,Rio Ngumoha,rio_ngumoha,0.0,0,0,,,https://playerstats.football/premier-league/liverpool/xg
39,1378930,19427561,2025/2026,25/26 09 Nov,2025-11-09,1,Premier League,a,Away,Manchester City,3-0,a 3-0,37721333,R. Ngumoha,Rio Ngumoha,rio_ngumoha,0.0,0,0,,,https://playerstats.football/premier-league/liverpool/xg
38,1378974,19427572,2025/2026,25/26 22 Nov,2025-11-22,1,Premier League,h,Home,Nottingham Forest,0-3,h 0-3,37721333,R. Ngumoha,Rio Ngumoha,rio_ngumoha,0.0,12,1,,12',https://playerstats.football/premier-league/liverpool/xg
37,1396979,19568540,2025/2026,25/26 26 Nov,2025-11-26,5,Champions League,h,Home,PSV,1-4,h 1-4,37721333,R. Ngumoha,Rio Ngumoha,rio_ngumoha,0.0,0,0,,,https://playerstats.football/premier-league/liverpool/xg
36,1378854,19427585,2025/2026,25/26 30 Nov,2025-11-30,1,Premier League,a,Away,West Ham United,0-2,a 0-2,37721333,R. Ngumoha,Rio Ngumoha,rio_ngumoha,0.0,0,0,,,https://playerstats.football/premier-league/liverpool/xg
35,1378637,19427592,2025/2026,25/26 03 Dec,2025-12-03,1,Premier League,h,Home,Sunderland,1-1,h 1-1,37721333,R. Ngumoha,Rio Ngumoha,rio_ngumoha,0.0,0,0,,,https://playerstats.football/premier-league/liverpool/xg
34,1378928,19427601,2025/2026,25/26 06 Dec,2025-12-06,1,Premier League,a,Away,Leeds United,3-3,a 3-3,37721333,R. Ngumoha,Rio Ngumoha,rio_ngumoha,0.0,0,0,,,https://playerstats.football/premier-league/liverpool/xg
33,1396884,19568526,2025/2026,25/26 09 Dec,2025-12-09,5,Champions League,a,Away,Inter,0-1,a 0-1,37721333,R. Ngumoha,Rio Ngumoha,rio_ngumoha,0.0,0,0,,,https://playerstats.football/premier-league/liverpool/xg
32,1378936,19427611,2025/2026,25/26 13 Dec,2025-12-13,1,Premier League,h,Home,Brighton & Hove Albion,2-0,h 2-0,37721333,R. Ngumoha,Rio Ngumoha,rio_ngumoha,0.0,0,0,,,https://playerstats.football/premier-league/liverpool/xg
31,1378949,19427624,2025/2026,25/26 20 Dec,2025-12-20,1,Premier League,a,Away,Tottenham Hotspur,1-2,a 1-2,37721333,R. Ngumoha,Rio Ngumoha,rio_ngumoha,0.0,0,0,,,https://playerstats.football/premier-league/liverpool/xg
30,1379105,19427631,2025/2026,25/26 27 Dec,2025-12-27,1,Premier League,h,Home,Wolverhampton Wanderers,2-1,h 2-1,37721333,R. Ngumoha,Rio Ngumoha,rio_ngumoha,0.0,0,0,,,https://playerstats.football/premier-league/liverpool/xg
29,1378612,19427641,2025/2026,25/26 01 Jan,2026-01-01,1,Premier League,h,Home,Leeds United,0-0,h 0-0,37721333,R. Ngumoha,Rio Ngumoha,rio_ngumoha,0.0,6,1,,6',https://playerstats.football/premier-league/liverpool/xg
28,1379083,19427650,2025/2026,25/26 04 Jan,2026-01-04,1,Premier League,a,Away,Fulham,2-2,a 2-2,37721333,R. Ngumoha,Rio Ngumoha,rio_ngumoha,0.0,0,0,,,https://playerstats.football/premier-league/liverpool/xg
27,1378873,19427656,2025/2026,25/26 08 Jan,2026-01-08,1,Premier League,a,Away,Arsenal,0-0,a 0-0,37721333,R. Ngumoha,Rio Ngumoha,rio_ngumoha,0.0,0,0,,,https://playerstats.football/premier-league/liverpool/xg
26,1344436,19615693,2025/2026,25/26 12 Jan,2026-01-12,300,FA Cup,h,Home,Barnsley,4-1,h 4-1,37721333,R. Ngumoha,Rio Ngumoha,rio_ngumoha,0.06,73,1,LAM,0.06 73' LAM,https://playerstats.football/premier-league/liverpool/xg
25,1378764,19427670,2025/2026,25/26 17 Jan,2026-01-17,1,Premier League,h,Home,Burnley,1-1,h 1-1,37721333,R. Ngumoha,Rio Ngumoha,rio_ngumoha,0.0,12,1,,12',https://playerstats.football/premier-league/liverpool/xg
24,1397227,19568558,2025/2026,25/26 21 Jan,2026-01-21,5,Champions League,a,Away,Olympique Marseille,0-3,a 0-3,37721333,R. Ngumoha,Rio Ngumoha,rio_ngumoha,0.0,0,0,,,https://playerstats.football/premier-league/liverpool/xg
23,1378641,19427677,2025/2026,25/26 24 Jan,2026-01-24,1,Premier League,a,Away,AFC Bournemouth,3-2,a 3-2,37721333,R. Ngumoha,Rio Ngumoha,rio_ngumoha,0.0,16,1,,16',https://playerstats.football/premier-league/liverpool/xg
22,1396913,19568541,2025/2026,25/26 28 Jan,2026-01-28,5,Champions League,h,Home,Qarabağ,6-0,h 6-0,37721333,R. Ngumoha,Rio Ngumoha,rio_ngumoha,0.15,23,1,,0.15 23',https://playerstats.football/premier-league/liverpool/xg
21,1378995,19427690,2025/2026,25/26 31 Jan,2026-01-31,1,Premier League,h,Home,Newcastle United,4-1,h 4-1,37721333,R. Ngumoha,Rio Ngumoha,rio_ngumoha,0.0,0,0,,,https://playerstats.football/premier-league/liverpool/xg
20,1378700,19427702,2025/2026,25/26 08 Feb,2026-02-08,1,Premier League,h,Home,Manchester City,1-2,h 1-2,37721333,R. Ngumoha,Rio Ngumoha,rio_ngumoha,0.0,0,0,,,https://playerstats.football/premier-league/liverpool/xg
19,1378607,19427713,2025/2026,25/26 11 Feb,2026-02-11,1,Premier League,a,Away,Sunderland,0-1,a 0-1,37721333,R. Ngumoha,Rio Ngumoha,rio_ngumoha,0.0,0,0,,,https://playerstats.football/premier-league/liverpool/xg
18,1374766,19645325,2025/2026,25/26 14 Feb,2026-02-14,300,FA Cup,h,Home,Brighton & Hove Albion,3-0,h 3-0,37721333,R. Ngumoha,Rio Ngumoha,rio_ngumoha,0.0,13,1,,13',https://playerstats.football/premier-league/liverpool/xg
17,1398004,19427151,2025/2026,25/26 22 Feb,2026-02-22,1,Premier League,a,Away,Nottingham Forest,0-1,a 0-1,37721333,R. Ngumoha,Rio Ngumoha,rio_ngumoha,0.0,13,1,,13',https://playerstats.football/premier-league/liverpool/xg
16,1405260,19427161,2025/2026,25/26 28 Feb,2026-02-28,1,Premier League,h,Home,West Ham United,5-2,h 5-2,37721333,R. Ngumoha,Rio Ngumoha,rio_ngumoha,0.09,14,1,,0.09 14',https://playerstats.football/premier-league/liverpool/xg
15,1407609,19427174,2025/2026,25/26 03 Mar,2026-03-03,1,Premier League,a,Away,Wolverhampton Wanderers,2-1,a 2-1,37721333,R. Ngumoha,Rio Ngumoha,rio_ngumoha,0.1,25,1,,0.10 25',https://playerstats.football/premier-league/liverpool/xg
14,1413001,19676918,2025/2026,25/26 06 Mar,2026-03-06,300,FA Cup,a,Away,Wolverhampton Wanderers,1-3,a 1-3,37721333,R. Ngumoha,Rio Ngumoha,rio_ngumoha,0.33,69,1,LAM,0.33 69' 0.4 +0.07 F. Wirtz LAM,https://playerstats.football/premier-league/liverpool/xg
13,1415031,19662568,2025/2026,25/26 10 Mar,2026-03-10,5,Champions League,a,Away,Galatasaray,1-0,a 1-0,37721333,R. Ngumoha,Rio Ngumoha,rio_ngumoha,0.0,0,0,,,https://playerstats.football/premier-league/liverpool/xg
12,1422066,19427180,2025/2026,25/26 15 Mar,2026-03-15,1,Premier League,h,Home,Tottenham Hotspur,1-1,h 1-1,37721333,R. Ngumoha,Rio Ngumoha,rio_ngumoha,0.26,64,1,LAM,0.26 64' 0.78 +0.52 H. Ekitiké LAM,https://playerstats.football/premier-league/liverpool/xg
11,1426145,19662560,2025/2026,25/26 18 Mar,2026-03-18,5,Champions League,h,Home,Galatasaray,4-0,h 4-0,37721333,R. Ngumoha,Rio Ngumoha,rio_ngumoha,0.0,1,1,,1',https://playerstats.football/premier-league/liverpool/xg
10,1429079,19427187,2025/2026,25/26 21 Mar,2026-03-21,1,Premier League,a,Away,Brighton & Hove Albion,2-1,a 2-1,37721333,R. Ngumoha,Rio Ngumoha,rio_ngumoha,0.0,27,1,,27',https://playerstats.football/premier-league/liverpool/xg
9,1443072,19687560,2025/2026,25/26 04 Apr,2026-04-04,300,FA Cup,a,Away,Manchester City,4-0,a 4-0,37721333,R. Ngumoha,Rio Ngumoha,rio_ngumoha,0.0,22,1,,22',https://playerstats.football/premier-league/liverpool/xg
8,1447863,19683236,2025/2026,25/26 08 Apr,2026-04-08,5,Champions League,a,Away,Paris Saint Germain,2-0,a 2-0,37721333,R. Ngumoha,Rio Ngumoha,rio_ngumoha,0.0,0,0,,,https://playerstats.football/premier-league/liverpool/xg
7,1451031,19427197,2025/2026,25/26 11 Apr,2026-04-11,1,Premier League,h,Home,Fulham,2-0,h 2-0,37721333,R. Ngumoha,Rio Ngumoha,rio_ngumoha,0.16,69,1,LAM,0.16 69' LAM,https://playerstats.football/premier-league/liverpool/xg
6,1452845,19683229,2025/2026,25/26 14 Apr,2026-04-14,5,Champions League,h,Home,Paris Saint Germain,0-2,h 0-2,37721333,R. Ngumoha,Rio Ngumoha,rio_ngumoha,0.31,23,1,,0.31 23',https://playerstats.football/premier-league/liverpool/xg
5,1458937,19427732,2025/2026,25/26 19 Apr,2026-04-19,1,Premier League,a,Away,Everton,1-2,a 1-2,37721333,R. Ngumoha,Rio Ngumoha,rio_ngumoha,0.1,18,1,,0.10 18',https://playerstats.football/premier-league/liverpool/xg
4,1466441,19427201,2025/2026,25/26 25 Apr,2026-04-25,1,Premier League,h,Home,Crystal Palace,3-1,h 3-1,37721333,R. Ngumoha,Rio Ngumoha,rio_ngumoha,0.0,0,0,,,https://playerstats.football/premier-league/liverpool/xg
3,1475068,19427213,2025/2026,25/26 03 May,2026-05-03,1,Premier League,a,Away,Manchester United,3-2,a 3-2,37721333,R. Ngumoha,Rio Ngumoha,rio_ngumoha,0.08,15,1,,0.08 15',https://playerstats.football/premier-league/liverpool/xg
2,1480645,19427220,2025/2026,25/26 09 May,2026-05-09,1,Premier League,h,Home,Chelsea,1-1,h 1-1,37721333,R. Ngumoha,Rio Ngumoha,rio_ngumoha,0.0,67,1,LAM,67' LAM,https://playerstats.football/premier-league/liverpool/xg
1,1487202,19427227,2025/2026,25/26 15 May,2026-05-15,1,Premier League,a,Away,Aston Villa,4-2,a 4-2,37721333,R. Ngumoha,Rio Ngumoha,rio_ngumoha,0.15,90,1,LAM,0.15 90' LAM,https://playerstats.football/premier-league/liverpool/xg
56,1193039,19464492,2025/2026,25/26 10 Aug,2025-08-10,7,Community Shield,a,Away,Crystal Palace,2-2,a 2-2 P,37599265,T. Kone Doherty,Trent Kone-Doherty,trent_kone_doherty,0.0,0,0,,,https://playerstats.football/premier-league/liverpool/xg
55,1378727,19427455,2025/2026,25/26 15 Aug,2025-08-15,1,Premier League,h,Home,AFC Bournemouth,4-2,h 4-2,37599265,T. Kone Doherty,Trent Kone-Doherty,trent_kone_doherty,0.0,0,0,,,https://playerstats.football/premier-league/liverpool/xg
54,1378725,19427473,2025/2026,25/26 25 Aug,2025-08-25,1,Premier League,a,Away,Newcastle United,2-3,a 2-3,37599265,T. Kone Doherty,Trent Kone-Doherty,trent_kone_doherty,0.0,0,0,,,https://playerstats.football/premier-league/liverpool/xg
53,1378820,19427479,2025/2026,25/26 31 Aug,2025-08-31,1,Premier League,h,Home,Arsenal,1-0,h 1-0,37599265,T. Kone Doherty,Trent Kone-Doherty,trent_kone_doherty,0.0,0,0,,,https://playerstats.football/premier-league/liverpool/xg
52,1378793,19427488,2025/2026,25/26 14 Sep,2025-09-14,1,Premier League,a,Away,Burnley,0-1,a 0-1,37599265,T. Kone Doherty,Trent Kone-Doherty,trent_kone_doherty,0.0,0,0,,,https://playerstats.football/premier-league/liverpool/xg
51,1397014,19568539,2025/2026,25/26 17 Sep,2025-09-17,5,Champions League,h,Home,Atlético Madrid,3-2,h 3-2,37599265,T. Kone Doherty,Trent Kone-Doherty,trent_kone_doherty,0.0,0,0,,,https://playerstats.football/premier-league/liverpool/xg
50,1379121,19427500,2025/2026,25/26 20 Sep,2025-09-20,1,Premier League,h,Home,Everton,2-1,h 2-1,37599265,T. Kone Doherty,Trent Kone-Doherty,trent_kone_doherty,0.0,0,0,,,https://playerstats.football/premier-league/liverpool/xg
49,1218466,19572904,2025/2026,25/26 23 Sep,2025-09-23,8,Carabao Cup,h,Home,Southampton,2-1,h 2-1,37599265,T. Kone Doherty,Trent Kone-Doherty,trent_kone_doherty,0.0,0,0,,,https://playerstats.football/premier-league/liverpool/xg
48,1379139,19427508,2025/2026,25/26 27 Sep,2025-09-27,1,Premier League,a,Away,Crystal Palace,2-1,a 2-1,37599265,T. Kone Doherty,Trent Kone-Doherty,trent_kone_doherty,0.0,0,0,,,https://playerstats.football/premier-league/liverpool/xg
47,1396787,19568522,2025/2026,25/26 30 Sep,2025-09-30,5,Champions League,a,Away,Galatasaray,1-0,a 1-0,37599265,T. Kone Doherty,Trent Kone-Doherty,trent_kone_doherty,0.0,0,0,,,https://playerstats.football/premier-league/liverpool/xg
46,1378908,19427519,2025/2026,25/26 04 Oct,2025-10-04,1,Premier League,a,Away,Chelsea,2-1,a 2-1,37599265,T. Kone Doherty,Trent Kone-Doherty,trent_kone_doherty,0.0,0,0,,,https://playerstats.football/premier-league/liverpool/xg
45,1378881,19427529,2025/2026,25/26 19 Oct,2025-10-19,1,Premier League,h,Home,Manchester United,1-2,h 1-2,37599265,T. Kone Doherty,Trent Kone-Doherty,trent_kone_doherty,0.0,0,0,,,https://playerstats.football/premier-league/liverpool/xg
44,1397134,19568510,2025/2026,25/26 22 Oct,2025-10-22,5,Champions League,a,Away,Eintracht Frankfurt,1-5,a 1-5,37599265,T. Kone Doherty,Trent Kone-Doherty,trent_kone_doherty,0.0,0,0,,,https://playerstats.football/premier-league/liverpool/xg
43,1378639,19427539,2025/2026,25/26 25 Oct,2025-10-25,1,Premier League,a,Away,Brentford,3-2,a 3-2,37599265,T. Kone Doherty,Trent Kone-Doherty,trent_kone_doherty,0.0,0,0,,,https://playerstats.football/premier-league/liverpool/xg
42,1290118,19585905,2025/2026,25/26 29 Oct,2025-10-29,8,Carabao Cup,h,Home,Crystal Palace,0-3,h 0-3,37599265,T. Kone Doherty,Trent Kone-Doherty,trent_kone_doherty,0.0,4,1,,4',https://playerstats.football/premier-league/liverpool/xg
41,1378744,19427550,2025/2026,25/26 01 Nov,2025-11-01,1,Premier League,h,Home,Aston Villa,2-0,h 2-0,37599265,T. Kone Doherty,Trent Kone-Doherty,trent_kone_doherty,0.0,0,0,,,https://playerstats.football/premier-league/liverpool/xg
40,1397140,19568538,2025/2026,25/26 04 Nov,2025-11-04,5,Champions League,h,Home,Real Madrid,1-0,h 1-0,37599265,T. Kone Doherty,Trent Kone-Doherty,trent_kone_doherty,0.0,0,0,,,https://playerstats.football/premier-league/liverpool/xg
39,1378930,19427561,2025/2026,25/26 09 Nov,2025-11-09,1,Premier League,a,Away,Manchester City,3-0,a 3-0,37599265,T. Kone Doherty,Trent Kone-Doherty,trent_kone_doherty,0.0,0,0,,,https://playerstats.football/premier-league/liverpool/xg
38,1378974,19427572,2025/2026,25/26 22 Nov,2025-11-22,1,Premier League,h,Home,Nottingham Forest,0-3,h 0-3,37599265,T. Kone Doherty,Trent Kone-Doherty,trent_kone_doherty,0.0,0,0,,,https://playerstats.football/premier-league/liverpool/xg
37,1396979,19568540,2025/2026,25/26 26 Nov,2025-11-26,5,Champions League,h,Home,PSV,1-4,h 1-4,37599265,T. Kone Doherty,Trent Kone-Doherty,trent_kone_doherty,0.0,0,0,,,https://playerstats.football/premier-league/liverpool/xg
36,1378854,19427585,2025/2026,25/26 30 Nov,2025-11-30,1,Premier League,a,Away,West Ham United,0-2,a 0-2,37599265,T. Kone Doherty,Trent Kone-Doherty,trent_kone_doherty,0.0,0,0,,,https://playerstats.football/premier-league/liverpool/xg
35,1378637,19427592,2025/2026,25/26 03 Dec,2025-12-03,1,Premier League,h,Home,Sunderland,1-1,h 1-1,37599265,T. Kone Doherty,Trent Kone-Doherty,trent_kone_doherty,0.0,0,0,,,https://playerstats.football/premier-league/liverpool/xg
34,1378928,19427601,2025/2026,25/26 06 Dec,2025-12-06,1,Premier League,a,Away,Leeds United,3-3,a 3-3,37599265,T. Kone Doherty,Trent Kone-Doherty,trent_kone_doherty,0.0,0,0,,,https://playerstats.football/premier-league/liverpool/xg
33,1396884,19568526,2025/2026,25/26 09 Dec,2025-12-09,5,Champions League,a,Away,Inter,0-1,a 0-1,37599265,T. Kone Doherty,Trent Kone-Doherty,trent_kone_doherty,0.0,0,0,,,https://playerstats.football/premier-league/liverpool/xg
32,1378936,19427611,2025/2026,25/26 13 Dec,2025-12-13,1,Premier League,h,Home,Brighton & Hove Albion,2-0,h 2-0,37599265,T. Kone Doherty,Trent Kone-Doherty,trent_kone_doherty,0.0,0,0,,,https://playerstats.football/premier-league/liverpool/xg
31,1378949,19427624,2025/2026,25/26 20 Dec,2025-12-20,1,Premier League,a,Away,Tottenham Hotspur,1-2,a 1-2,37599265,T. Kone Doherty,Trent Kone-Doherty,trent_kone_doherty,0.0,0,0,,,https://playerstats.football/premier-league/liverpool/xg
30,1379105,19427631,2025/2026,25/26 27 Dec,2025-12-27,1,Premier League,h,Home,Wolverhampton Wanderers,2-1,h 2-1,37599265,T. Kone Doherty,Trent Kone-Doherty,trent_kone_doherty,0.0,0,0,,,https://playerstats.football/premier-league/liverpool/xg
29,1378612,19427641,2025/2026,25/26 01 Jan,2026-01-01,1,Premier League,h,Home,Leeds United,0-0,h 0-0,37599265,T. Kone Doherty,Trent Kone-Doherty,trent_kone_doherty,0.0,0,0,,,https://playerstats.football/premier-league/liverpool/xg
28,1379083,19427650,2025/2026,25/26 04 Jan,2026-01-04,1,Premier League,a,Away,Fulham,2-2,a 2-2,37599265,T. Kone Doherty,Trent Kone-Doherty,trent_kone_doherty,0.0,0,0,,,https://playerstats.football/premier-league/liverpool/xg
27,1378873,19427656,2025/2026,25/26 08 Jan,2026-01-08,1,Premier League,a,Away,Arsenal,0-0,a 0-0,37599265,T. Kone Doherty,Trent Kone-Doherty,trent_kone_doherty,0.0,0,0,,,https://playerstats.football/premier-league/liverpool/xg
26,1344436,19615693,2025/2026,25/26 12 Jan,2026-01-12,300,FA Cup,h,Home,Barnsley,4-1,h 4-1,37599265,T. Kone Doherty,Trent Kone-Doherty,trent_kone_doherty,0.0,0,0,,,https://playerstats.football/premier-league/liverpool/xg
25,1378764,19427670,2025/2026,25/26 17 Jan,2026-01-17,1,Premier League,h,Home,Burnley,1-1,h 1-1,37599265,T. Kone Doherty,Trent Kone-Doherty,trent_kone_doherty,0.0,0,0,,,https://playerstats.football/premier-league/liverpool/xg
24,1397227,19568558,2025/2026,25/26 21 Jan,2026-01-21,5,Champions League,a,Away,Olympique Marseille,0-3,a 0-3,37599265,T. Kone Doherty,Trent Kone-Doherty,trent_kone_doherty,0.0,0,0,,,https://playerstats.football/premier-league/liverpool/xg
23,1378641,19427677,2025/2026,25/26 24 Jan,2026-01-24,1,Premier League,a,Away,AFC Bournemouth,3-2,a 3-2,37599265,T. Kone Doherty,Trent Kone-Doherty,trent_kone_doherty,0.0,0,0,,,https://playerstats.football/premier-league/liverpool/xg
22,1396913,19568541,2025/2026,25/26 28 Jan,2026-01-28,5,Champions League,h,Home,Qarabağ,6-0,h 6-0,37599265,T. Kone Doherty,Trent Kone-Doherty,trent_kone_doherty,0.0,0,0,,,https://playerstats.football/premier-league/liverpool/xg
21,1378995,19427690,2025/2026,25/26 31 Jan,2026-01-31,1,Premier League,h,Home,Newcastle United,4-1,h 4-1,37599265,T. Kone Doherty,Trent Kone-Doherty,trent_kone_doherty,0.0,0,0,,,https://playerstats.football/premier-league/liverpool/xg
20,1378700,19427702,2025/2026,25/26 08 Feb,2026-02-08,1,Premier League,h,Home,Manchester City,1-2,h 1-2,37599265,T. Kone Doherty,Trent Kone-Doherty,trent_kone_doherty,0.0,0,0,,,https://playerstats.football/premier-league/liverpool/xg
19,1378607,19427713,2025/2026,25/26 11 Feb,2026-02-11,1,Premier League,a,Away,Sunderland,0-1,a 0-1,37599265,T. Kone Doherty,Trent Kone-Doherty,trent_kone_doherty,0.0,0,0,,,https://playerstats.football/premier-league/liverpool/xg
18,1374766,19645325,2025/2026,25/26 14 Feb,2026-02-14,300,FA Cup,h,Home,Brighton & Hove Albion,3-0,h 3-0,37599265,T. Kone Doherty,Trent Kone-Doherty,trent_kone_doherty,0.0,0,0,,,https://playerstats.football/premier-league/liverpool/xg
17,1398004,19427151,2025/2026,25/26 22 Feb,2026-02-22,1,Premier League,a,Away,Nottingham Forest,0-1,a 0-1,37599265,T. Kone Doherty,Trent Kone-Doherty,trent_kone_doherty,0.0,0,0,,,https://playerstats.football/premier-league/liverpool/xg
16,1405260,19427161,2025/2026,25/26 28 Feb,2026-02-28,1,Premier League,h,Home,West Ham United,5-2,h 5-2,37599265,T. Kone Doherty,Trent Kone-Doherty,trent_kone_doherty,0.0,0,0,,,https://playerstats.football/premier-league/liverpool/xg
15,1407609,19427174,2025/2026,25/26 03 Mar,2026-03-03,1,Premier League,a,Away,Wolverhampton Wanderers,2-1,a 2-1,37599265,T. Kone Doherty,Trent Kone-Doherty,trent_kone_doherty,0.0,0,0,,,https://playerstats.football/premier-league/liverpool/xg
14,1413001,19676918,2025/2026,25/26 06 Mar,2026-03-06,300,FA Cup,a,Away,Wolverhampton Wanderers,1-3,a 1-3,37599265,T. Kone Doherty,Trent Kone-Doherty,trent_kone_doherty,0.0,0,0,,,https://playerstats.football/premier-league/liverpool/xg
13,1415031,19662568,2025/2026,25/26 10 Mar,2026-03-10,5,Champions League,a,Away,Galatasaray,1-0,a 1-0,37599265,T. Kone Doherty,Trent Kone-Doherty,trent_kone_doherty,0.0,0,0,,,https://playerstats.football/premier-league/liverpool/xg
12,1422066,19427180,2025/2026,25/26 15 Mar,2026-03-15,1,Premier League,h,Home,Tottenham Hotspur,1-1,h 1-1,37599265,T. Kone Doherty,Trent Kone-Doherty,trent_kone_doherty,0.0,0,0,,,https://playerstats.football/premier-league/liverpool/xg
11,1426145,19662560,2025/2026,25/26 18 Mar,2026-03-18,5,Champions League,h,Home,Galatasaray,4-0,h 4-0,37599265,T. Kone Doherty,Trent Kone-Doherty,trent_kone_doherty,0.0,0,0,,,https://playerstats.football/premier-league/liverpool/xg
10,1429079,19427187,2025/2026,25/26 21 Mar,2026-03-21,1,Premier League,a,Away,Brighton & Hove Albion,2-1,a 2-1,37599265,T. Kone Doherty,Trent Kone-Doherty,trent_kone_doherty,0.0,0,0,,,https://playerstats.football/premier-league/liverpool/xg
9,1443072,19687560,2025/2026,25/26 04 Apr,2026-04-04,300,FA Cup,a,Away,Manchester City,4-0,a 4-0,37599265,T. Kone Doherty,Trent Kone-Doherty,trent_kone_doherty,0.0,0,0,,,https://playerstats.football/premier-league/liverpool/xg
8,1447863,19683236,2025/2026,25/26 08 Apr,2026-04-08,5,Champions League,a,Away,Paris Saint Germain,2-0,a 2-0,37599265,T. Kone Doherty,Trent Kone-Doherty,trent_kone_doherty,0.0,0,0,,,https://playerstats.football/premier-league/liverpool/xg
7,1451031,19427197,2025/2026,25/26 11 Apr,2026-04-11,1,Premier League,h,Home,Fulham,2-0,h 2-0,37599265,T. Kone Doherty,Trent Kone-Doherty,trent_kone_doherty,0.0,0,0,,,https://playerstats.football/premier-league/liverpool/xg
6,1452845,19683229,2025/2026,25/26 14 Apr,2026-04-14,5,Champions League,h,Home,Paris Saint Germain,0-2,h 0-2,37599265,T. Kone Doherty,Trent Kone-Doherty,trent_kone_doherty,0.0,0,0,,,https://playerstats.football/premier-league/liverpool/xg
5,1458937,19427732,2025/2026,25/26 19 Apr,2026-04-19,1,Premier League,a,Away,Everton,1-2,a 1-2,37599265,T. Kone Doherty,Trent Kone-Doherty,trent_kone_doherty,0.0,0,0,,,https://playerstats.football/premier-league/liverpool/xg
4,1466441,19427201,2025/2026,25/26 25 Apr,2026-04-25,1,Premier League,h,Home,Crystal Palace,3-1,h 3-1,37599265,T. Kone Doherty,Trent Kone-Doherty,trent_kone_doherty,0.0,0,0,,,https://playerstats.football/premier-league/liverpool/xg
3,1475068,19427213,2025/2026,25/26 03 May,2026-05-03,1,Premier League,a,Away,Manchester United,3-2,a 3-2,37599265,T. Kone Doherty,Trent Kone-Doherty,trent_kone_doherty,0.0,0,0,,,https://playerstats.football/premier-league/liverpool/xg
2,1480645,19427220,2025/2026,25/26 09 May,2026-05-09,1,Premier League,h,Home,Chelsea,1-1,h 1-1,37599265,T. Kone Doherty,Trent Kone-Doherty,trent_kone_doherty,0.0,0,0,,,https://playerstats.football/premier-league/liverpool/xg
1,1487202,19427227,2025/2026,25/26 15 May,2026-05-15,1,Premier League,a,Away,Aston Villa,4-2,a 4-2,37599265,T. Kone Doherty,Trent Kone-Doherty,trent_kone_doherty,0.0,0,0,,,https://playerstats.football/premier-league/liverpool/xg
56,1193039,19464492,2025/2026,25/26 10 Aug,2025-08-10,7,Community Shield,a,Away,Crystal Palace,2-2,a 2-2 P,37669492,T. Nyoni,Trey Nyoni,trey_nyoni,0.0,0,0,,,https://playerstats.football/premier-league/liverpool/xg
55,1378727,19427455,2025/2026,25/26 15 Aug,2025-08-15,1,Premier League,h,Home,AFC Bournemouth,4-2,h 4-2,37669492,T. Nyoni,Trey Nyoni,trey_nyoni,0.0,0,0,,,https://playerstats.football/premier-league/liverpool/xg
54,1378725,19427473,2025/2026,25/26 25 Aug,2025-08-25,1,Premier League,a,Away,Newcastle United,2-3,a 2-3,37669492,T. Nyoni,Trey Nyoni,trey_nyoni,0.0,0,0,,,https://playerstats.football/premier-league/liverpool/xg
53,1378820,19427479,2025/2026,25/26 31 Aug,2025-08-31,1,Premier League,h,Home,Arsenal,1-0,h 1-0,37669492,T. Nyoni,Trey Nyoni,trey_nyoni,0.0,0,0,,,https://playerstats.football/premier-league/liverpool/xg
52,1378793,19427488,2025/2026,25/26 14 Sep,2025-09-14,1,Premier League,a,Away,Burnley,0-1,a 0-1,37669492,T. Nyoni,Trey Nyoni,trey_nyoni,0.0,0,0,,,https://playerstats.football/premier-league/liverpool/xg
51,1397014,19568539,2025/2026,25/26 17 Sep,2025-09-17,5,Champions League,h,Home,Atlético Madrid,3-2,h 3-2,37669492,T. Nyoni,Trey Nyoni,trey_nyoni,0.0,0,0,,,https://playerstats.football/premier-league/liverpool/xg
50,1379121,19427500,2025/2026,25/26 20 Sep,2025-09-20,1,Premier League,h,Home,Everton,2-1,h 2-1,37669492,T. Nyoni,Trey Nyoni,trey_nyoni,0.0,0,0,,,https://playerstats.football/premier-league/liverpool/xg
49,1218466,19572904,2025/2026,25/26 23 Sep,2025-09-23,8,Carabao Cup,h,Home,Southampton,2-1,h 2-1,37669492,T. Nyoni,Trey Nyoni,trey_nyoni,0.05,90,1,CAM,0.05 90' CAM,https://playerstats.football/premier-league/liverpool/xg
48,1379139,19427508,2025/2026,25/26 27 Sep,2025-09-27,1,Premier League,a,Away,Crystal Palace,2-1,a 2-1,37669492,T. Nyoni,Trey Nyoni,trey_nyoni,0.0,0,0,,,https://playerstats.football/premier-league/liverpool/xg
47,1396787,19568522,2025/2026,25/26 30 Sep,2025-09-30,5,Champions League,a,Away,Galatasaray,1-0,a 1-0,37669492,T. Nyoni,Trey Nyoni,trey_nyoni,0.0,0,0,,,https://playerstats.football/premier-league/liverpool/xg
46,1378908,19427519,2025/2026,25/26 04 Oct,2025-10-04,1,Premier League,a,Away,Chelsea,2-1,a 2-1,37669492,T. Nyoni,Trey Nyoni,trey_nyoni,0.0,0,0,,,https://playerstats.football/premier-league/liverpool/xg
45,1378881,19427529,2025/2026,25/26 19 Oct,2025-10-19,1,Premier League,h,Home,Manchester United,1-2,h 1-2,37669492,T. Nyoni,Trey Nyoni,trey_nyoni,0.0,0,0,,,https://playerstats.football/premier-league/liverpool/xg
44,1397134,19568510,2025/2026,25/26 22 Oct,2025-10-22,5,Champions League,a,Away,Eintracht Frankfurt,1-5,a 1-5,37669492,T. Nyoni,Trey Nyoni,trey_nyoni,0.0,0,0,,,https://playerstats.football/premier-league/liverpool/xg
43,1378639,19427539,2025/2026,25/26 25 Oct,2025-10-25,1,Premier League,a,Away,Brentford,3-2,a 3-2,37669492,T. Nyoni,Trey Nyoni,trey_nyoni,0.0,0,0,,,https://playerstats.football/premier-league/liverpool/xg
42,1290118,19585905,2025/2026,25/26 29 Oct,2025-10-29,8,Carabao Cup,h,Home,Crystal Palace,0-3,h 0-3,37669492,T. Nyoni,Trey Nyoni,trey_nyoni,0.0,90,1,RCM,90' RCM,https://playerstats.football/premier-league/liverpool/xg
41,1378744,19427550,2025/2026,25/26 01 Nov,2025-11-01,1,Premier League,h,Home,Aston Villa,2-0,h 2-0,37669492,T. Nyoni,Trey Nyoni,trey_nyoni,0.0,0,0,,,https://playerstats.football/premier-league/liverpool/xg
40,1397140,19568538,2025/2026,25/26 04 Nov,2025-11-04,5,Champions League,h,Home,Real Madrid,1-0,h 1-0,37669492,T. Nyoni,Trey Nyoni,trey_nyoni,0.0,0,0,,,https://playerstats.football/premier-league/liverpool/xg
39,1378930,19427561,2025/2026,25/26 09 Nov,2025-11-09,1,Premier League,a,Away,Manchester City,3-0,a 3-0,37669492,T. Nyoni,Trey Nyoni,trey_nyoni,0.0,0,0,,,https://playerstats.football/premier-league/liverpool/xg
38,1378974,19427572,2025/2026,25/26 22 Nov,2025-11-22,1,Premier League,h,Home,Nottingham Forest,0-3,h 0-3,37669492,T. Nyoni,Trey Nyoni,trey_nyoni,0.0,0,0,,,https://playerstats.football/premier-league/liverpool/xg
37,1396979,19568540,2025/2026,25/26 26 Nov,2025-11-26,5,Champions League,h,Home,PSV,1-4,h 1-4,37669492,T. Nyoni,Trey Nyoni,trey_nyoni,0.0,0,0,,,https://playerstats.football/premier-league/liverpool/xg
36,1378854,19427585,2025/2026,25/26 30 Nov,2025-11-30,1,Premier League,a,Away,West Ham United,0-2,a 0-2,37669492,T. Nyoni,Trey Nyoni,trey_nyoni,0.0,0,0,,,https://playerstats.football/premier-league/liverpool/xg
35,1378637,19427592,2025/2026,25/26 03 Dec,2025-12-03,1,Premier League,h,Home,Sunderland,1-1,h 1-1,37669492,T. Nyoni,Trey Nyoni,trey_nyoni,0.0,0,0,,,https://playerstats.football/premier-league/liverpool/xg
34,1378928,19427601,2025/2026,25/26 06 Dec,2025-12-06,1,Premier League,a,Away,Leeds United,3-3,a 3-3,37669492,T. Nyoni,Trey Nyoni,trey_nyoni,0.0,0,0,,,https://playerstats.football/premier-league/liverpool/xg
33,1396884,19568526,2025/2026,25/26 09 Dec,2025-12-09,5,Champions League,a,Away,Inter,0-1,a 0-1,37669492,T. Nyoni,Trey Nyoni,trey_nyoni,0.0,0,0,,,https://playerstats.football/premier-league/liverpool/xg
32,1378936,19427611,2025/2026,25/26 13 Dec,2025-12-13,1,Premier League,h,Home,Brighton & Hove Albion,2-0,h 2-0,37669492,T. Nyoni,Trey Nyoni,trey_nyoni,0.0,0,0,,,https://playerstats.football/premier-league/liverpool/xg
31,1378949,19427624,2025/2026,25/26 20 Dec,2025-12-20,1,Premier League,a,Away,Tottenham Hotspur,1-2,a 1-2,37669492,T. Nyoni,Trey Nyoni,trey_nyoni,0.0,1,1,,1',https://playerstats.football/premier-league/liverpool/xg
30,1379105,19427631,2025/2026,25/26 27 Dec,2025-12-27,1,Premier League,h,Home,Wolverhampton Wanderers,2-1,h 2-1,37669492,T. Nyoni,Trey Nyoni,trey_nyoni,0.0,1,1,,1',https://playerstats.football/premier-league/liverpool/xg
29,1378612,19427641,2025/2026,25/26 01 Jan,2026-01-01,1,Premier League,h,Home,Leeds United,0-0,h 0-0,37669492,T. Nyoni,Trey Nyoni,trey_nyoni,0.0,0,0,,,https://playerstats.football/premier-league/liverpool/xg
28,1379083,19427650,2025/2026,25/26 04 Jan,2026-01-04,1,Premier League,a,Away,Fulham,2-2,a 2-2,37669492,T. Nyoni,Trey Nyoni,trey_nyoni,0.0,0,0,,,https://playerstats.football/premier-league/liverpool/xg
27,1378873,19427656,2025/2026,25/26 08 Jan,2026-01-08,1,Premier League,a,Away,Arsenal,0-0,a 0-0,37669492,T. Nyoni,Trey Nyoni,trey_nyoni,0.0,0,0,,,https://playerstats.football/premier-league/liverpool/xg
26,1344436,19615693,2025/2026,25/26 12 Jan,2026-01-12,300,FA Cup,h,Home,Barnsley,4-1,h 4-1,37669492,T. Nyoni,Trey Nyoni,trey_nyoni,0.0,2,1,,2',https://playerstats.football/premier-league/liverpool/xg
25,1378764,19427670,2025/2026,25/26 17 Jan,2026-01-17,1,Premier League,h,Home,Burnley,1-1,h 1-1,37669492,T. Nyoni,Trey Nyoni,trey_nyoni,0.0,0,0,,,https://playerstats.football/premier-league/liverpool/xg
24,1397227,19568558,2025/2026,25/26 21 Jan,2026-01-21,5,Champions League,a,Away,Olympique Marseille,0-3,a 0-3,37669492,T. Nyoni,Trey Nyoni,trey_nyoni,0.0,0,0,,,https://playerstats.football/premier-league/liverpool/xg
23,1378641,19427677,2025/2026,25/26 24 Jan,2026-01-24,1,Premier League,a,Away,AFC Bournemouth,3-2,a 3-2,37669492,T. Nyoni,Trey Nyoni,trey_nyoni,0.0,0,0,,,https://playerstats.football/premier-league/liverpool/xg
22,1396913,19568541,2025/2026,25/26 28 Jan,2026-01-28,5,Champions League,h,Home,Qarabağ,6-0,h 6-0,37669492,T. Nyoni,Trey Nyoni,trey_nyoni,0.0,23,1,,23',https://playerstats.football/premier-league/liverpool/xg
21,1378995,19427690,2025/2026,25/26 31 Jan,2026-01-31,1,Premier League,h,Home,Newcastle United,4-1,h 4-1,37669492,T. Nyoni,Trey Nyoni,trey_nyoni,0.0,0,0,,,https://playerstats.football/premier-league/liverpool/xg
20,1378700,19427702,2025/2026,25/26 08 Feb,2026-02-08,1,Premier League,h,Home,Manchester City,1-2,h 1-2,37669492,T. Nyoni,Trey Nyoni,trey_nyoni,0.0,0,0,,,https://playerstats.football/premier-league/liverpool/xg
19,1378607,19427713,2025/2026,25/26 11 Feb,2026-02-11,1,Premier League,a,Away,Sunderland,0-1,a 0-1,37669492,T. Nyoni,Trey Nyoni,trey_nyoni,0.0,0,0,,,https://playerstats.football/premier-league/liverpool/xg
18,1374766,19645325,2025/2026,25/26 14 Feb,2026-02-14,300,FA Cup,h,Home,Brighton & Hove Albion,3-0,h 3-0,37669492,T. Nyoni,Trey Nyoni,trey_nyoni,0.0,1,1,,1',https://playerstats.football/premier-league/liverpool/xg
17,1398004,19427151,2025/2026,25/26 22 Feb,2026-02-22,1,Premier League,a,Away,Nottingham Forest,0-1,a 0-1,37669492,T. Nyoni,Trey Nyoni,trey_nyoni,0.0,0,0,,,https://playerstats.football/premier-league/liverpool/xg
16,1405260,19427161,2025/2026,25/26 28 Feb,2026-02-28,1,Premier League,h,Home,West Ham United,5-2,h 5-2,37669492,T. Nyoni,Trey Nyoni,trey_nyoni,0.21,4,1,,0.21 4',https://playerstats.football/premier-league/liverpool/xg
15,1407609,19427174,2025/2026,25/26 03 Mar,2026-03-03,1,Premier League,a,Away,Wolverhampton Wanderers,2-1,a 2-1,37669492,T. Nyoni,Trey Nyoni,trey_nyoni,0.0,0,0,,,https://playerstats.football/premier-league/liverpool/xg
14,1413001,19676918,2025/2026,25/26 06 Mar,2026-03-06,300,FA Cup,a,Away,Wolverhampton Wanderers,1-3,a 1-3,37669492,T. Nyoni,Trey Nyoni,trey_nyoni,0.0,8,1,,8',https://playerstats.football/premier-league/liverpool/xg
13,1415031,19662568,2025/2026,25/26 10 Mar,2026-03-10,5,Champions League,a,Away,Galatasaray,1-0,a 1-0,37669492,T. Nyoni,Trey Nyoni,trey_nyoni,0.0,0,0,,,https://playerstats.football/premier-league/liverpool/xg
12,1422066,19427180,2025/2026,25/26 15 Mar,2026-03-15,1,Premier League,h,Home,Tottenham Hotspur,1-1,h 1-1,37669492,T. Nyoni,Trey Nyoni,trey_nyoni,0.0,7,1,,7',https://playerstats.football/premier-league/liverpool/xg
11,1426145,19662560,2025/2026,25/26 18 Mar,2026-03-18,5,Champions League,h,Home,Galatasaray,4-0,h 4-0,37669492,T. Nyoni,Trey Nyoni,trey_nyoni,0.0,1,1,,1',https://playerstats.football/premier-league/liverpool/xg
10,1429079,19427187,2025/2026,25/26 21 Mar,2026-03-21,1,Premier League,a,Away,Brighton & Hove Albion,2-1,a 2-1,37669492,T. Nyoni,Trey Nyoni,trey_nyoni,0.0,0,0,,,https://playerstats.football/premier-league/liverpool/xg
9,1443072,19687560,2025/2026,25/26 04 Apr,2026-04-04,300,FA Cup,a,Away,Manchester City,4-0,a 4-0,37669492,T. Nyoni,Trey Nyoni,trey_nyoni,0.0,0,0,,,https://playerstats.football/premier-league/liverpool/xg
8,1447863,19683236,2025/2026,25/26 08 Apr,2026-04-08,5,Champions League,a,Away,Paris Saint Germain,2-0,a 2-0,37669492,T. Nyoni,Trey Nyoni,trey_nyoni,0.0,1,1,,1',https://playerstats.football/premier-league/liverpool/xg
7,1451031,19427197,2025/2026,25/26 11 Apr,2026-04-11,1,Premier League,h,Home,Fulham,2-0,h 2-0,37669492,T. Nyoni,Trey Nyoni,trey_nyoni,0.0,1,1,,1',https://playerstats.football/premier-league/liverpool/xg
6,1452845,19683229,2025/2026,25/26 14 Apr,2026-04-14,5,Champions League,h,Home,Paris Saint Germain,0-2,h 0-2,37669492,T. Nyoni,Trey Nyoni,trey_nyoni,0.0,0,0,,,https://playerstats.football/premier-league/liverpool/xg
5,1458937,19427732,2025/2026,25/26 19 Apr,2026-04-19,1,Premier League,a,Away,Everton,1-2,a 1-2,37669492,T. Nyoni,Trey Nyoni,trey_nyoni,0.0,0,0,,,https://playerstats.football/premier-league/liverpool/xg
4,1466441,19427201,2025/2026,25/26 25 Apr,2026-04-25,1,Premier League,h,Home,Crystal Palace,3-1,h 3-1,37669492,T. Nyoni,Trey Nyoni,trey_nyoni,0.0,0,0,,,https://playerstats.football/premier-league/liverpool/xg
3,1475068,19427213,2025/2026,25/26 03 May,2026-05-03,1,Premier League,a,Away,Manchester United,3-2,a 3-2,37669492,T. Nyoni,Trey Nyoni,trey_nyoni,0.0,0,0,,,https://playerstats.football/premier-league/liverpool/xg
2,1480645,19427220,2025/2026,25/26 09 May,2026-05-09,1,Premier League,h,Home,Chelsea,1-1,h 1-1,37669492,T. Nyoni,Trey Nyoni,trey_nyoni,0.0,0,0,,,https://playerstats.football/premier-league/liverpool/xg
1,1487202,19427227,2025/2026,25/26 15 May,2026-05-15,1,Premier League,a,Away,Aston Villa,4-2,a 4-2,37669492,T. Nyoni,Trey Nyoni,trey_nyoni,0.0,0,0,,,https://playerstats.football/premier-league/liverpool/xg
56,1193039,19464492,2025/2026,25/26 10 Aug,2025-08-10,7,Community Shield,a,Away,Crystal Palace,2-2,a 2-2 P,1743,V. van Dijk,Virgil van Dijk,virgil_van_dijk,0.0,120,1,LCB,120' LCB,https://playerstats.football/premier-league/liverpool/xg
55,1378727,19427455,2025/2026,25/26 15 Aug,2025-08-15,1,Premier League,h,Home,AFC Bournemouth,4-2,h 4-2,1743,V. van Dijk,Virgil van Dijk,virgil_van_dijk,0.12,90,1,LCB,0.12 90' LCB,https://playerstats.football/premier-league/liverpool/xg
54,1378725,19427473,2025/2026,25/26 25 Aug,2025-08-25,1,Premier League,a,Away,Newcastle United,2-3,a 2-3,1743,V. van Dijk,Virgil van Dijk,virgil_van_dijk,0.0,90,1,LCB,90' LCB,https://playerstats.football/premier-league/liverpool/xg
53,1378820,19427479,2025/2026,25/26 31 Aug,2025-08-31,1,Premier League,h,Home,Arsenal,1-0,h 1-0,1743,V. van Dijk,Virgil van Dijk,virgil_van_dijk,0.0,90,1,LCB,90' LCB,https://playerstats.football/premier-league/liverpool/xg
52,1378793,19427488,2025/2026,25/26 14 Sep,2025-09-14,1,Premier League,a,Away,Burnley,0-1,a 0-1,1743,V. van Dijk,Virgil van Dijk,virgil_van_dijk,0.0,90,1,LCB,90' LCB,https://playerstats.football/premier-league/liverpool/xg
51,1397014,19568539,2025/2026,25/26 17 Sep,2025-09-17,5,Champions League,h,Home,Atlético Madrid,3-2,h 3-2,1743,V. van Dijk,Virgil van Dijk,virgil_van_dijk,0.09,90,1,LCB,0.09 90' LCB,https://playerstats.football/premier-league/liverpool/xg
50,1379121,19427500,2025/2026,25/26 20 Sep,2025-09-20,1,Premier League,h,Home,Everton,2-1,h 2-1,1743,V. van Dijk,Virgil van Dijk,virgil_van_dijk,0.0,90,1,LCB,90' LCB,https://playerstats.football/premier-league/liverpool/xg
49,1218466,19572904,2025/2026,25/26 23 Sep,2025-09-23,8,Carabao Cup,h,Home,Southampton,2-1,h 2-1,1743,V. van Dijk,Virgil van Dijk,virgil_van_dijk,0.0,0,0,,,https://playerstats.football/premier-league/liverpool/xg
48,1379139,19427508,2025/2026,25/26 27 Sep,2025-09-27,1,Premier League,a,Away,Crystal Palace,2-1,a 2-1,1743,V. van Dijk,Virgil van Dijk,virgil_van_dijk,0.0,90,1,LCB,90' LCB,https://playerstats.football/premier-league/liverpool/xg
47,1396787,19568522,2025/2026,25/26 30 Sep,2025-09-30,5,Champions League,a,Away,Galatasaray,1-0,a 1-0,1743,V. van Dijk,Virgil van Dijk,virgil_van_dijk,0.0,90,1,LCB,90' LCB,https://playerstats.football/premier-league/liverpool/xg
46,1378908,19427519,2025/2026,25/26 04 Oct,2025-10-04,1,Premier League,a,Away,Chelsea,2-1,a 2-1,1743,V. van Dijk,Virgil van Dijk,virgil_van_dijk,0.0,90,1,LCB,90' LCB,https://playerstats.football/premier-league/liverpool/xg
45,1378881,19427529,2025/2026,25/26 19 Oct,2025-10-19,1,Premier League,h,Home,Manchester United,1-2,h 1-2,1743,V. van Dijk,Virgil van Dijk,virgil_van_dijk,0.08,90,1,LCB,0.08 90' LCB,https://playerstats.football/premier-league/liverpool/xg
44,1397134,19568510,2025/2026,25/26 22 Oct,2025-10-22,5,Champions League,a,Away,Eintracht Frankfurt,1-5,a 1-5,1743,V. van Dijk,Virgil van Dijk,virgil_van_dijk,0.25,90,1,LCB,0.25 90' LCB,https://playerstats.football/premier-league/liverpool/xg
43,1378639,19427539,2025/2026,25/26 25 Oct,2025-10-25,1,Premier League,a,Away,Brentford,3-2,a 3-2,1743,V. van Dijk,Virgil van Dijk,virgil_van_dijk,0.0,90,1,LCB,90' LCB,https://playerstats.football/premier-league/liverpool/xg
42,1290118,19585905,2025/2026,25/26 29 Oct,2025-10-29,8,Carabao Cup,h,Home,Crystal Palace,0-3,h 0-3,1743,V. van Dijk,Virgil van Dijk,virgil_van_dijk,0.0,0,0,,,https://playerstats.football/premier-league/liverpool/xg
41,1378744,19427550,2025/2026,25/26 01 Nov,2025-11-01,1,Premier League,h,Home,Aston Villa,2-0,h 2-0,1743,V. van Dijk,Virgil van Dijk,virgil_van_dijk,0.0,90,1,LCB,90' LCB,https://playerstats.football/premier-league/liverpool/xg
40,1397140,19568538,2025/2026,25/26 04 Nov,2025-11-04,5,Champions League,h,Home,Real Madrid,1-0,h 1-0,1743,V. van Dijk,Virgil van Dijk,virgil_van_dijk,0.35,90,1,LCB,0.35 90' LCB,https://playerstats.football/premier-league/liverpool/xg
39,1378930,19427561,2025/2026,25/26 09 Nov,2025-11-09,1,Premier League,a,Away,Manchester City,3-0,a 3-0,1743,V. van Dijk,Virgil van Dijk,virgil_van_dijk,0.0,90,1,LCB,90' LCB,https://playerstats.football/premier-league/liverpool/xg
38,1378974,19427572,2025/2026,25/26 22 Nov,2025-11-22,1,Premier League,h,Home,Nottingham Forest,0-3,h 0-3,1743,V. van Dijk,Virgil van Dijk,virgil_van_dijk,0.03,90,1,LCB,0.03 90' LCB,https://playerstats.football/premier-league/liverpool/xg
37,1396979,19568540,2025/2026,25/26 26 Nov,2025-11-26,5,Champions League,h,Home,PSV,1-4,h 1-4,1743,V. van Dijk,Virgil van Dijk,virgil_van_dijk,0.57,90,1,LCB,0.57 90' LCB,https://playerstats.football/premier-league/liverpool/xg
36,1378854,19427585,2025/2026,25/26 30 Nov,2025-11-30,1,Premier League,a,Away,West Ham United,0-2,a 0-2,1743,V. van Dijk,Virgil van Dijk,virgil_van_dijk,0.05,90,1,LCB,0.05 90' LCB,https://playerstats.football/premier-league/liverpool/xg
35,1378637,19427592,2025/2026,25/26 03 Dec,2025-12-03,1,Premier League,h,Home,Sunderland,1-1,h 1-1,1743,V. van Dijk,Virgil van Dijk,virgil_van_dijk,0.12,90,1,LCB,0.12 90' LCB,https://playerstats.football/premier-league/liverpool/xg
34,1378928,19427601,2025/2026,25/26 06 Dec,2025-12-06,1,Premier League,a,Away,Leeds United,3-3,a 3-3,1743,V. van Dijk,Virgil van Dijk,virgil_van_dijk,0.11,90,1,LCB,0.11 90' LCB,https://playerstats.football/premier-league/liverpool/xg
33,1396884,19568526,2025/2026,25/26 09 Dec,2025-12-09,5,Champions League,a,Away,Inter,0-1,a 0-1,1743,V. van Dijk,Virgil van Dijk,virgil_van_dijk,0.04,90,1,LCB,0.04 90' LCB,https://playerstats.football/premier-league/liverpool/xg
32,1378936,19427611,2025/2026,25/26 13 Dec,2025-12-13,1,Premier League,h,Home,Brighton & Hove Albion,2-0,h 2-0,1743,V. van Dijk,Virgil van Dijk,virgil_van_dijk,0.0,90,1,LCB,90' LCB,https://playerstats.football/premier-league/liverpool/xg
31,1378949,19427624,2025/2026,25/26 20 Dec,2025-12-20,1,Premier League,a,Away,Tottenham Hotspur,1-2,a 1-2,1743,V. van Dijk,Virgil van Dijk,virgil_van_dijk,0.07,90,1,LCB,0.07 90' LCB,https://playerstats.football/premier-league/liverpool/xg
30,1379105,19427631,2025/2026,25/26 27 Dec,2025-12-27,1,Premier League,h,Home,Wolverhampton Wanderers,2-1,h 2-1,1743,V. van Dijk,Virgil van Dijk,virgil_van_dijk,0.0,90,1,LCB,90' LCB,https://playerstats.football/premier-league/liverpool/xg
29,1378612,19427641,2025/2026,25/26 01 Jan,2026-01-01,1,Premier League,h,Home,Leeds United,0-0,h 0-0,1743,V. van Dijk,Virgil van Dijk,virgil_van_dijk,0.15,90,1,LCB,0.15 90' LCB,https://playerstats.football/premier-league/liverpool/xg
28,1379083,19427650,2025/2026,25/26 04 Jan,2026-01-04,1,Premier League,a,Away,Fulham,2-2,a 2-2,1743,V. van Dijk,Virgil van Dijk,virgil_van_dijk,0.0,90,1,LCB,90' LCB,https://playerstats.football/premier-league/liverpool/xg
27,1378873,19427656,2025/2026,25/26 08 Jan,2026-01-08,1,Premier League,a,Away,Arsenal,0-0,a 0-0,1743,V. van Dijk,Virgil van Dijk,virgil_van_dijk,0.0,90,1,LCB,90' LCB,https://playerstats.football/premier-league/liverpool/xg
26,1344436,19615693,2025/2026,25/26 12 Jan,2026-01-12,300,FA Cup,h,Home,Barnsley,4-1,h 4-1,1743,V. van Dijk,Virgil van Dijk,virgil_van_dijk,0.28,90,1,LCB,0.28 90' LCB,https://playerstats.football/premier-league/liverpool/xg
25,1378764,19427670,2025/2026,25/26 17 Jan,2026-01-17,1,Premier League,h,Home,Burnley,1-1,h 1-1,1743,V. van Dijk,Virgil van Dijk,virgil_van_dijk,0.0,90,1,LCB,90' LCB,https://playerstats.football/premier-league/liverpool/xg
24,1397227,19568558,2025/2026,25/26 21 Jan,2026-01-21,5,Champions League,a,Away,Olympique Marseille,0-3,a 0-3,1743,V. van Dijk,Virgil van Dijk,virgil_van_dijk,0.0,90,1,LCB,90' LCB,https://playerstats.football/premier-league/liverpool/xg
23,1378641,19427677,2025/2026,25/26 24 Jan,2026-01-24,1,Premier League,a,Away,AFC Bournemouth,3-2,a 3-2,1743,V. van Dijk,Virgil van Dijk,virgil_van_dijk,0.18,90,1,LCB,0.18 90' LCB,https://playerstats.football/premier-league/liverpool/xg
22,1396913,19568541,2025/2026,25/26 28 Jan,2026-01-28,5,Champions League,h,Home,Qarabağ,6-0,h 6-0,1743,V. van Dijk,Virgil van Dijk,virgil_van_dijk,0.58,90,1,LCB,0.58 90' LCB,https://playerstats.football/premier-league/liverpool/xg
21,1378995,19427690,2025/2026,25/26 31 Jan,2026-01-31,1,Premier League,h,Home,Newcastle United,4-1,h 4-1,1743,V. van Dijk,Virgil van Dijk,virgil_van_dijk,0.03,90,1,LCB,0.03 90' LCB,https://playerstats.football/premier-league/liverpool/xg
20,1378700,19427702,2025/2026,25/26 08 Feb,2026-02-08,1,Premier League,h,Home,Manchester City,1-2,h 1-2,1743,V. van Dijk,Virgil van Dijk,virgil_van_dijk,0.0,90,1,LCB,90' LCB,https://playerstats.football/premier-league/liverpool/xg
19,1378607,19427713,2025/2026,25/26 11 Feb,2026-02-11,1,Premier League,a,Away,Sunderland,0-1,a 0-1,1743,V. van Dijk,Virgil van Dijk,virgil_van_dijk,1.21,90,1,LCB,1.21 90' LCB,https://playerstats.football/premier-league/liverpool/xg
18,1374766,19645325,2025/2026,25/26 14 Feb,2026-02-14,300,FA Cup,h,Home,Brighton & Hove Albion,3-0,h 3-0,1743,V. van Dijk,Virgil van Dijk,virgil_van_dijk,0.0,90,1,LCB,90' LCB,https://playerstats.football/premier-league/liverpool/xg
17,1398004,19427151,2025/2026,25/26 22 Feb,2026-02-22,1,Premier League,a,Away,Nottingham Forest,0-1,a 0-1,1743,V. van Dijk,Virgil van Dijk,virgil_van_dijk,0.38,90,1,LCB,0.38 90' LCB,https://playerstats.football/premier-league/liverpool/xg
16,1405260,19427161,2025/2026,25/26 28 Feb,2026-02-28,1,Premier League,h,Home,West Ham United,5-2,h 5-2,1743,V. van Dijk,Virgil van Dijk,virgil_van_dijk,0.36,90,1,LCB,0.36 90' LCB,https://playerstats.football/premier-league/liverpool/xg
15,1407609,19427174,2025/2026,25/26 03 Mar,2026-03-03,1,Premier League,a,Away,Wolverhampton Wanderers,2-1,a 2-1,1743,V. van Dijk,Virgil van Dijk,virgil_van_dijk,0.59,90,1,LCB,0.59 90' LCB,https://playerstats.football/premier-league/liverpool/xg
14,1413001,19676918,2025/2026,25/26 06 Mar,2026-03-06,300,FA Cup,a,Away,Wolverhampton Wanderers,1-3,a 1-3,1743,V. van Dijk,Virgil van Dijk,virgil_van_dijk,0.0,81,1,LCB,81' LCB,https://playerstats.football/premier-league/liverpool/xg
13,1415031,19662568,2025/2026,25/26 10 Mar,2026-03-10,5,Champions League,a,Away,Galatasaray,1-0,a 1-0,1743,V. van Dijk,Virgil van Dijk,virgil_van_dijk,0.0,90,1,LCB,90' LCB,https://playerstats.football/premier-league/liverpool/xg
12,1422066,19427180,2025/2026,25/26 15 Mar,2026-03-15,1,Premier League,h,Home,Tottenham Hotspur,1-1,h 1-1,1743,V. van Dijk,Virgil van Dijk,virgil_van_dijk,0.0,90,1,LCB,90' LCB,https://playerstats.football/premier-league/liverpool/xg
11,1426145,19662560,2025/2026,25/26 18 Mar,2026-03-18,5,Champions League,h,Home,Galatasaray,4-0,h 4-0,1743,V. van Dijk,Virgil van Dijk,virgil_van_dijk,0.0,90,1,LCB,90' LCB,https://playerstats.football/premier-league/liverpool/xg
10,1429079,19427187,2025/2026,25/26 21 Mar,2026-03-21,1,Premier League,a,Away,Brighton & Hove Albion,2-1,a 2-1,1743,V. van Dijk,Virgil van Dijk,virgil_van_dijk,0.0,90,1,LCB,90' LCB,https://playerstats.football/premier-league/liverpool/xg
9,1443072,19687560,2025/2026,25/26 04 Apr,2026-04-04,300,FA Cup,a,Away,Manchester City,4-0,a 4-0,1743,V. van Dijk,Virgil van Dijk,virgil_van_dijk,0.0,90,1,LCB,90' LCB,https://playerstats.football/premier-league/liverpool/xg
8,1447863,19683236,2025/2026,25/26 08 Apr,2026-04-08,5,Champions League,a,Away,Paris Saint Germain,2-0,a 2-0,1743,V. van Dijk,Virgil van Dijk,virgil_van_dijk,0.0,90,1,CB,90' CB,https://playerstats.football/premier-league/liverpool/xg
7,1451031,19427197,2025/2026,25/26 11 Apr,2026-04-11,1,Premier League,h,Home,Fulham,2-0,h 2-0,1743,V. van Dijk,Virgil van Dijk,virgil_van_dijk,0.13,90,1,LCB,0.13 90' LCB,https://playerstats.football/premier-league/liverpool/xg
6,1452845,19683229,2025/2026,25/26 14 Apr,2026-04-14,5,Champions League,h,Home,Paris Saint Germain,0-2,h 0-2,1743,V. van Dijk,Virgil van Dijk,virgil_van_dijk,0.66,90,1,LCB,0.66 90' LCB,https://playerstats.football/premier-league/liverpool/xg
5,1458937,19427732,2025/2026,25/26 19 Apr,2026-04-19,1,Premier League,a,Away,Everton,1-2,a 1-2,1743,V. van Dijk,Virgil van Dijk,virgil_van_dijk,0.25,90,1,LCB,0.25 90' LCB,https://playerstats.football/premier-league/liverpool/xg
4,1466441,19427201,2025/2026,25/26 25 Apr,2026-04-25,1,Premier League,h,Home,Crystal Palace,3-1,h 3-1,1743,V. van Dijk,Virgil van Dijk,virgil_van_dijk,0.0,90,1,LCB,90' LCB,https://playerstats.football/premier-league/liverpool/xg
3,1475068,19427213,2025/2026,25/26 03 May,2026-05-03,1,Premier League,a,Away,Manchester United,3-2,a 3-2,1743,V. van Dijk,Virgil van Dijk,virgil_van_dijk,0.03,90,1,LCB,0.03 90' LCB,https://playerstats.football/premier-league/liverpool/xg
2,1480645,19427220,2025/2026,25/26 09 May,2026-05-09,1,Premier League,h,Home,Chelsea,1-1,h 1-1,1743,V. van Dijk,Virgil van Dijk,virgil_van_dijk,0.2,90,1,LCB,0.20 90' LCB,https://playerstats.football/premier-league/liverpool/xg
1,1487202,19427227,2025/2026,25/26 15 May,2026-05-15,1,Premier League,a,Away,Aston Villa,4-2,a 4-2,1743,V. van Dijk,Virgil van Dijk,virgil_van_dijk,0.21,90,1,LCB,0.21 90' LCB,https://playerstats.football/premier-league/liverpool/xg
56,1193039,19464492,2025/2026,25/26 10 Aug,2025-08-10,7,Community Shield,a,Away,Crystal Palace,2-2,a 2-2 P,309344,W. Endo,Wataru Endo,wataru_endo,0.0,49,1,,49',https://playerstats.football/premier-league/liverpool/xg
55,1378727,19427455,2025/2026,25/26 15 Aug,2025-08-15,1,Premier League,h,Home,AFC Bournemouth,4-2,h 4-2,309344,W. Endo,Wataru Endo,wataru_endo,0.0,30,1,,30',https://playerstats.football/premier-league/liverpool/xg
54,1378725,19427473,2025/2026,25/26 25 Aug,2025-08-25,1,Premier League,a,Away,Newcastle United,2-3,a 2-3,309344,W. Endo,Wataru Endo,wataru_endo,0.0,1,1,,1',https://playerstats.football/premier-league/liverpool/xg
53,1378820,19427479,2025/2026,25/26 31 Aug,2025-08-31,1,Premier League,h,Home,Arsenal,1-0,h 1-0,309344,W. Endo,Wataru Endo,wataru_endo,0.0,1,1,,1',https://playerstats.football/premier-league/liverpool/xg
52,1378793,19427488,2025/2026,25/26 14 Sep,2025-09-14,1,Premier League,a,Away,Burnley,0-1,a 0-1,309344,W. Endo,Wataru Endo,wataru_endo,0.0,0,0,,,https://playerstats.football/premier-league/liverpool/xg
51,1397014,19568539,2025/2026,25/26 17 Sep,2025-09-17,5,Champions League,h,Home,Atlético Madrid,3-2,h 3-2,309344,W. Endo,Wataru Endo,wataru_endo,0.0,0,0,,,https://playerstats.football/premier-league/liverpool/xg
50,1379121,19427500,2025/2026,25/26 20 Sep,2025-09-20,1,Premier League,h,Home,Everton,2-1,h 2-1,309344,W. Endo,Wataru Endo,wataru_endo,0.0,0,0,,,https://playerstats.football/premier-league/liverpool/xg
49,1218466,19572904,2025/2026,25/26 23 Sep,2025-09-23,8,Carabao Cup,h,Home,Southampton,2-1,h 2-1,309344,W. Endo,Wataru Endo,wataru_endo,0.0,90,1,RDM,90' RDM,https://playerstats.football/premier-league/liverpool/xg
48,1379139,19427508,2025/2026,25/26 27 Sep,2025-09-27,1,Premier League,a,Away,Crystal Palace,2-1,a 2-1,309344,W. Endo,Wataru Endo,wataru_endo,0.0,0,0,,,https://playerstats.football/premier-league/liverpool/xg
47,1396787,19568522,2025/2026,25/26 30 Sep,2025-09-30,5,Champions League,a,Away,Galatasaray,1-0,a 1-0,309344,W. Endo,Wataru Endo,wataru_endo,0.0,0,0,,,https://playerstats.football/premier-league/liverpool/xg
46,1378908,19427519,2025/2026,25/26 04 Oct,2025-10-04,1,Premier League,a,Away,Chelsea,2-1,a 2-1,309344,W. Endo,Wataru Endo,wataru_endo,0.0,4,1,,4',https://playerstats.football/premier-league/liverpool/xg
45,1378881,19427529,2025/2026,25/26 19 Oct,2025-10-19,1,Premier League,h,Home,Manchester United,1-2,h 1-2,309344,W. Endo,Wataru Endo,wataru_endo,0.0,0,0,,,https://playerstats.football/premier-league/liverpool/xg
44,1397134,19568510,2025/2026,25/26 22 Oct,2025-10-22,5,Champions League,a,Away,Eintracht Frankfurt,1-5,a 1-5,309344,W. Endo,Wataru Endo,wataru_endo,0.0,0,0,,,https://playerstats.football/premier-league/liverpool/xg
43,1378639,19427539,2025/2026,25/26 25 Oct,2025-10-25,1,Premier League,a,Away,Brentford,3-2,a 3-2,309344,W. Endo,Wataru Endo,wataru_endo,0.0,0,0,,,https://playerstats.football/premier-league/liverpool/xg
42,1290118,19585905,2025/2026,25/26 29 Oct,2025-10-29,8,Carabao Cup,h,Home,Crystal Palace,0-3,h 0-3,309344,W. Endo,Wataru Endo,wataru_endo,0.0,90,1,RCB,90' RCB,https://playerstats.football/premier-league/liverpool/xg
41,1378744,19427550,2025/2026,25/26 01 Nov,2025-11-01,1,Premier League,h,Home,Aston Villa,2-0,h 2-0,309344,W. Endo,Wataru Endo,wataru_endo,0.0,0,0,,,https://playerstats.football/premier-league/liverpool/xg
40,1397140,19568538,2025/2026,25/26 04 Nov,2025-11-04,5,Champions League,h,Home,Real Madrid,1-0,h 1-0,309344,W. Endo,Wataru Endo,wataru_endo,0.0,0,0,,,https://playerstats.football/premier-league/liverpool/xg
39,1378930,19427561,2025/2026,25/26 09 Nov,2025-11-09,1,Premier League,a,Away,Manchester City,3-0,a 3-0,309344,W. Endo,Wataru Endo,wataru_endo,0.0,0,0,,,https://playerstats.football/premier-league/liverpool/xg
38,1378974,19427572,2025/2026,25/26 22 Nov,2025-11-22,1,Premier League,h,Home,Nottingham Forest,0-3,h 0-3,309344,W. Endo,Wataru Endo,wataru_endo,0.0,0,0,,,https://playerstats.football/premier-league/liverpool/xg
37,1396979,19568540,2025/2026,25/26 26 Nov,2025-11-26,5,Champions League,h,Home,PSV,1-4,h 1-4,309344,W. Endo,Wataru Endo,wataru_endo,0.0,0,0,,,https://playerstats.football/premier-league/liverpool/xg
36,1378854,19427585,2025/2026,25/26 30 Nov,2025-11-30,1,Premier League,a,Away,West Ham United,0-2,a 0-2,309344,W. Endo,Wataru Endo,wataru_endo,0.0,0,0,,,https://playerstats.football/premier-league/liverpool/xg
35,1378637,19427592,2025/2026,25/26 03 Dec,2025-12-03,1,Premier League,h,Home,Sunderland,1-1,h 1-1,309344,W. Endo,Wataru Endo,wataru_endo,0.0,0,0,,,https://playerstats.football/premier-league/liverpool/xg
34,1378928,19427601,2025/2026,25/26 06 Dec,2025-12-06,1,Premier League,a,Away,Leeds United,3-3,a 3-3,309344,W. Endo,Wataru Endo,wataru_endo,0.0,7,1,,7',https://playerstats.football/premier-league/liverpool/xg
33,1396884,19568526,2025/2026,25/26 09 Dec,2025-12-09,5,Champions League,a,Away,Inter,0-1,a 0-1,309344,W. Endo,Wataru Endo,wataru_endo,0.0,0,0,,,https://playerstats.football/premier-league/liverpool/xg
32,1378936,19427611,2025/2026,25/26 13 Dec,2025-12-13,1,Premier League,h,Home,Brighton & Hove Albion,2-0,h 2-0,309344,W. Endo,Wataru Endo,wataru_endo,0.0,0,0,,,https://playerstats.football/premier-league/liverpool/xg
31,1378949,19427624,2025/2026,25/26 20 Dec,2025-12-20,1,Premier League,a,Away,Tottenham Hotspur,1-2,a 1-2,309344,W. Endo,Wataru Endo,wataru_endo,0.0,0,0,,,https://playerstats.football/premier-league/liverpool/xg
30,1379105,19427631,2025/2026,25/26 27 Dec,2025-12-27,1,Premier League,h,Home,Wolverhampton Wanderers,2-1,h 2-1,309344,W. Endo,Wataru Endo,wataru_endo,0.0,0,0,,,https://playerstats.football/premier-league/liverpool/xg
29,1378612,19427641,2025/2026,25/26 01 Jan,2026-01-01,1,Premier League,h,Home,Leeds United,0-0,h 0-0,309344,W. Endo,Wataru Endo,wataru_endo,0.0,0,0,,,https://playerstats.football/premier-league/liverpool/xg
28,1379083,19427650,2025/2026,25/26 04 Jan,2026-01-04,1,Premier League,a,Away,Fulham,2-2,a 2-2,309344,W. Endo,Wataru Endo,wataru_endo,0.0,0,0,,,https://playerstats.football/premier-league/liverpool/xg
27,1378873,19427656,2025/2026,25/26 08 Jan,2026-01-08,1,Premier League,a,Away,Arsenal,0-0,a 0-0,309344,W. Endo,Wataru Endo,wataru_endo,0.0,0,0,,,https://playerstats.football/premier-league/liverpool/xg
26,1344436,19615693,2025/2026,25/26 12 Jan,2026-01-12,300,FA Cup,h,Home,Barnsley,4-1,h 4-1,309344,W. Endo,Wataru Endo,wataru_endo,0.0,0,0,,,https://playerstats.football/premier-league/liverpool/xg
25,1378764,19427670,2025/2026,25/26 17 Jan,2026-01-17,1,Premier League,h,Home,Burnley,1-1,h 1-1,309344,W. Endo,Wataru Endo,wataru_endo,0.0,0,0,,,https://playerstats.football/premier-league/liverpool/xg
24,1397227,19568558,2025/2026,25/26 21 Jan,2026-01-21,5,Champions League,a,Away,Olympique Marseille,0-3,a 0-3,309344,W. Endo,Wataru Endo,wataru_endo,0.0,0,0,,,https://playerstats.football/premier-league/liverpool/xg
23,1378641,19427677,2025/2026,25/26 24 Jan,2026-01-24,1,Premier League,a,Away,AFC Bournemouth,3-2,a 3-2,309344,W. Endo,Wataru Endo,wataru_endo,0.0,55,1,,55',https://playerstats.football/premier-league/liverpool/xg
22,1396913,19568541,2025/2026,25/26 28 Jan,2026-01-28,5,Champions League,h,Home,Qarabağ,6-0,h 6-0,309344,W. Endo,Wataru Endo,wataru_endo,0.09,86,1,,0.09 86',https://playerstats.football/premier-league/liverpool/xg
21,1378995,19427690,2025/2026,25/26 31 Jan,2026-01-31,1,Premier League,h,Home,Newcastle United,4-1,h 4-1,309344,W. Endo,Wataru Endo,wataru_endo,0.0,3,1,,3',https://playerstats.football/premier-league/liverpool/xg
20,1378700,19427702,2025/2026,25/26 08 Feb,2026-02-08,1,Premier League,h,Home,Manchester City,1-2,h 1-2,309344,W. Endo,Wataru Endo,wataru_endo,0.0,0,0,,,https://playerstats.football/premier-league/liverpool/xg
19,1378607,19427713,2025/2026,25/26 11 Feb,2026-02-11,1,Premier League,a,Away,Sunderland,0-1,a 0-1,309344,W. Endo,Wataru Endo,wataru_endo,0.08,69,1,RB,0.08 69' RB,https://playerstats.football/premier-league/liverpool/xg
18,1374766,19645325,2025/2026,25/26 14 Feb,2026-02-14,300,FA Cup,h,Home,Brighton & Hove Albion,3-0,h 3-0,309344,W. Endo,Wataru Endo,wataru_endo,0.0,0,0,,,https://playerstats.football/premier-league/liverpool/xg
17,1398004,19427151,2025/2026,25/26 22 Feb,2026-02-22,1,Premier League,a,Away,Nottingham Forest,0-1,a 0-1,309344,W. Endo,Wataru Endo,wataru_endo,0.0,0,0,,,https://playerstats.football/premier-league/liverpool/xg
16,1405260,19427161,2025/2026,25/26 28 Feb,2026-02-28,1,Premier League,h,Home,West Ham United,5-2,h 5-2,309344,W. Endo,Wataru Endo,wataru_endo,0.0,0,0,,,https://playerstats.football/premier-league/liverpool/xg
15,1407609,19427174,2025/2026,25/26 03 Mar,2026-03-03,1,Premier League,a,Away,Wolverhampton Wanderers,2-1,a 2-1,309344,W. Endo,Wataru Endo,wataru_endo,0.0,0,0,,,https://playerstats.football/premier-league/liverpool/xg
14,1413001,19676918,2025/2026,25/26 06 Mar,2026-03-06,300,FA Cup,a,Away,Wolverhampton Wanderers,1-3,a 1-3,309344,W. Endo,Wataru Endo,wataru_endo,0.0,0,0,,,https://playerstats.football/premier-league/liverpool/xg
13,1415031,19662568,2025/2026,25/26 10 Mar,2026-03-10,5,Champions League,a,Away,Galatasaray,1-0,a 1-0,309344,W. Endo,Wataru Endo,wataru_endo,0.0,0,0,,,https://playerstats.football/premier-league/liverpool/xg
12,1422066,19427180,2025/2026,25/26 15 Mar,2026-03-15,1,Premier League,h,Home,Tottenham Hotspur,1-1,h 1-1,309344,W. Endo,Wataru Endo,wataru_endo,0.0,0,0,,,https://playerstats.football/premier-league/liverpool/xg
11,1426145,19662560,2025/2026,25/26 18 Mar,2026-03-18,5,Champions League,h,Home,Galatasaray,4-0,h 4-0,309344,W. Endo,Wataru Endo,wataru_endo,0.0,0,0,,,https://playerstats.football/premier-league/liverpool/xg
10,1429079,19427187,2025/2026,25/26 21 Mar,2026-03-21,1,Premier League,a,Away,Brighton & Hove Albion,2-1,a 2-1,309344,W. Endo,Wataru Endo,wataru_endo,0.0,0,0,,,https://playerstats.football/premier-league/liverpool/xg
9,1443072,19687560,2025/2026,25/26 04 Apr,2026-04-04,300,FA Cup,a,Away,Manchester City,4-0,a 4-0,309344,W. Endo,Wataru Endo,wataru_endo,0.0,0,0,,,https://playerstats.football/premier-league/liverpool/xg
8,1447863,19683236,2025/2026,25/26 08 Apr,2026-04-08,5,Champions League,a,Away,Paris Saint Germain,2-0,a 2-0,309344,W. Endo,Wataru Endo,wataru_endo,0.0,0,0,,,https://playerstats.football/premier-league/liverpool/xg
7,1451031,19427197,2025/2026,25/26 11 Apr,2026-04-11,1,Premier League,h,Home,Fulham,2-0,h 2-0,309344,W. Endo,Wataru Endo,wataru_endo,0.0,0,0,,,https://playerstats.football/premier-league/liverpool/xg
6,1452845,19683229,2025/2026,25/26 14 Apr,2026-04-14,5,Champions League,h,Home,Paris Saint Germain,0-2,h 0-2,309344,W. Endo,Wataru Endo,wataru_endo,0.0,0,0,,,https://playerstats.football/premier-league/liverpool/xg
5,1458937,19427732,2025/2026,25/26 19 Apr,2026-04-19,1,Premier League,a,Away,Everton,1-2,a 1-2,309344,W. Endo,Wataru Endo,wataru_endo,0.0,0,0,,,https://playerstats.football/premier-league/liverpool/xg
4,1466441,19427201,2025/2026,25/26 25 Apr,2026-04-25,1,Premier League,h,Home,Crystal Palace,3-1,h 3-1,309344,W. Endo,Wataru Endo,wataru_endo,0.0,0,0,,,https://playerstats.football/premier-league/liverpool/xg
3,1475068,19427213,2025/2026,25/26 03 May,2026-05-03,1,Premier League,a,Away,Manchester United,3-2,a 3-2,309344,W. Endo,Wataru Endo,wataru_endo,0.0,0,0,,,https://playerstats.football/premier-league/liverpool/xg
2,1480645,19427220,2025/2026,25/26 09 May,2026-05-09,1,Premier League,h,Home,Chelsea,1-1,h 1-1,309344,W. Endo,Wataru Endo,wataru_endo,0.0,0,0,,,https://playerstats.football/premier-league/liverpool/xg
1,1487202,19427227,2025/2026,25/26 15 May,2026-05-15,1,Premier League,a,Away,Aston Villa,4-2,a 4-2,309344,W. Endo,Wataru Endo,wataru_endo,0.0,0,0,,,https://playerstats.football/premier-league/liverpool/xg
56,1193039,19464492,2025/2026,25/26 10 Aug,2025-08-10,7,Community Shield,a,Away,Crystal Palace,2-2,a 2-2 P,37581734,W. Lucky,Wellity Lucky,wellity_lucky,0.0,0,0,,,https://playerstats.football/premier-league/liverpool/xg
55,1378727,19427455,2025/2026,25/26 15 Aug,2025-08-15,1,Premier League,h,Home,AFC Bournemouth,4-2,h 4-2,37581734,W. Lucky,Wellity Lucky,wellity_lucky,0.0,0,0,,,https://playerstats.football/premier-league/liverpool/xg
54,1378725,19427473,2025/2026,25/26 25 Aug,2025-08-25,1,Premier League,a,Away,Newcastle United,2-3,a 2-3,37581734,W. Lucky,Wellity Lucky,wellity_lucky,0.0,0,0,,,https://playerstats.football/premier-league/liverpool/xg
53,1378820,19427479,2025/2026,25/26 31 Aug,2025-08-31,1,Premier League,h,Home,Arsenal,1-0,h 1-0,37581734,W. Lucky,Wellity Lucky,wellity_lucky,0.0,0,0,,,https://playerstats.football/premier-league/liverpool/xg
52,1378793,19427488,2025/2026,25/26 14 Sep,2025-09-14,1,Premier League,a,Away,Burnley,0-1,a 0-1,37581734,W. Lucky,Wellity Lucky,wellity_lucky,0.0,0,0,,,https://playerstats.football/premier-league/liverpool/xg
51,1397014,19568539,2025/2026,25/26 17 Sep,2025-09-17,5,Champions League,h,Home,Atlético Madrid,3-2,h 3-2,37581734,W. Lucky,Wellity Lucky,wellity_lucky,0.0,0,0,,,https://playerstats.football/premier-league/liverpool/xg
50,1379121,19427500,2025/2026,25/26 20 Sep,2025-09-20,1,Premier League,h,Home,Everton,2-1,h 2-1,37581734,W. Lucky,Wellity Lucky,wellity_lucky,0.0,0,0,,,https://playerstats.football/premier-league/liverpool/xg
49,1218466,19572904,2025/2026,25/26 23 Sep,2025-09-23,8,Carabao Cup,h,Home,Southampton,2-1,h 2-1,37581734,W. Lucky,Wellity Lucky,wellity_lucky,0.0,0,0,,,https://playerstats.football/premier-league/liverpool/xg
48,1379139,19427508,2025/2026,25/26 27 Sep,2025-09-27,1,Premier League,a,Away,Crystal Palace,2-1,a 2-1,37581734,W. Lucky,Wellity Lucky,wellity_lucky,0.0,0,0,,,https://playerstats.football/premier-league/liverpool/xg
47,1396787,19568522,2025/2026,25/26 30 Sep,2025-09-30,5,Champions League,a,Away,Galatasaray,1-0,a 1-0,37581734,W. Lucky,Wellity Lucky,wellity_lucky,0.0,0,0,,,https://playerstats.football/premier-league/liverpool/xg
46,1378908,19427519,2025/2026,25/26 04 Oct,2025-10-04,1,Premier League,a,Away,Chelsea,2-1,a 2-1,37581734,W. Lucky,Wellity Lucky,wellity_lucky,0.0,0,0,,,https://playerstats.football/premier-league/liverpool/xg
45,1378881,19427529,2025/2026,25/26 19 Oct,2025-10-19,1,Premier League,h,Home,Manchester United,1-2,h 1-2,37581734,W. Lucky,Wellity Lucky,wellity_lucky,0.0,0,0,,,https://playerstats.football/premier-league/liverpool/xg
44,1397134,19568510,2025/2026,25/26 22 Oct,2025-10-22,5,Champions League,a,Away,Eintracht Frankfurt,1-5,a 1-5,37581734,W. Lucky,Wellity Lucky,wellity_lucky,0.0,0,0,,,https://playerstats.football/premier-league/liverpool/xg
43,1378639,19427539,2025/2026,25/26 25 Oct,2025-10-25,1,Premier League,a,Away,Brentford,3-2,a 3-2,37581734,W. Lucky,Wellity Lucky,wellity_lucky,0.0,0,0,,,https://playerstats.football/premier-league/liverpool/xg
42,1290118,19585905,2025/2026,25/26 29 Oct,2025-10-29,8,Carabao Cup,h,Home,Crystal Palace,0-3,h 0-3,37581734,W. Lucky,Wellity Lucky,wellity_lucky,0.0,23,1,,23',https://playerstats.football/premier-league/liverpool/xg
41,1378744,19427550,2025/2026,25/26 01 Nov,2025-11-01,1,Premier League,h,Home,Aston Villa,2-0,h 2-0,37581734,W. Lucky,Wellity Lucky,wellity_lucky,0.0,0,0,,,https://playerstats.football/premier-league/liverpool/xg
40,1397140,19568538,2025/2026,25/26 04 Nov,2025-11-04,5,Champions League,h,Home,Real Madrid,1-0,h 1-0,37581734,W. Lucky,Wellity Lucky,wellity_lucky,0.0,0,0,,,https://playerstats.football/premier-league/liverpool/xg
39,1378930,19427561,2025/2026,25/26 09 Nov,2025-11-09,1,Premier League,a,Away,Manchester City,3-0,a 3-0,37581734,W. Lucky,Wellity Lucky,wellity_lucky,0.0,0,0,,,https://playerstats.football/premier-league/liverpool/xg
38,1378974,19427572,2025/2026,25/26 22 Nov,2025-11-22,1,Premier League,h,Home,Nottingham Forest,0-3,h 0-3,37581734,W. Lucky,Wellity Lucky,wellity_lucky,0.0,0,0,,,https://playerstats.football/premier-league/liverpool/xg
37,1396979,19568540,2025/2026,25/26 26 Nov,2025-11-26,5,Champions League,h,Home,PSV,1-4,h 1-4,37581734,W. Lucky,Wellity Lucky,wellity_lucky,0.0,0,0,,,https://playerstats.football/premier-league/liverpool/xg
36,1378854,19427585,2025/2026,25/26 30 Nov,2025-11-30,1,Premier League,a,Away,West Ham United,0-2,a 0-2,37581734,W. Lucky,Wellity Lucky,wellity_lucky,0.0,0,0,,,https://playerstats.football/premier-league/liverpool/xg
35,1378637,19427592,2025/2026,25/26 03 Dec,2025-12-03,1,Premier League,h,Home,Sunderland,1-1,h 1-1,37581734,W. Lucky,Wellity Lucky,wellity_lucky,0.0,0,0,,,https://playerstats.football/premier-league/liverpool/xg
34,1378928,19427601,2025/2026,25/26 06 Dec,2025-12-06,1,Premier League,a,Away,Leeds United,3-3,a 3-3,37581734,W. Lucky,Wellity Lucky,wellity_lucky,0.0,0,0,,,https://playerstats.football/premier-league/liverpool/xg
33,1396884,19568526,2025/2026,25/26 09 Dec,2025-12-09,5,Champions League,a,Away,Inter,0-1,a 0-1,37581734,W. Lucky,Wellity Lucky,wellity_lucky,0.0,0,0,,,https://playerstats.football/premier-league/liverpool/xg
32,1378936,19427611,2025/2026,25/26 13 Dec,2025-12-13,1,Premier League,h,Home,Brighton & Hove Albion,2-0,h 2-0,37581734,W. Lucky,Wellity Lucky,wellity_lucky,0.0,0,0,,,https://playerstats.football/premier-league/liverpool/xg
31,1378949,19427624,2025/2026,25/26 20 Dec,2025-12-20,1,Premier League,a,Away,Tottenham Hotspur,1-2,a 1-2,37581734,W. Lucky,Wellity Lucky,wellity_lucky,0.0,0,0,,,https://playerstats.football/premier-league/liverpool/xg
30,1379105,19427631,2025/2026,25/26 27 Dec,2025-12-27,1,Premier League,h,Home,Wolverhampton Wanderers,2-1,h 2-1,37581734,W. Lucky,Wellity Lucky,wellity_lucky,0.0,0,0,,,https://playerstats.football/premier-league/liverpool/xg
29,1378612,19427641,2025/2026,25/26 01 Jan,2026-01-01,1,Premier League,h,Home,Leeds United,0-0,h 0-0,37581734,W. Lucky,Wellity Lucky,wellity_lucky,0.0,0,0,,,https://playerstats.football/premier-league/liverpool/xg
28,1379083,19427650,2025/2026,25/26 04 Jan,2026-01-04,1,Premier League,a,Away,Fulham,2-2,a 2-2,37581734,W. Lucky,Wellity Lucky,wellity_lucky,0.0,0,0,,,https://playerstats.football/premier-league/liverpool/xg
27,1378873,19427656,2025/2026,25/26 08 Jan,2026-01-08,1,Premier League,a,Away,Arsenal,0-0,a 0-0,37581734,W. Lucky,Wellity Lucky,wellity_lucky,0.0,0,0,,,https://playerstats.football/premier-league/liverpool/xg
26,1344436,19615693,2025/2026,25/26 12 Jan,2026-01-12,300,FA Cup,h,Home,Barnsley,4-1,h 4-1,37581734,W. Lucky,Wellity Lucky,wellity_lucky,0.0,0,0,,,https://playerstats.football/premier-league/liverpool/xg
25,1378764,19427670,2025/2026,25/26 17 Jan,2026-01-17,1,Premier League,h,Home,Burnley,1-1,h 1-1,37581734,W. Lucky,Wellity Lucky,wellity_lucky,0.0,0,0,,,https://playerstats.football/premier-league/liverpool/xg
24,1397227,19568558,2025/2026,25/26 21 Jan,2026-01-21,5,Champions League,a,Away,Olympique Marseille,0-3,a 0-3,37581734,W. Lucky,Wellity Lucky,wellity_lucky,0.0,0,0,,,https://playerstats.football/premier-league/liverpool/xg
23,1378641,19427677,2025/2026,25/26 24 Jan,2026-01-24,1,Premier League,a,Away,AFC Bournemouth,3-2,a 3-2,37581734,W. Lucky,Wellity Lucky,wellity_lucky,0.0,0,0,,,https://playerstats.football/premier-league/liverpool/xg
22,1396913,19568541,2025/2026,25/26 28 Jan,2026-01-28,5,Champions League,h,Home,Qarabağ,6-0,h 6-0,37581734,W. Lucky,Wellity Lucky,wellity_lucky,0.0,0,0,,,https://playerstats.football/premier-league/liverpool/xg
21,1378995,19427690,2025/2026,25/26 31 Jan,2026-01-31,1,Premier League,h,Home,Newcastle United,4-1,h 4-1,37581734,W. Lucky,Wellity Lucky,wellity_lucky,0.0,0,0,,,https://playerstats.football/premier-league/liverpool/xg
20,1378700,19427702,2025/2026,25/26 08 Feb,2026-02-08,1,Premier League,h,Home,Manchester City,1-2,h 1-2,37581734,W. Lucky,Wellity Lucky,wellity_lucky,0.0,0,0,,,https://playerstats.football/premier-league/liverpool/xg
19,1378607,19427713,2025/2026,25/26 11 Feb,2026-02-11,1,Premier League,a,Away,Sunderland,0-1,a 0-1,37581734,W. Lucky,Wellity Lucky,wellity_lucky,0.0,0,0,,,https://playerstats.football/premier-league/liverpool/xg
18,1374766,19645325,2025/2026,25/26 14 Feb,2026-02-14,300,FA Cup,h,Home,Brighton & Hove Albion,3-0,h 3-0,37581734,W. Lucky,Wellity Lucky,wellity_lucky,0.0,0,0,,,https://playerstats.football/premier-league/liverpool/xg
17,1398004,19427151,2025/2026,25/26 22 Feb,2026-02-22,1,Premier League,a,Away,Nottingham Forest,0-1,a 0-1,37581734,W. Lucky,Wellity Lucky,wellity_lucky,0.0,0,0,,,https://playerstats.football/premier-league/liverpool/xg
16,1405260,19427161,2025/2026,25/26 28 Feb,2026-02-28,1,Premier League,h,Home,West Ham United,5-2,h 5-2,37581734,W. Lucky,Wellity Lucky,wellity_lucky,0.0,0,0,,,https://playerstats.football/premier-league/liverpool/xg
15,1407609,19427174,2025/2026,25/26 03 Mar,2026-03-03,1,Premier League,a,Away,Wolverhampton Wanderers,2-1,a 2-1,37581734,W. Lucky,Wellity Lucky,wellity_lucky,0.0,0,0,,,https://playerstats.football/premier-league/liverpool/xg
14,1413001,19676918,2025/2026,25/26 06 Mar,2026-03-06,300,FA Cup,a,Away,Wolverhampton Wanderers,1-3,a 1-3,37581734,W. Lucky,Wellity Lucky,wellity_lucky,0.0,0,0,,,https://playerstats.football/premier-league/liverpool/xg
13,1415031,19662568,2025/2026,25/26 10 Mar,2026-03-10,5,Champions League,a,Away,Galatasaray,1-0,a 1-0,37581734,W. Lucky,Wellity Lucky,wellity_lucky,0.0,0,0,,,https://playerstats.football/premier-league/liverpool/xg
12,1422066,19427180,2025/2026,25/26 15 Mar,2026-03-15,1,Premier League,h,Home,Tottenham Hotspur,1-1,h 1-1,37581734,W. Lucky,Wellity Lucky,wellity_lucky,0.0,0,0,,,https://playerstats.football/premier-league/liverpool/xg
11,1426145,19662560,2025/2026,25/26 18 Mar,2026-03-18,5,Champions League,h,Home,Galatasaray,4-0,h 4-0,37581734,W. Lucky,Wellity Lucky,wellity_lucky,0.0,0,0,,,https://playerstats.football/premier-league/liverpool/xg
10,1429079,19427187,2025/2026,25/26 21 Mar,2026-03-21,1,Premier League,a,Away,Brighton & Hove Albion,2-1,a 2-1,37581734,W. Lucky,Wellity Lucky,wellity_lucky,0.0,0,0,,,https://playerstats.football/premier-league/liverpool/xg
9,1443072,19687560,2025/2026,25/26 04 Apr,2026-04-04,300,FA Cup,a,Away,Manchester City,4-0,a 4-0,37581734,W. Lucky,Wellity Lucky,wellity_lucky,0.0,0,0,,,https://playerstats.football/premier-league/liverpool/xg
8,1447863,19683236,2025/2026,25/26 08 Apr,2026-04-08,5,Champions League,a,Away,Paris Saint Germain,2-0,a 2-0,37581734,W. Lucky,Wellity Lucky,wellity_lucky,0.0,0,0,,,https://playerstats.football/premier-league/liverpool/xg
7,1451031,19427197,2025/2026,25/26 11 Apr,2026-04-11,1,Premier League,h,Home,Fulham,2-0,h 2-0,37581734,W. Lucky,Wellity Lucky,wellity_lucky,0.0,0,0,,,https://playerstats.football/premier-league/liverpool/xg
6,1452845,19683229,2025/2026,25/26 14 Apr,2026-04-14,5,Champions League,h,Home,Paris Saint Germain,0-2,h 0-2,37581734,W. Lucky,Wellity Lucky,wellity_lucky,0.0,0,0,,,https://playerstats.football/premier-league/liverpool/xg
5,1458937,19427732,2025/2026,25/26 19 Apr,2026-04-19,1,Premier League,a,Away,Everton,1-2,a 1-2,37581734,W. Lucky,Wellity Lucky,wellity_lucky,0.0,0,0,,,https://playerstats.football/premier-league/liverpool/xg
4,1466441,19427201,2025/2026,25/26 25 Apr,2026-04-25,1,Premier League,h,Home,Crystal Palace,3-1,h 3-1,37581734,W. Lucky,Wellity Lucky,wellity_lucky,0.0,0,0,,,https://playerstats.football/premier-league/liverpool/xg
3,1475068,19427213,2025/2026,25/26 03 May,2026-05-03,1,Premier League,a,Away,Manchester United,3-2,a 3-2,37581734,W. Lucky,Wellity Lucky,wellity_lucky,0.0,0,0,,,https://playerstats.football/premier-league/liverpool/xg
2,1480645,19427220,2025/2026,25/26 09 May,2026-05-09,1,Premier League,h,Home,Chelsea,1-1,h 1-1,37581734,W. Lucky,Wellity Lucky,wellity_lucky,0.0,0,0,,,https://playerstats.football/premier-league/liverpool/xg
1,1487202,19427227,2025/2026,25/26 15 May,2026-05-15,1,Premier League,a,Away,Aston Villa,4-2,a 4-2,37581734,W. Lucky,Wellity Lucky,wellity_lucky,0.0,0,0,,,https://playerstats.football/premier-league/liverpool/xg
